Municipality_DOM_ID,Value_e,Value_sl,Value_sc,date,day_index,model_run,gefs_tmax,icon_tmax,multimodel_tmax,p_below_30,p_30_35,p_35_38,p_38_40,p_ge_40,dominant_category,temperature_category_sr,temperature_color,dominant_category_probability,warmest_valid_time,warmest_period_start_local,warmest_period_end_local,warmest_period_local,warmest_period_resolution_hours,models,gefs_members,icon_members,status,gefs_p_below_30,icon_p_below_30,gefs_p_30_35,icon_p_30_35,gefs_p_35_38,icon_p_35_38,gefs_p_38_40,icon_p_38_40,gefs_p_ge_40,icon_p_ge_40,admin_id,name_local,name_en
1370736,Municipality of Athens,Δήμος Αθηναίων,Δήμος Αθηναίων,2026-09-22,4,2026-09-18T00:00:00+00:00,27.5,27.8,27.6,89.6,10.4,0.0,0.0,0.0,below_30,Уобичајена температура,GREEN,89.6,2026-09-22T12:00:00+00:00,11,17,11–17 h,6,GEFS | ICON-EU EPS,31,40,EXPERIMENTAL / NOT CALIBRATED,96.8,82.5,3.2,17.5,0.0,0.0,0.0,0.0,0.0,0.0,1370736,Δήμος Αθηναίων,Municipality of Athens
1372548,Municipality of Petroupoli,Δήμος Πετρούπολης,Δήμος Πετρούπολης,2026-09-22,4,2026-09-18T00:00:00+00:00,27.5,27.8,27.6,89.6,10.4,0.0,0.0,0.0,below_30,Уобичајена температура,GREEN,89.6,2026-09-22T12:00:00+00:00,11,17,11–17 h,6,GEFS | ICON-EU EPS,31,40,EXPERIMENTAL / NOT CALIBRATED,96.8,82.5,3.2,17.5,0.0,0.0,0.0,0.0,0.0,0.0,1372548,Δήμος Πετρούπολης,Municipality of Petroupoli
1385659,Municipality of Alimos,Δήμος Αλίμου,Δήμος Αλίμου,2026-09-22,4,2026-09-18T00:00:00+00:00,27.5,26.7,27.1,97.1,2.9,0.0,0.0,0.0,below_30,Уобичајена температура,GREEN,97.1,2026-09-22T12:00:00+00:00,11,17,11–17 h,6,GEFS | ICON-EU EPS,31,40,EXPERIMENTAL / NOT CALIBRATED,96.8,97.5,3.2,2.5,0.0,0.0,0.0,0.0,0.0,0.0,1385659,Δήμος Αλίμου,Municipality of Alimos
1385823,Municipality of Marousi,Δήμος Αμαρουσίου,Δήμος Αμαρουσίου,2026-09-22,4,2026-09-18T00:00:00+00:00,27.5,26.0,26.7,95.9,4.1,0.0,0.0,0.0,below_30,Уобичајена температура,GREEN,95.9,2026-09-22T12:00:00+00:00,11,17,11–17 h,6,GEFS | ICON-EU EPS,31,40,EXPERIMENTAL / NOT CALIBRATED,96.8,95.0,3.2,5.0,0.0,0.0,0.0,0.0,0.0,0.0,1385823,Δήμος Αμαρουσίου,Municipality of Marousi
1386318,Municipality of Nea Ionia,Δήμος Νέας Ιωνίας,Δήμος Νέας Ιωνίας,2026-09-22,4,2026-09-18T00:00:00+00:00,27.5,26.0,26.7,95.9,4.1,0.0,0.0,0.0,below_30,Уобичајена температура,GREEN,95.9,2026-09-22T12:00:00+00:00,11,17,11–17 h,6,GEFS | ICON-EU EPS,31,40,EXPERIMENTAL / NOT CALIBRATED,96.8,95.0,3.2,5.0,0.0,0.0,0.0,0.0,0.0,0.0,1386318,Δήμος Νέας Ιωνίας,Municipality of Nea Ionia
1389824,Municipality of Peristeri,Δήμος Περιστερίου,Δήμος Περιστερίου,2026-09-22,4,2026-09-18T00:00:00+00:00,27.5,27.8,27.6,89.6,10.4,0.0,0.0,0.0,below_30,Уобичајена температура,GREEN,89.6,2026-09-22T12:00:00+00:00,11,17,11–17 h,6,GEFS | ICON-EU EPS,31,40,EXPERIMENTAL / NOT CALIBRATED,96.8,82.5,3.2,17.5,0.0,0.0,0.0,0.0,0.0,0.0,1389824,Δήμος Περιστερίου,Municipality of Peristeri
1391435,Municipality of Kallithea,Δήμος Καλλιθέας,Δήμος Καλλιθέας,2026-09-22,4,2026-09-18T00:00:00+00:00,27.5,27.8,27.6,89.6,10.4,0.0,0.0,0.0,below_30,Уобичајена температура,GREEN,89.6,2026-09-22T12:00:00+00:00,11,17,11–17 h,6,GEFS | ICON-EU EPS,31,40,EXPERIMENTAL / NOT CALIBRATED,96.8,82.5,3.2,17.5,0.0,0.0,0.0,0.0,0.0,0.0,1391435,Δήμος Καλλιθέας,Municipality of Kallithea
1391564,Municipality of Nea Smyrni,Δήμος Νέας Σμύρνης,Δήμος Νέας Σμύρνης,2026-09-22,4,2026-09-18T00:00:00+00:00,27.5,27.8,27.6,89.6,10.4,0.0,0.0,0.0,below_30,Уобичајена температура,GREEN,89.6,2026-09-22T12:00:00+00:00,11,17,11–17 h,6,GEFS | ICON-EU EPS,31,40,EXPERIMENTAL / NOT CALIBRATED,96.8,82.5,3.2,17.5,0.0,0.0,0.0,0.0,0.0,0.0,1391564,Δήμος Νέας Σμύρνης,Municipality of Nea Smyrni
1391619,Municipality of Chalandri,Δήμος Χαλανδρίου,Δήμος Χαλανδρίου,2026-09-22,4,2026-09-18T00:00:00+00:00,27.5,26.0,26.7,95.9,4.1,0.0,0.0,0.0,below_30,Уобичајена температура,GREEN,95.9,2026-09-22T12:00:00+00:00,11,17,11–17 h,6,GEFS | ICON-EU EPS,31,40,EXPERIMENTAL / NOT CALIBRATED,96.8,95.0,3.2,5.0,0.0,0.0,0.0,0.0,0.0,0.0,1391619,Δήμος Χαλανδρίου,Municipality of Chalandri
1392797,Municipality of Korydallos,Δήμος Κορυδαλλού,Δήμος Κορυδαλλού,2026-09-22,4,2026-09-18T00:00:00+00:00,27.5,27.8,27.6,89.6,10.4,0.0,0.0,0.0,below_30,Уобичајена температура,GREEN,89.6,2026-09-22T12:00:00+00:00,11,17,11–17 h,6,GEFS | ICON-EU EPS,31,40,EXPERIMENTAL / NOT CALIBRATED,96.8,82.5,3.2,17.5,0.0,0.0,0.0,0.0,0.0,0.0,1392797,Δήμος Κορυδαλλού,Municipality of Korydallos
1392864,Municipality of Agia Varvara,Δήμος Αγίας Βαρβάρας,Δήμος Αγίας Βαρβάρας,2026-09-22,4,2026-09-18T00:00:00+00:00,27.5,27.8,27.6,89.6,10.4,0.0,0.0,0.0,below_30,Уобичајена температура,GREEN,89.6,2026-09-22T12:00:00+00:00,11,17,11–17 h,6,GEFS | ICON-EU EPS,31,40,EXPERIMENTAL / NOT CALIBRATED,96.8,82.5,3.2,17.5,0.0,0.0,0.0,0.0,0.0,0.0,1392864,Δήμος Αγίας Βαρβάρας,Municipality of Agia Varvara
1392944,Municipality of Zografos,Δήμος Ζωγράφου,Δήμος Ζωγράφου,2026-09-22,4,2026-09-18T00:00:00+00:00,27.5,26.0,26.7,95.9,4.1,0.0,0.0,0.0,below_30,Уобичајена температура,GREEN,95.9,2026-09-22T12:00:00+00:00,11,17,11–17 h,6,GEFS | ICON-EU EPS,31,40,EXPERIMENTAL / NOT CALIBRATED,96.8,95.0,3.2,5.0,0.0,0.0,0.0,0.0,0.0,0.0,1392944,Δήμος Ζωγράφου,Municipality of Zografos
1394279,Municipality of Aigaleo,Δήμος Αιγάλεω,Δήμος Αιγάλεω,2026-09-22,4,2026-09-18T00:00:00+00:00,27.5,27.8,27.6,89.6,10.4,0.0,0.0,0.0,below_30,Уобичајена температура,GREEN,89.6,2026-09-22T12:00:00+00:00,11,17,11–17 h,6,GEFS | ICON-EU EPS,31,40,EXPERIMENTAL / NOT CALIBRATED,96.8,82.5,3.2,17.5,0.0,0.0,0.0,0.0,0.0,0.0,1394279,Δήμος Αιγάλεω,Municipality of Aigaleo
1394354,Municipality of Papagos - Cholargos,Δήμος Παπάγου - Χολαργού,Δήμος Παπάγου - Χολαργού,2026-09-22,4,2026-09-18T00:00:00+00:00,27.5,26.0,26.7,95.9,4.1,0.0,0.0,0.0,below_30,Уобичајена температура,GREEN,95.9,2026-09-22T12:00:00+00:00,11,17,11–17 h,6,GEFS | ICON-EU EPS,31,40,EXPERIMENTAL / NOT CALIBRATED,96.8,95.0,3.2,5.0,0.0,0.0,0.0,0.0,0.0,0.0,1394354,Δήμος Παπάγου - Χολαργού,Municipality of Papagos - Cholargos
1395480,Municipality of Chaidari,Δήμος Χαϊδαρίου,Δήμος Χαϊδαρίου,2026-09-22,4,2026-09-18T00:00:00+00:00,27.5,27.8,27.6,89.6,10.4,0.0,0.0,0.0,below_30,Уобичајена температура,GREEN,89.6,2026-09-22T12:00:00+00:00,11,17,11–17 h,6,GEFS | ICON-EU EPS,31,40,EXPERIMENTAL / NOT CALIBRATED,96.8,82.5,3.2,17.5,0.0,0.0,0.0,0.0,0.0,0.0,1395480,Δήμος Χαϊδαρίου,Municipality of Chaidari
1397547,Municipality of Agios Dimitrios,Δήμος Αγίου Δημητρίου,Δήμος Αγίου Δημητρίου,2026-09-22,4,2026-09-18T00:00:00+00:00,27.5,27.8,27.6,89.6,10.4,0.0,0.0,0.0,below_30,Уобичајена температура,GREEN,89.6,2026-09-22T12:00:00+00:00,11,17,11–17 h,6,GEFS | ICON-EU EPS,31,40,EXPERIMENTAL / NOT CALIBRATED,96.8,82.5,3.2,17.5,0.0,0.0,0.0,0.0,0.0,0.0,1397547,Δήμος Αγίου Δημητρίου,Municipality of Agios Dimitrios
1398461,Municipality of Perama,Δήμος Περάματος,Δήμος Περάματος,2026-09-22,4,2026-09-18T00:00:00+00:00,26.9,27.8,27.4,89.6,10.4,0.0,0.0,0.0,below_30,Уобичајена температура,GREEN,89.6,2026-09-22T12:00:00+00:00,11,17,11–17 h,6,GEFS | ICON-EU EPS,31,40,EXPERIMENTAL / NOT CALIBRATED,96.8,82.5,3.2,17.5,0.0,0.0,0.0,0.0,0.0,0.0,1398461,Δήμος Περάματος,Municipality of Perama
1398530,Municipality of Piraeus,Δήμος Πειραιώς,Δήμος Πειραιώς,2026-09-22,4,2026-09-18T00:00:00+00:00,27.5,27.8,27.6,89.6,10.4,0.0,0.0,0.0,below_30,Уобичајена температура,GREEN,89.6,2026-09-22T12:00:00+00:00,11,17,11–17 h,6,GEFS | ICON-EU EPS,31,40,EXPERIMENTAL / NOT CALIBRATED,96.8,82.5,3.2,17.5,0.0,0.0,0.0,0.0,0.0,0.0,1398530,Δήμος Πειραιώς,Municipality of Piraeus
1400008,Municipality of Palaio Faliro,Δήμος Παλαιού Φαλήρου,Δήμος Παλαιού Φαλήρου,2026-09-22,4,2026-09-18T00:00:00+00:00,27.5,26.7,27.1,97.1,2.9,0.0,0.0,0.0,below_30,Уобичајена температура,GREEN,97.1,2026-09-22T12:00:00+00:00,11,17,11–17 h,6,GEFS | ICON-EU EPS,31,40,EXPERIMENTAL / NOT CALIBRATED,96.8,97.5,3.2,2.5,0.0,0.0,0.0,0.0,0.0,0.0,1400008,Δήμος Παλαιού Φαλήρου,Municipality of Palaio Faliro
1400080,Municipality of Glyfada,Δήμος Γλυφάδας,Δήμος Γλυφάδας,2026-09-22,4,2026-09-18T00:00:00+00:00,27.5,26.6,27.0,97.1,2.9,0.0,0.0,0.0,below_30,Уобичајена температура,GREEN,97.1,2026-09-22T12:00:00+00:00,11,17,11–17 h,6,GEFS | ICON-EU EPS,31,40,EXPERIMENTAL / NOT CALIBRATED,96.8,97.5,3.2,2.5,0.0,0.0,0.0,0.0,0.0,0.0,1400080,Δήμος Γλυφάδας,Municipality of Glyfada
1400220,Municipality of Ilioupoli,Δήμος Ηλιούπολης,Δήμος Ηλιούπολης,2026-09-22,4,2026-09-18T00:00:00+00:00,27.5,27.8,27.6,89.6,10.4,0.0,0.0,0.0,below_30,Уобичајена температура,GREEN,89.6,2026-09-22T12:00:00+00:00,11,17,11–17 h,6,GEFS | ICON-EU EPS,31,40,EXPERIMENTAL / NOT CALIBRATED,96.8,82.5,3.2,17.5,0.0,0.0,0.0,0.0,0.0,0.0,1400220,Δήμος Ηλιούπολης,Municipality of Ilioupoli
1400416,Municipality of Vyronas,Δήμος Βύρωνα,Δήμος Βύρωνα,2026-09-22,4,2026-09-18T00:00:00+00:00,27.5,26.0,26.7,95.9,4.1,0.0,0.0,0.0,below_30,Уобичајена температура,GREEN,95.9,2026-09-22T12:00:00+00:00,11,17,11–17 h,6,GEFS | ICON-EU EPS,31,40,EXPERIMENTAL / NOT CALIBRATED,96.8,95.0,3.2,5.0,0.0,0.0,0.0,0.0,0.0,0.0,1400416,Δήμος Βύρωνα,Municipality of Vyronas
1400434,Municipality of Kaisariani,Δήμος Καισαριανής,Δήμος Καισαριανής,2026-09-22,4,2026-09-18T00:00:00+00:00,27.5,26.0,26.7,95.9,4.1,0.0,0.0,0.0,below_30,Уобичајена температура,GREEN,95.9,2026-09-22T12:00:00+00:00,11,17,11–17 h,6,GEFS | ICON-EU EPS,31,40,EXPERIMENTAL / NOT CALIBRATED,96.8,95.0,3.2,5.0,0.0,0.0,0.0,0.0,0.0,0.0,1400434,Δήμος Καισαριανής,Municipality of Kaisariani
1400708,Municipality of Agia Paraskevi,Δήμος Αγίας Παρασκευής,Δήμος Αγίας Παρασκευής,2026-09-22,4,2026-09-18T00:00:00+00:00,27.5,26.0,26.7,95.9,4.1,0.0,0.0,0.0,below_30,Уобичајена температура,GREEN,95.9,2026-09-22T12:00:00+00:00,11,17,11–17 h,6,GEFS | ICON-EU EPS,31,40,EXPERIMENTAL / NOT CALIBRATED,96.8,95.0,3.2,5.0,0.0,0.0,0.0,0.0,0.0,0.0,1400708,Δήμος Αγίας Παρασκευής,Municipality of Agia Paraskevi
1401607,Municipality of Galatsi,Δήμος Γαλατσίου,Δήμος Γαλατσίου,2026-09-22,4,2026-09-18T00:00:00+00:00,27.5,26.0,26.7,95.9,4.1,0.0,0.0,0.0,below_30,Уобичајена температура,GREEN,95.9,2026-09-22T12:00:00+00:00,11,17,11–17 h,6,GEFS | ICON-EU EPS,31,40,EXPERIMENTAL / NOT CALIBRATED,96.8,95.0,3.2,5.0,0.0,0.0,0.0,0.0,0.0,0.0,1401607,Δήμος Γαλατσίου,Municipality of Galatsi
1404550,Municipality of Vrilissia,Δήμος Βριλησσίων,Δήμος Βριλησσίων,2026-09-22,4,2026-09-18T00:00:00+00:00,27.5,26.0,26.7,95.9,4.1,0.0,0.0,0.0,below_30,Уобичајена температура,GREEN,95.9,2026-09-22T12:00:00+00:00,11,17,11–17 h,6,GEFS | ICON-EU EPS,31,40,EXPERIMENTAL / NOT CALIBRATED,96.8,95.0,3.2,5.0,0.0,0.0,0.0,0.0,0.0,0.0,1404550,Δήμος Βριλησσίων,Municipality of Vrilissia
1413793,Municipality of Elliniko - Argyroupoli,Δήμος Ελληνικού - Αργυρούπολης,Δήμος Ελληνικού - Αργυρούπολης,2026-09-22,4,2026-09-18T00:00:00+00:00,27.5,26.6,27.0,97.1,2.9,0.0,0.0,0.0,below_30,Уобичајена температура,GREEN,97.1,2026-09-22T12:00:00+00:00,11,17,11–17 h,6,GEFS | ICON-EU EPS,31,40,EXPERIMENTAL / NOT CALIBRATED,96.8,97.5,3.2,2.5,0.0,0.0,0.0,0.0,0.0,0.0,1413793,Δήμος Ελληνικού - Αργυρούπολης,Municipality of Elliniko - Argyroupoli
1462142,Municipality of Xiromero,Δήμος Ξηρομέρου,Δήμος Ξηρομέρου,2026-09-22,4,2026-09-18T00:00:00+00:00,24.8,26.4,25.6,100.0,0.0,0.0,0.0,0.0,below_30,Уобичајена температура,GREEN,100.0,2026-09-22T12:00:00+00:00,11,17,11–17 h,6,GEFS | ICON-EU EPS,31,40,EXPERIMENTAL / NOT CALIBRATED,100.0,100.0,0.0,0.0,0.0,0.0,0.0,0.0,0.0,0.0,1462142,Δήμος Ξηρομέρου,Municipality of Xiromero
1462720,Municipality of Mesolongi,Δήμος Ιεράς Πόλεως Μεσολογγίου,Δήμος Ιεράς Πόλεως Μεσολογγίου,2026-09-22,4,2026-09-18T00:00:00+00:00,27.5,27.9,27.7,97.1,2.9,0.0,0.0,0.0,below_30,Уобичајена температура,GREEN,97.1,2026-09-22T12:00:00+00:00,11,17,11–17 h,6,GEFS | ICON-EU EPS,31,40,EXPERIMENTAL / NOT CALIBRATED,96.8,97.5,3.2,2.5,0.0,0.0,0.0,0.0,0.0,0.0,1462720,Δήμος Ιεράς Πόλεως Μεσολογγίου,Municipality of Mesolongi
1462739,Municipality of Nafpaktia,Δήμος Ναυπακτίας,Δήμος Ναυπακτίας,2026-09-22,4,2026-09-18T00:00:00+00:00,27.9,21.4,24.6,91.9,8.1,0.0,0.0,0.0,below_30,Уобичајена температура,GREEN,91.9,2026-09-22T12:00:00+00:00,11,17,11–17 h,6,GEFS | ICON-EU EPS,31,40,EXPERIMENTAL / NOT CALIBRATED,83.9,100.0,16.1,0.0,0.0,0.0,0.0,0.0,0.0,0.0,1462739,Δήμος Ναυπακτίας,Municipality of Nafpaktia
1462915,Municipality of Thermos,Δήμος Θέρμου,Δήμος Θέρμου,2026-09-22,4,2026-09-18T00:00:00+00:00,27.9,24.4,26.2,91.9,8.1,0.0,0.0,0.0,below_30,Уобичајена температура,GREEN,91.9,2026-09-22T12:00:00+00:00,11,17,11–17 h,6,GEFS | ICON-EU EPS,31,40,EXPERIMENTAL / NOT CALIBRATED,83.9,100.0,16.1,0.0,0.0,0.0,0.0,0.0,0.0,0.0,1462915,Δήμος Θέρμου,Municipality of Thermos
1462946,Municipality of Amfilochia,Δήμος Αμφιλοχίας,Δήμος Αμφιλοχίας,2026-09-22,4,2026-09-18T00:00:00+00:00,27.9,24.5,26.2,95.2,4.8,0.0,0.0,0.0,below_30,Уобичајена температура,GREEN,95.2,2026-09-22T12:00:00+00:00,11,17,11–17 h,6,GEFS | ICON-EU EPS,31,40,EXPERIMENTAL / NOT CALIBRATED,90.3,100.0,9.7,0.0,0.0,0.0,0.0,0.0,0.0,0.0,1462946,Δήμος Αμφιλοχίας,Municipality of Amfilochia
1462957,Municipality of Aktio and Vonitsa,Δήμος Ακτίου - Βόνιτσας,Δήμος Ακτίου - Βόνιτσας,2026-09-22,4,2026-09-18T00:00:00+00:00,28.6,25.2,26.9,87.1,12.9,0.0,0.0,0.0,below_30,Уобичајена температура,GREEN,87.1,2026-09-22T12:00:00+00:00,11,17,11–17 h,6,GEFS | ICON-EU EPS,31,40,EXPERIMENTAL / NOT CALIBRATED,74.2,100.0,25.8,0.0,0.0,0.0,0.0,0.0,0.0,0.0,1462957,Δήμος Ακτίου - Βόνιτσας,Municipality of Aktio and Vonitsa
1462963,Municipality of Agrinio,Δήμος Αγρινίου,Δήμος Αγρινίου,2026-09-22,4,2026-09-18T00:00:00+00:00,28.3,27.9,28.1,80.7,19.3,0.0,0.0,0.0,below_30,Уобичајена температура,GREEN,80.7,2026-09-22T12:00:00+00:00,11,17,11–17 h,6,GEFS | ICON-EU EPS,31,40,EXPERIMENTAL / NOT CALIBRATED,83.9,77.5,16.1,22.5,0.0,0.0,0.0,0.0,0.0,0.0,1462963,Δήμος Αγρινίου,Municipality of Agrinio
1514290,Karpenisi Municipality,Δήμος Καρπενησίου,Δήμος Καρπενησίου,2026-09-22,4,2026-09-18T00:00:00+00:00,24.2,20.1,22.2,100.0,0.0,0.0,0.0,0.0,below_30,Уобичајена температура,GREEN,100.0,2026-09-22T12:00:00+00:00,11,17,11–17 h,6,GEFS | ICON-EU EPS,31,40,EXPERIMENTAL / NOT CALIBRATED,100.0,100.0,0.0,0.0,0.0,0.0,0.0,0.0,0.0,0.0,1514290,Δήμος Καρπενησίου,Karpenisi Municipality
1514296,Agrafa Municipality,Δήμος Αγράφων,Δήμος Αγράφων,2026-09-22,4,2026-09-18T00:00:00+00:00,26.5,22.5,24.5,98.4,1.6,0.0,0.0,0.0,below_30,Уобичајена температура,GREEN,98.4,2026-09-22T12:00:00+00:00,11,17,11–17 h,6,GEFS | ICON-EU EPS,31,40,EXPERIMENTAL / NOT CALIBRATED,96.8,100.0,3.2,0.0,0.0,0.0,0.0,0.0,0.0,0.0,1514296,Δήμος Αγράφων,Agrafa Municipality
1770680,Municipality of Thessaloniki,Δήμος Θεσσαλονίκης,Δήμος Θεσσαλονίκης,2026-09-22,4,2026-09-18T00:00:00+00:00,25.3,22.9,24.1,98.4,1.6,0.0,0.0,0.0,below_30,Уобичајена температура,GREEN,98.4,2026-09-22T12:00:00+00:00,11,17,11–17 h,6,GEFS | ICON-EU EPS,31,40,EXPERIMENTAL / NOT CALIBRATED,96.8,100.0,3.2,0.0,0.0,0.0,0.0,0.0,0.0,0.0,1770680,Δήμος Θεσσαλονίκης,Municipality of Thessaloniki
1844465,Municipality of Ilion,Δήμος Ιλίου,Δήμος Ιλίου,2026-09-22,4,2026-09-18T00:00:00+00:00,27.5,27.8,27.6,89.6,10.4,0.0,0.0,0.0,below_30,Уобичајена температура,GREEN,89.6,2026-09-22T12:00:00+00:00,11,17,11–17 h,6,GEFS | ICON-EU EPS,31,40,EXPERIMENTAL / NOT CALIBRATED,96.8,82.5,3.2,17.5,0.0,0.0,0.0,0.0,0.0,0.0,1844465,Δήμος Ιλίου,Municipality of Ilion
1862083,Dorida Municipality,Δήμος Δωρίδος,Δήμος Δωρίδος,2026-09-22,4,2026-09-18T00:00:00+00:00,26.1,21.5,23.8,100.0,0.0,0.0,0.0,0.0,below_30,Уобичајена температура,GREEN,100.0,2026-09-22T12:00:00+00:00,11,17,11–17 h,6,GEFS | ICON-EU EPS,31,40,EXPERIMENTAL / NOT CALIBRATED,100.0,100.0,0.0,0.0,0.0,0.0,0.0,0.0,0.0,0.0,1862083,Δήμος Δωρίδος,Dorida Municipality
1901643,Lokroi Municipality,Δήμος Λοκρών,Δήμος Λοκρών,2026-09-22,4,2026-09-18T00:00:00+00:00,25.7,23.2,24.5,98.4,1.6,0.0,0.0,0.0,below_30,Уобичајена температура,GREEN,98.4,2026-09-22T12:00:00+00:00,11,17,11–17 h,6,GEFS | ICON-EU EPS,31,40,EXPERIMENTAL / NOT CALIBRATED,96.8,100.0,3.2,0.0,0.0,0.0,0.0,0.0,0.0,0.0,1901643,Δήμος Λοκρών,Lokroi Municipality
1901661,Kamena Vourla Municipality,Δήμος Καμένων Βούρλων,Δήμος Καμένων Βούρλων,2026-09-22,4,2026-09-18T00:00:00+00:00,25.5,22.1,23.8,98.4,1.6,0.0,0.0,0.0,below_30,Уобичајена температура,GREEN,98.4,2026-09-22T12:00:00+00:00,11,17,11–17 h,6,GEFS | ICON-EU EPS,31,40,EXPERIMENTAL / NOT CALIBRATED,96.8,100.0,3.2,0.0,0.0,0.0,0.0,0.0,0.0,0.0,1901661,Δήμος Καμένων Βούρλων,Kamena Vourla Municipality
1901664,Amfikleia-Elateia Municipality,Δήμος Αμφίκλειας - Ελάτειας,Δήμος Αμφίκλειας - Ελάτειας,2026-09-22,4,2026-09-18T00:00:00+00:00,25.5,22.1,23.8,98.4,1.6,0.0,0.0,0.0,below_30,Уобичајена температура,GREEN,98.4,2026-09-22T12:00:00+00:00,11,17,11–17 h,6,GEFS | ICON-EU EPS,31,40,EXPERIMENTAL / NOT CALIBRATED,96.8,100.0,3.2,0.0,0.0,0.0,0.0,0.0,0.0,0.0,1901664,Δήμος Αμφίκλειας - Ελάτειας,Amfikleia-Elateia Municipality
1901727,Lamia Municipality,Δήμος Λαμιέων,Δήμος Λαμιέων,2026-09-22,4,2026-09-18T00:00:00+00:00,23.2,24.2,23.7,97.5,2.5,0.0,0.0,0.0,below_30,Уобичајена температура,GREEN,97.5,2026-09-22T12:00:00+00:00,11,17,11–17 h,6,GEFS | ICON-EU EPS,31,40,EXPERIMENTAL / NOT CALIBRATED,100.0,95.0,0.0,5.0,0.0,0.0,0.0,0.0,0.0,0.0,1901727,Δήμος Λαμιέων,Lamia Municipality
1901736,Makrakomi Municipality,Δήμος Μακρακώμης,Δήμος Μακρακώμης,2026-09-22,4,2026-09-18T00:00:00+00:00,23.8,21.4,22.6,100.0,0.0,0.0,0.0,0.0,below_30,Уобичајена температура,GREEN,100.0,2026-09-22T12:00:00+00:00,11,17,11–17 h,6,GEFS | ICON-EU EPS,31,40,EXPERIMENTAL / NOT CALIBRATED,100.0,100.0,0.0,0.0,0.0,0.0,0.0,0.0,0.0,0.0,1901736,Δήμος Μακρακώμης,Makrakomi Municipality
1901747,Domokos Municipality,Δήμος Δομοκού,Δήμος Δομοκού,2026-09-22,4,2026-09-18T00:00:00+00:00,26.5,22.6,24.5,96.8,3.2,0.0,0.0,0.0,below_30,Уобичајена температура,GREEN,96.8,2026-09-22T12:00:00+00:00,11,17,11–17 h,6,GEFS | ICON-EU EPS,31,40,EXPERIMENTAL / NOT CALIBRATED,93.5,100.0,6.5,0.0,0.0,0.0,0.0,0.0,0.0,0.0,1901747,Δήμος Δομοκού,Domokos Municipality
1901750,Stylida Municipality,Δήμος Στυλίδας,Δήμος Στυλίδας,2026-09-22,4,2026-09-18T00:00:00+00:00,25.9,23.0,24.5,96.8,3.2,0.0,0.0,0.0,below_30,Уобичајена температура,GREEN,96.8,2026-09-22T12:00:00+00:00,11,17,11–17 h,6,GEFS | ICON-EU EPS,31,40,EXPERIMENTAL / NOT CALIBRATED,93.5,100.0,6.5,0.0,0.0,0.0,0.0,0.0,0.0,0.0,1901750,Δήμος Στυλίδας,Stylida Municipality
1936525,Aliartos-Thespies Municipality,Δήμος Αλιάρτου – Θεσπιέων,Δήμος Αλιάρτου – Θεσπιέων,2026-09-22,4,2026-09-18T00:00:00+00:00,26.0,24.3,25.2,100.0,0.0,0.0,0.0,0.0,below_30,Уобичајена температура,GREEN,100.0,2026-09-22T12:00:00+00:00,11,17,11–17 h,6,GEFS | ICON-EU EPS,31,40,EXPERIMENTAL / NOT CALIBRATED,100.0,100.0,0.0,0.0,0.0,0.0,0.0,0.0,0.0,0.0,1936525,Δήμος Αλιάρτου – Θεσπιέων,Aliartos-Thespies Municipality
1936526,Delphi Municipality,Δήμος Δελφών,Δήμος Δελφών,2026-09-22,4,2026-09-18T00:00:00+00:00,23.9,18.5,21.2,100.0,0.0,0.0,0.0,0.0,below_30,Уобичајена температура,GREEN,100.0,2026-09-22T12:00:00+00:00,11,17,11–17 h,6,GEFS | ICON-EU EPS,31,40,EXPERIMENTAL / NOT CALIBRATED,100.0,100.0,0.0,0.0,0.0,0.0,0.0,0.0,0.0,0.0,1936526,Δήμος Δελφών,Delphi Municipality
1936527,Distomo-Arachova-Antikyra Municipality,Δήμος Διστόμου-Αράχοβας-Αντίκυρας,Δήμος Διστόμου-Αράχοβας-Αντίκυρας,2026-09-22,4,2026-09-18T00:00:00+00:00,25.0,24.0,24.5,100.0,0.0,0.0,0.0,0.0,below_30,Уобичајена температура,GREEN,100.0,2026-09-22T12:00:00+00:00,11,17,11–17 h,6,GEFS | ICON-EU EPS,31,40,EXPERIMENTAL / NOT CALIBRATED,100.0,100.0,0.0,0.0,0.0,0.0,0.0,0.0,0.0,0.0,1936527,Δήμος Διστόμου-Αράχοβας-Αντίκυρας,Distomo-Arachova-Antikyra Municipality
1936528,Municipality of Thiva,Δήμος Θηβαίων,Δήμος Θηβαίων,2026-09-22,4,2026-09-18T00:00:00+00:00,26.7,24.4,25.6,96.8,3.2,0.0,0.0,0.0,below_30,Уобичајена температура,GREEN,96.8,2026-09-22T12:00:00+00:00,11,17,11–17 h,6,GEFS | ICON-EU EPS,31,40,EXPERIMENTAL / NOT CALIBRATED,93.5,100.0,6.5,0.0,0.0,0.0,0.0,0.0,0.0,0.0,1936528,Δήμος Θηβαίων,Municipality of Thiva
1936529,Municipality of Livadia,Δήμος Λεβαδέων,Δήμος Λεβαδέων,2026-09-22,4,2026-09-18T00:00:00+00:00,25.0,23.9,24.4,100.0,0.0,0.0,0.0,0.0,below_30,Уобичајена температура,GREEN,100.0,2026-09-22T12:00:00+00:00,11,17,11–17 h,6,GEFS | ICON-EU EPS,31,40,EXPERIMENTAL / NOT CALIBRATED,100.0,100.0,0.0,0.0,0.0,0.0,0.0,0.0,0.0,0.0,1936529,Δήμος Λεβαδέων,Municipality of Livadia
1936530,Municipality of Orchomenos,Δήμος Ορχομενού,Δήμος Ορχομενού,2026-09-22,4,2026-09-18T00:00:00+00:00,25.7,24.6,25.2,98.4,1.6,0.0,0.0,0.0,below_30,Уобичајена температура,GREEN,98.4,2026-09-22T12:00:00+00:00,11,17,11–17 h,6,GEFS | ICON-EU EPS,31,40,EXPERIMENTAL / NOT CALIBRATED,96.8,100.0,3.2,0.0,0.0,0.0,0.0,0.0,0.0,0.0,1936530,Δήμος Ορχομενού,Municipality of Orchomenos
1936531,Municipality of Tanagra,Δήμος Τανάγρας,Δήμος Τανάγρας,2026-09-22,4,2026-09-18T00:00:00+00:00,26.5,23.4,25.0,96.8,3.2,0.0,0.0,0.0,below_30,Уобичајена температура,GREEN,96.8,2026-09-22T12:00:00+00:00,11,17,11–17 h,6,GEFS | ICON-EU EPS,31,40,EXPERIMENTAL / NOT CALIBRATED,93.5,100.0,6.5,0.0,0.0,0.0,0.0,0.0,0.0,0.0,1936531,Δήμος Τανάγρας,Municipality of Tanagra
2075040,Municipality of Iraklio Attikis,Δήμος Ηρακλείου Αττικής,Δήμος Ηρακλείου Αττικής,2026-09-22,4,2026-09-18T00:00:00+00:00,27.5,26.0,26.7,95.9,4.1,0.0,0.0,0.0,below_30,Уобичајена температура,GREEN,95.9,2026-09-22T12:00:00+00:00,11,17,11–17 h,6,GEFS | ICON-EU EPS,31,40,EXPERIMENTAL / NOT CALIBRATED,96.8,95.0,3.2,5.0,0.0,0.0,0.0,0.0,0.0,0.0,2075040,Δήμος Ηρακλείου Αττικής,Municipality of Iraklio Attikis
2075665,Municipality of Metamorfosi,Δήμος Μεταμορφώσεως,Δήμος Μεταμορφώσεως,2026-09-22,4,2026-09-18T00:00:00+00:00,27.5,26.0,26.7,95.9,4.1,0.0,0.0,0.0,below_30,Уобичајена температура,GREEN,95.9,2026-09-22T12:00:00+00:00,11,17,11–17 h,6,GEFS | ICON-EU EPS,31,40,EXPERIMENTAL / NOT CALIBRATED,96.8,95.0,3.2,5.0,0.0,0.0,0.0,0.0,0.0,0.0,2075665,Δήμος Μεταμορφώσεως,Municipality of Metamorfosi
2075881,Municipality of Likovrisi - Pefki,Δήμος Λυκόβρυσης - Πεύκης,Δήμος Λυκόβρυσης - Πεύκης,2026-09-22,4,2026-09-18T00:00:00+00:00,27.5,26.0,26.7,95.9,4.1,0.0,0.0,0.0,below_30,Уобичајена температура,GREEN,95.9,2026-09-22T12:00:00+00:00,11,17,11–17 h,6,GEFS | ICON-EU EPS,31,40,EXPERIMENTAL / NOT CALIBRATED,96.8,95.0,3.2,5.0,0.0,0.0,0.0,0.0,0.0,0.0,2075881,Δήμος Λυκόβρυσης - Πεύκης,Municipality of Likovrisi - Pefki
2075979,Municipality of Acharnes,Δήμος Αχαρνών,Δήμος Αχαρνών,2026-09-22,4,2026-09-18T00:00:00+00:00,27.1,23.0,25.0,96.8,3.2,0.0,0.0,0.0,below_30,Уобичајена температура,GREEN,96.8,2026-09-22T12:00:00+00:00,11,17,11–17 h,6,GEFS | ICON-EU EPS,31,40,EXPERIMENTAL / NOT CALIBRATED,93.5,100.0,6.5,0.0,0.0,0.0,0.0,0.0,0.0,0.0,2075979,Δήμος Αχαρνών,Municipality of Acharnes
2077371,Municipality of Fyli,Δήμος Φυλής,Δήμος Φυλής,2026-09-22,4,2026-09-18T00:00:00+00:00,27.5,22.9,25.2,98.4,1.6,0.0,0.0,0.0,below_30,Уобичајена температура,GREEN,98.4,2026-09-22T12:00:00+00:00,11,17,11–17 h,6,GEFS | ICON-EU EPS,31,40,EXPERIMENTAL / NOT CALIBRATED,96.8,100.0,3.2,0.0,0.0,0.0,0.0,0.0,0.0,0.0,2077371,Δήμος Φυλής,Municipality of Fyli
2077504,Municipality of Aspropyrgos,Δήμος Ασπροπύργου,Δήμος Ασπροπύργου,2026-09-22,4,2026-09-18T00:00:00+00:00,26.9,27.0,27.0,92.1,7.9,0.0,0.0,0.0,below_30,Уобичајена температура,GREEN,92.1,2026-09-22T12:00:00+00:00,11,17,11–17 h,6,GEFS | ICON-EU EPS,31,40,EXPERIMENTAL / NOT CALIBRATED,96.8,87.5,3.2,12.5,0.0,0.0,0.0,0.0,0.0,0.0,2077504,Δήμος Ασπροπύργου,Municipality of Aspropyrgos
2079232,Municipality of Elefsina,Δήμος Ελευσίνας,Δήμος Ελευσίνας,2026-09-22,4,2026-09-18T00:00:00+00:00,26.9,27.0,27.0,94.6,5.4,0.0,0.0,0.0,below_30,Уобичајена температура,GREEN,94.6,2026-09-22T12:00:00+00:00,11,17,11–17 h,6,GEFS | ICON-EU EPS,31,40,EXPERIMENTAL / NOT CALIBRATED,96.8,92.5,3.2,7.5,0.0,0.0,0.0,0.0,0.0,0.0,2079232,Δήμος Ελευσίνας,Municipality of Elefsina
2079559,Municipality of Paiania,Δήμος Παιανίας,Δήμος Παιανίας,2026-09-22,4,2026-09-18T00:00:00+00:00,27.5,25.1,26.3,97.1,2.9,0.0,0.0,0.0,below_30,Уобичајена температура,GREEN,97.1,2026-09-22T12:00:00+00:00,11,17,11–17 h,6,GEFS | ICON-EU EPS,31,40,EXPERIMENTAL / NOT CALIBRATED,96.8,97.5,3.2,2.5,0.0,0.0,0.0,0.0,0.0,0.0,2079559,Δήμος Παιανίας,Municipality of Paiania
2079654,Municipality of Kropia,Δήμος Κρωπίας,Δήμος Κρωπίας,2026-09-22,4,2026-09-18T00:00:00+00:00,27.5,26.1,26.8,97.1,2.9,0.0,0.0,0.0,below_30,Уобичајена температура,GREEN,97.1,2026-09-22T12:00:00+00:00,11,17,11–17 h,6,GEFS | ICON-EU EPS,31,40,EXPERIMENTAL / NOT CALIBRATED,96.8,97.5,3.2,2.5,0.0,0.0,0.0,0.0,0.0,0.0,2079654,Δήμος Κρωπίας,Municipality of Kropia
2079759,Municipality of Saronikos,Δήμος Σαρωνικού,Δήμος Σαρωνικού,2026-09-22,4,2026-09-18T00:00:00+00:00,25.0,25.6,25.3,97.5,2.5,0.0,0.0,0.0,below_30,Уобичајена температура,GREEN,97.5,2026-09-22T12:00:00+00:00,11,17,11–17 h,6,GEFS | ICON-EU EPS,31,40,EXPERIMENTAL / NOT CALIBRATED,100.0,95.0,0.0,5.0,0.0,0.0,0.0,0.0,0.0,0.0,2079759,Δήμος Σαρωνικού,Municipality of Saronikos
2079873,Municipality of Lavreotiki,Δήμος Λαυρεωτικής,Δήμος Λαυρεωτικής,2026-09-22,4,2026-09-18T00:00:00+00:00,25.0,24.7,24.9,100.0,0.0,0.0,0.0,0.0,below_30,Уобичајена температура,GREEN,100.0,2026-09-22T12:00:00+00:00,11,17,11–17 h,6,GEFS | ICON-EU EPS,31,40,EXPERIMENTAL / NOT CALIBRATED,100.0,100.0,0.0,0.0,0.0,0.0,0.0,0.0,0.0,0.0,2079873,Δήμος Λαυρεωτικής,Municipality of Lavreotiki
2079955,Municipality of Markopoulo Mesogaias,Δήμος Μαρκόπουλου Μεσογαίας,Δήμος Μαρκόπουλου Μεσογαίας,2026-09-22,4,2026-09-18T00:00:00+00:00,25.3,25.1,25.2,98.8,1.2,0.0,0.0,0.0,below_30,Уобичајена температура,GREEN,98.8,2026-09-22T12:00:00+00:00,11,17,11–17 h,6,GEFS | ICON-EU EPS,31,40,EXPERIMENTAL / NOT CALIBRATED,100.0,97.5,0.0,2.5,0.0,0.0,0.0,0.0,0.0,0.0,2079955,Δήμος Μαρκόπουλου Μεσογαίας,Municipality of Markopoulo Mesogaias
2080006,Municipality of Spata - Artemida,Δήμος Σπάτων - Αρτέμιδος,Δήμος Σπάτων - Αρτέμιδος,2026-09-22,4,2026-09-18T00:00:00+00:00,25.3,25.1,25.2,98.8,1.2,0.0,0.0,0.0,below_30,Уобичајена температура,GREEN,98.8,2026-09-22T12:00:00+00:00,11,17,11–17 h,6,GEFS | ICON-EU EPS,31,40,EXPERIMENTAL / NOT CALIBRATED,100.0,97.5,0.0,2.5,0.0,0.0,0.0,0.0,0.0,0.0,2080006,Δήμος Σπάτων - Αρτέμιδος,Municipality of Spata - Artemida
2080400,Municipality of Pallini,Δήμος Παλλήνης,Δήμος Παλλήνης,2026-09-22,4,2026-09-18T00:00:00+00:00,25.3,26.0,25.7,97.5,2.5,0.0,0.0,0.0,below_30,Уобичајена температура,GREEN,97.5,2026-09-22T12:00:00+00:00,11,17,11–17 h,6,GEFS | ICON-EU EPS,31,40,EXPERIMENTAL / NOT CALIBRATED,100.0,95.0,0.0,5.0,0.0,0.0,0.0,0.0,0.0,0.0,2080400,Δήμος Παλλήνης,Municipality of Pallini
2080567,Municipality of Rafina - Pikermi,Δήμος Ραφήνας - Πικερμίου,Δήμος Ραφήνας - Πικερμίου,2026-09-22,4,2026-09-18T00:00:00+00:00,25.3,24.1,24.7,100.0,0.0,0.0,0.0,0.0,below_30,Уобичајена температура,GREEN,100.0,2026-09-22T12:00:00+00:00,11,17,11–17 h,6,GEFS | ICON-EU EPS,31,40,EXPERIMENTAL / NOT CALIBRATED,100.0,100.0,0.0,0.0,0.0,0.0,0.0,0.0,0.0,0.0,2080567,Δήμος Ραφήνας - Πικερμίου,Municipality of Rafina - Pikermi
2080695,Municipality of Vari - Voula - Vouliagmeni,Δήμος Βάρης - Βούλας - Βουλιαγμένης,Δήμος Βάρης - Βούλας - Βουλιαγμένης,2026-09-22,4,2026-09-18T00:00:00+00:00,26.1,26.6,26.3,98.8,1.2,0.0,0.0,0.0,below_30,Уобичајена температура,GREEN,98.8,2026-09-22T12:00:00+00:00,11,17,11–17 h,6,GEFS | ICON-EU EPS,31,40,EXPERIMENTAL / NOT CALIBRATED,100.0,97.5,0.0,2.5,0.0,0.0,0.0,0.0,0.0,0.0,2080695,Δήμος Βάρης - Βούλας - Βουλιαγμένης,Municipality of Vari - Voula - Vouliagmeni
2080716,Municipality of Kifisia,Δήμος Κηφισιάς,Δήμος Κηφισιάς,2026-09-22,4,2026-09-18T00:00:00+00:00,27.5,23.5,25.5,98.4,1.6,0.0,0.0,0.0,below_30,Уобичајена температура,GREEN,98.4,2026-09-22T12:00:00+00:00,11,17,11–17 h,6,GEFS | ICON-EU EPS,31,40,EXPERIMENTAL / NOT CALIBRATED,96.8,100.0,3.2,0.0,0.0,0.0,0.0,0.0,0.0,0.0,2080716,Δήμος Κηφισιάς,Municipality of Kifisia
2081340,Municipality of Penteli,Δήμος Πεντέλης,Δήμος Πεντέλης,2026-09-22,4,2026-09-18T00:00:00+00:00,25.3,26.0,25.7,97.5,2.5,0.0,0.0,0.0,below_30,Уобичајена температура,GREEN,97.5,2026-09-22T12:00:00+00:00,11,17,11–17 h,6,GEFS | ICON-EU EPS,31,40,EXPERIMENTAL / NOT CALIBRATED,100.0,95.0,0.0,5.0,0.0,0.0,0.0,0.0,0.0,0.0,2081340,Δήμος Πεντέλης,Municipality of Penteli
2081621,Municipality of Dionysos,Δήμος Διονύσου,Δήμος Διονύσου,2026-09-22,4,2026-09-18T00:00:00+00:00,25.3,23.5,24.4,100.0,0.0,0.0,0.0,0.0,below_30,Уобичајена температура,GREEN,100.0,2026-09-22T12:00:00+00:00,11,17,11–17 h,6,GEFS | ICON-EU EPS,31,40,EXPERIMENTAL / NOT CALIBRATED,100.0,100.0,0.0,0.0,0.0,0.0,0.0,0.0,0.0,0.0,2081621,Δήμος Διονύσου,Municipality of Dionysos
2081639,Municipality of Marathonas,Δήμος Μαραθώνος,Δήμος Μαραθώνος,2026-09-22,4,2026-09-18T00:00:00+00:00,26.0,24.3,25.1,95.9,4.1,0.0,0.0,0.0,below_30,Уобичајена температура,GREEN,95.9,2026-09-22T12:00:00+00:00,11,17,11–17 h,6,GEFS | ICON-EU EPS,31,40,EXPERIMENTAL / NOT CALIBRATED,96.8,95.0,3.2,5.0,0.0,0.0,0.0,0.0,0.0,0.0,2081639,Δήμος Μαραθώνος,Municipality of Marathonas
2081958,Municipality of Oropos,Δήμος Ωρωπού,Δήμος Ωρωπού,2026-09-22,4,2026-09-18T00:00:00+00:00,27.1,24.5,25.8,96.8,3.2,0.0,0.0,0.0,below_30,Уобичајена температура,GREEN,96.8,2026-09-22T12:00:00+00:00,11,17,11–17 h,6,GEFS | ICON-EU EPS,31,40,EXPERIMENTAL / NOT CALIBRATED,93.5,100.0,6.5,0.0,0.0,0.0,0.0,0.0,0.0,0.0,2081958,Δήμος Ωρωπού,Municipality of Oropos
2083698,Municipality of Mandra-Eidyllia,Δήμος Μάνδρας - Ειδυλλίας,Δήμος Μάνδρας - Ειδυλλίας,2026-09-22,4,2026-09-18T00:00:00+00:00,26.7,24.4,25.5,96.8,3.2,0.0,0.0,0.0,below_30,Уобичајена температура,GREEN,96.8,2026-09-22T12:00:00+00:00,11,17,11–17 h,6,GEFS | ICON-EU EPS,31,40,EXPERIMENTAL / NOT CALIBRATED,93.5,100.0,6.5,0.0,0.0,0.0,0.0,0.0,0.0,0.0,2083698,Δήμος Μάνδρας - Ειδυλλίας,Municipality of Mandra-Eidyllia
2083711,Municipality of Megara,Δήμος Μεγαρέων,Δήμος Μεγαρέων,2026-09-22,4,2026-09-18T00:00:00+00:00,26.6,25.3,26.0,100.0,0.0,0.0,0.0,0.0,below_30,Уобичајена температура,GREEN,100.0,2026-09-22T12:00:00+00:00,11,17,11–17 h,6,GEFS | ICON-EU EPS,31,40,EXPERIMENTAL / NOT CALIBRATED,100.0,100.0,0.0,0.0,0.0,0.0,0.0,0.0,0.0,0.0,2083711,Δήμος Μεγαρέων,Municipality of Megara
2171628,Municipality of West Mani,Δήμος Δυτικής Μάνης,Δήμος Δυτικής Μάνης,2026-09-22,4,2026-09-18T00:00:00+00:00,27.5,22.7,25.1,100.0,0.0,0.0,0.0,0.0,below_30,Уобичајена температура,GREEN,100.0,2026-09-22T12:00:00+00:00,11,17,11–17 h,6,GEFS | ICON-EU EPS,31,40,EXPERIMENTAL / NOT CALIBRATED,100.0,100.0,0.0,0.0,0.0,0.0,0.0,0.0,0.0,0.0,2171628,Δήμος Δυτικής Μάνης,Municipality of West Mani
2171629,Municipality of Kalamata,Δήμος Καλαμάτας,Δήμος Καλαμάτας,2026-09-22,4,2026-09-18T00:00:00+00:00,27.5,26.0,26.7,100.0,0.0,0.0,0.0,0.0,below_30,Уобичајена температура,GREEN,100.0,2026-09-22T12:00:00+00:00,11,17,11–17 h,6,GEFS | ICON-EU EPS,31,40,EXPERIMENTAL / NOT CALIBRATED,100.0,100.0,0.0,0.0,0.0,0.0,0.0,0.0,0.0,0.0,2171629,Δήμος Καλαμάτας,Municipality of Kalamata
2171630,Municipality of Messini,Δήμος Μεσσήνης,Δήμος Μεσσήνης,2026-09-22,4,2026-09-18T00:00:00+00:00,28.6,28.4,28.5,90.2,9.8,0.0,0.0,0.0,below_30,Уобичајена температура,GREEN,90.2,2026-09-22T12:00:00+00:00,11,17,11–17 h,6,GEFS | ICON-EU EPS,31,40,EXPERIMENTAL / NOT CALIBRATED,90.3,90.0,9.7,10.0,0.0,0.0,0.0,0.0,0.0,0.0,2171630,Δήμος Μεσσήνης,Municipality of Messini
2171631,Municipality of Oichalia,Δήμος Οιχαλίας,Δήμος Οιχαλίας,2026-09-22,4,2026-09-18T00:00:00+00:00,28.7,26.8,27.7,87.1,12.9,0.0,0.0,0.0,below_30,Уобичајена температура,GREEN,87.1,2026-09-22T12:00:00+00:00,11,17,11–17 h,6,GEFS | ICON-EU EPS,31,40,EXPERIMENTAL / NOT CALIBRATED,74.2,100.0,25.8,0.0,0.0,0.0,0.0,0.0,0.0,0.0,2171631,Δήμος Οιχαλίας,Municipality of Oichalia
2171632,Municipality of Pylos and Nestor,Δήμος Πύλου - Νέστορος,Δήμος Πύλου - Νέστορος,2026-09-22,4,2026-09-18T00:00:00+00:00,27.6,26.5,27.1,96.8,3.2,0.0,0.0,0.0,below_30,Уобичајена температура,GREEN,96.8,2026-09-22T12:00:00+00:00,11,17,11–17 h,6,GEFS | ICON-EU EPS,31,40,EXPERIMENTAL / NOT CALIBRATED,93.5,100.0,6.5,0.0,0.0,0.0,0.0,0.0,0.0,0.0,2171632,Δήμος Πύλου - Νέστορος,Municipality of Pylos and Nestor
2171633,Municipality of Trifylia,Δήμος Τριφυλίας,Δήμος Τριφυλίας,2026-09-22,4,2026-09-18T00:00:00+00:00,27.7,25.8,26.8,93.5,6.5,0.0,0.0,0.0,below_30,Уобичајена температура,GREEN,93.5,2026-09-22T12:00:00+00:00,11,17,11–17 h,6,GEFS | ICON-EU EPS,31,40,EXPERIMENTAL / NOT CALIBRATED,87.1,100.0,12.9,0.0,0.0,0.0,0.0,0.0,0.0,0.0,2171633,Δήμος Τριφυλίας,Municipality of Trifylia
2174025,Municipality of North Kynouria,Δήμος Βόρειας Κυνουρίας,Δήμος Βόρειας Κυνουρίας,2026-09-22,4,2026-09-18T00:00:00+00:00,25.7,24.5,25.1,100.0,0.0,0.0,0.0,0.0,below_30,Уобичајена температура,GREEN,100.0,2026-09-22T12:00:00+00:00,11,17,11–17 h,6,GEFS | ICON-EU EPS,31,40,EXPERIMENTAL / NOT CALIBRATED,100.0,100.0,0.0,0.0,0.0,0.0,0.0,0.0,0.0,0.0,2174025,Δήμος Βόρειας Κυνουρίας,Municipality of North Kynouria
2174026,Municipality of Gortynia,Δήμος Γορτυνίας,Δήμος Γορτυνίας,2026-09-22,4,2026-09-18T00:00:00+00:00,26.9,21.8,24.4,100.0,0.0,0.0,0.0,0.0,below_30,Уобичајена температура,GREEN,100.0,2026-09-22T12:00:00+00:00,11,17,11–17 h,6,GEFS | ICON-EU EPS,31,40,EXPERIMENTAL / NOT CALIBRATED,100.0,100.0,0.0,0.0,0.0,0.0,0.0,0.0,0.0,0.0,2174026,Δήμος Γορτυνίας,Municipality of Gortynia
2174027,Municipality of Megalopoli,Δήμος Μεγαλόπολης,Δήμος Μεγαλόπολης,2026-09-22,4,2026-09-18T00:00:00+00:00,28.7,26.9,27.8,85.8,14.2,0.0,0.0,0.0,below_30,Уобичајена температура,GREEN,85.8,2026-09-22T12:00:00+00:00,11,17,11–17 h,6,GEFS | ICON-EU EPS,31,40,EXPERIMENTAL / NOT CALIBRATED,74.2,97.5,25.8,2.5,0.0,0.0,0.0,0.0,0.0,0.0,2174027,Δήμος Μεγαλόπολης,Municipality of Megalopoli
2174028,Municipality of South Kynouria,Δήμος Νότιας Κυνουρίας,Δήμος Νότιας Κυνουρίας,2026-09-22,4,2026-09-18T00:00:00+00:00,25.7,25.3,25.5,100.0,0.0,0.0,0.0,0.0,below_30,Уобичајена температура,GREEN,100.0,2026-09-22T12:00:00+00:00,11,17,11–17 h,6,GEFS | ICON-EU EPS,31,40,EXPERIMENTAL / NOT CALIBRATED,100.0,100.0,0.0,0.0,0.0,0.0,0.0,0.0,0.0,0.0,2174028,Δήμος Νότιας Κυνουρίας,Municipality of South Kynouria
2174029,Municipality of Tripoli,Δήμος Τρίπολης,Δήμος Τρίπολης,2026-09-22,4,2026-09-18T00:00:00+00:00,26.5,24.5,25.5,100.0,0.0,0.0,0.0,0.0,below_30,Уобичајена температура,GREEN,100.0,2026-09-22T12:00:00+00:00,11,17,11–17 h,6,GEFS | ICON-EU EPS,31,40,EXPERIMENTAL / NOT CALIBRATED,100.0,100.0,0.0,0.0,0.0,0.0,0.0,0.0,0.0,0.0,2174029,Δήμος Τρίπολης,Municipality of Tripoli
2178172,Municipality of Ilida,Δήμος Ήλιδας,Δήμος Ήλιδας,2026-09-22,4,2026-09-18T00:00:00+00:00,28.8,27.8,28.3,83.3,16.7,0.0,0.0,0.0,below_30,Уобичајена температура,GREEN,83.3,2026-09-22T12:00:00+00:00,11,17,11–17 h,6,GEFS | ICON-EU EPS,31,40,EXPERIMENTAL / NOT CALIBRATED,74.2,92.5,25.8,7.5,0.0,0.0,0.0,0.0,0.0,0.0,2178172,Δήμος Ήλιδας,Municipality of Ilida
2178174,Municipality of Andritsaina and Krestena,Δήμος Ανδρίτσαινας - Κρεστενών,Δήμος Ανδρίτσαινας - Κρεστενών,2026-09-22,4,2026-09-18T00:00:00+00:00,28.1,25.7,26.9,91.9,8.1,0.0,0.0,0.0,below_30,Уобичајена температура,GREEN,91.9,2026-09-22T12:00:00+00:00,11,17,11–17 h,6,GEFS | ICON-EU EPS,31,40,EXPERIMENTAL / NOT CALIBRATED,83.9,100.0,16.1,0.0,0.0,0.0,0.0,0.0,0.0,0.0,2178174,Δήμος Ανδρίτσαινας - Κρεστενών,Municipality of Andritsaina and Krestena
2178175,Municipality of Andravida and Kyllini,Δήμος Ανδραβίδας - Κυλλήνης,Δήμος Ανδραβίδας - Κυλλήνης,2026-09-22,4,2026-09-18T00:00:00+00:00,26.0,28.6,27.3,90.0,10.0,0.0,0.0,0.0,below_30,Уобичајена температура,GREEN,90.0,2026-09-22T12:00:00+00:00,11,17,11–17 h,6,GEFS | ICON-EU EPS,31,40,EXPERIMENTAL / NOT CALIBRATED,100.0,80.0,0.0,20.0,0.0,0.0,0.0,0.0,0.0,0.0,2178175,Δήμος Ανδραβίδας - Κυλλήνης,Municipality of Andravida and Kyllini
2178176,Municipality of Ancient Olympia,Δήμος Αρχαίας Ολυμπίας,Δήμος Αρχαίας Ολυμπίας,2026-09-22,4,2026-09-18T00:00:00+00:00,28.4,25.8,27.1,90.3,9.7,0.0,0.0,0.0,below_30,Уобичајена температура,GREEN,90.3,2026-09-22T12:00:00+00:00,11,17,11–17 h,6,GEFS | ICON-EU EPS,31,40,EXPERIMENTAL / NOT CALIBRATED,80.6,100.0,19.4,0.0,0.0,0.0,0.0,0.0,0.0,0.0,2178176,Δήμος Αρχαίας Ολυμπίας,Municipality of Ancient Olympia
2178177,Municipality of Zacharo,Δήμος Ζαχάρως,Δήμος Ζαχάρως,2026-09-22,4,2026-09-18T00:00:00+00:00,28.1,25.6,26.9,91.9,8.1,0.0,0.0,0.0,below_30,Уобичајена температура,GREEN,91.9,2026-09-22T12:00:00+00:00,11,17,11–17 h,6,GEFS | ICON-EU EPS,31,40,EXPERIMENTAL / NOT CALIBRATED,83.9,100.0,16.1,0.0,0.0,0.0,0.0,0.0,0.0,0.0,2178177,Δήμος Ζαχάρως,Municipality of Zacharo
2178178,Municipality of Pineios,Δήμος Πηνειού,Δήμος Πηνειού,2026-09-22,4,2026-09-18T00:00:00+00:00,26.4,28.0,27.2,100.0,0.0,0.0,0.0,0.0,below_30,Уобичајена температура,GREEN,100.0,2026-09-22T12:00:00+00:00,11,17,11–17 h,6,GEFS | ICON-EU EPS,31,40,EXPERIMENTAL / NOT CALIBRATED,100.0,100.0,0.0,0.0,0.0,0.0,0.0,0.0,0.0,0.0,2178178,Δήμος Πηνειού,Municipality of Pineios
2178179,Municipality of Pyrgos,Δήμος Πύργου,Δήμος Πύργου,2026-09-22,4,2026-09-18T00:00:00+00:00,28.8,27.8,28.3,80.8,19.2,0.0,0.0,0.0,below_30,Уобичајена температура,GREEN,80.8,2026-09-22T12:00:00+00:00,11,17,11–17 h,6,GEFS | ICON-EU EPS,31,40,EXPERIMENTAL / NOT CALIBRATED,74.2,87.5,25.8,12.5,0.0,0.0,0.0,0.0,0.0,0.0,2178179,Δήμος Πύργου,Municipality of Pyrgos
2179049,Municipality of East Mani,Δήμος Ανατολικής Μάνης,Δήμος Ανατολικής Μάνης,2026-09-22,4,2026-09-18T00:00:00+00:00,25.9,26.8,26.3,100.0,0.0,0.0,0.0,0.0,below_30,Уобичајена температура,GREEN,100.0,2026-09-22T12:00:00+00:00,11,17,11–17 h,6,GEFS | ICON-EU EPS,31,40,EXPERIMENTAL / NOT CALIBRATED,100.0,100.0,0.0,0.0,0.0,0.0,0.0,0.0,0.0,0.0,2179049,Δήμος Ανατολικής Μάνης,Municipality of East Mani
2179050,Municipality of Elafonisos,Δήμος Ελαφονήσου,Δήμος Ελαφονήσου,2026-09-22,4,2026-09-18T00:00:00+00:00,25.9,27.1,26.5,100.0,0.0,0.0,0.0,0.0,below_30,Уобичајена температура,GREEN,100.0,2026-09-22T12:00:00+00:00,11,17,11–17 h,6,GEFS | ICON-EU EPS,31,40,EXPERIMENTAL / NOT CALIBRATED,100.0,100.0,0.0,0.0,0.0,0.0,0.0,0.0,0.0,0.0,2179050,Δήμος Ελαφονήσου,Municipality of Elafonisos
2179051,Municipality of Eurotas,Δήμος Ευρώτα,Δήμος Ευρώτα,2026-09-22,4,2026-09-18T00:00:00+00:00,27.6,28.6,28.1,89.6,10.4,0.0,0.0,0.0,below_30,Уобичајена температура,GREEN,89.6,2026-09-22T12:00:00+00:00,11,17,11–17 h,6,GEFS | ICON-EU EPS,31,40,EXPERIMENTAL / NOT CALIBRATED,96.8,82.5,3.2,17.5,0.0,0.0,0.0,0.0,0.0,0.0,2179051,Δήμος Ευρώτα,Municipality of Eurotas
2179052,Municipality of Monemvasia,Δήμος Μονεμβασίας,Δήμος Μονεμβασίας,2026-09-22,4,2026-09-18T00:00:00+00:00,27.0,28.4,27.7,95.0,5.0,0.0,0.0,0.0,below_30,Уобичајена температура,GREEN,95.0,2026-09-22T12:00:00+00:00,11,17,11–17 h,6,GEFS | ICON-EU EPS,31,40,EXPERIMENTAL / NOT CALIBRATED,100.0,90.0,0.0,10.0,0.0,0.0,0.0,0.0,0.0,0.0,2179052,Δήμος Μονεμβασίας,Municipality of Monemvasia
2179053,Municipality of Sparta,Δήμος Σπάρτης,Δήμος Σπάρτης,2026-09-22,4,2026-09-18T00:00:00+00:00,27.3,27.3,27.3,100.0,0.0,0.0,0.0,0.0,below_30,Уобичајена температура,GREEN,100.0,2026-09-22T12:00:00+00:00,11,17,11–17 h,6,GEFS | ICON-EU EPS,31,40,EXPERIMENTAL / NOT CALIBRATED,100.0,100.0,0.0,0.0,0.0,0.0,0.0,0.0,0.0,0.0,2179053,Δήμος Σπάρτης,Municipality of Sparta
2182847,Municipality of Aigialeia,Δήμος Αιγιαλείας,Δήμος Αιγιαλείας,2026-09-22,4,2026-09-18T00:00:00+00:00,24.2,25.4,24.8,100.0,0.0,0.0,0.0,0.0,below_30,Уобичајена температура,GREEN,100.0,2026-09-22T12:00:00+00:00,11,17,11–17 h,6,GEFS | ICON-EU EPS,31,40,EXPERIMENTAL / NOT CALIBRATED,100.0,100.0,0.0,0.0,0.0,0.0,0.0,0.0,0.0,0.0,2182847,Δήμος Αιγιαλείας,Municipality of Aigialeia
2182848,Municipality of West Achaea,Δήμος Δυτικής Αχαΐας,Δήμος Δυτικής Αχαΐας,2026-09-22,4,2026-09-18T00:00:00+00:00,28.1,27.4,27.7,100.0,0.0,0.0,0.0,0.0,below_30,Уобичајена температура,GREEN,100.0,2026-09-22T12:00:00+00:00,11,17,11–17 h,6,GEFS | ICON-EU EPS,31,40,EXPERIMENTAL / NOT CALIBRATED,100.0,100.0,0.0,0.0,0.0,0.0,0.0,0.0,0.0,0.0,2182848,Δήμος Δυτικής Αχαΐας,Municipality of West Achaea
2182849,Municipality of Erymanthos,Δήμος Ερυμάνθου,Δήμος Ερυμάνθου,2026-09-22,4,2026-09-18T00:00:00+00:00,27.8,24.5,26.2,100.0,0.0,0.0,0.0,0.0,below_30,Уобичајена температура,GREEN,100.0,2026-09-22T12:00:00+00:00,11,17,11–17 h,6,GEFS | ICON-EU EPS,31,40,EXPERIMENTAL / NOT CALIBRATED,100.0,100.0,0.0,0.0,0.0,0.0,0.0,0.0,0.0,0.0,2182849,Δήμος Ερυμάνθου,Municipality of Erymanthos
2182850,Municipality of Kalavryta,Δήμος Καλαβρύτων,Δήμος Καλαβρύτων,2026-09-22,4,2026-09-18T00:00:00+00:00,25.5,22.8,24.2,100.0,0.0,0.0,0.0,0.0,below_30,Уобичајена температура,GREEN,100.0,2026-09-22T12:00:00+00:00,11,17,11–17 h,6,GEFS | ICON-EU EPS,31,40,EXPERIMENTAL / NOT CALIBRATED,100.0,100.0,0.0,0.0,0.0,0.0,0.0,0.0,0.0,0.0,2182850,Δήμος Καλαβρύτων,Municipality of Kalavryta
2182851,Municipality of Patras,Δήμος Πατρέων,Δήμος Πατρέων,2026-09-22,4,2026-09-18T00:00:00+00:00,28.1,24.4,26.3,95.2,4.8,0.0,0.0,0.0,below_30,Уобичајена температура,GREEN,95.2,2026-09-22T12:00:00+00:00,11,17,11–17 h,6,GEFS | ICON-EU EPS,31,40,EXPERIMENTAL / NOT CALIBRATED,90.3,100.0,9.7,0.0,0.0,0.0,0.0,0.0,0.0,0.0,2182851,Δήμος Πατρέων,Municipality of Patras
2185766,Municipality of Argos and Mykines,Δήμος Άργους - Μυκηνών,Δήμος Άργους - Μυκηνών,2026-09-22,4,2026-09-18T00:00:00+00:00,27.1,26.7,26.9,98.4,1.6,0.0,0.0,0.0,below_30,Уобичајена температура,GREEN,98.4,2026-09-22T12:00:00+00:00,11,17,11–17 h,6,GEFS | ICON-EU EPS,31,40,EXPERIMENTAL / NOT CALIBRATED,96.8,100.0,3.2,0.0,0.0,0.0,0.0,0.0,0.0,0.0,2185766,Δήμος Άργους - Μυκηνών,Municipality of Argos and Mykines
2185767,Municipality of Epidaurus,Δήμος Επιδαύρου,Δήμος Επιδαύρου,2026-09-22,4,2026-09-18T00:00:00+00:00,27.4,26.3,26.9,98.4,1.6,0.0,0.0,0.0,below_30,Уобичајена температура,GREEN,98.4,2026-09-22T12:00:00+00:00,11,17,11–17 h,6,GEFS | ICON-EU EPS,31,40,EXPERIMENTAL / NOT CALIBRATED,96.8,100.0,3.2,0.0,0.0,0.0,0.0,0.0,0.0,0.0,2185767,Δήμος Επιδαύρου,Municipality of Epidaurus
2185768,Municipality of Ermionida,Δήμος Ερμιονίδας,Δήμος Ερμιονίδας,2026-09-22,4,2026-09-18T00:00:00+00:00,26.3,26.9,26.6,98.8,1.2,0.0,0.0,0.0,below_30,Уобичајена температура,GREEN,98.8,2026-09-22T12:00:00+00:00,11,17,11–17 h,6,GEFS | ICON-EU EPS,31,40,EXPERIMENTAL / NOT CALIBRATED,100.0,97.5,0.0,2.5,0.0,0.0,0.0,0.0,0.0,0.0,2185768,Δήμος Ερμιονίδας,Municipality of Ermionida
2185769,Municipality of Nafplio,Δήμος Ναυπλιέων,Δήμος Ναυπλιέων,2026-09-22,4,2026-09-18T00:00:00+00:00,27.4,24.4,25.9,98.4,1.6,0.0,0.0,0.0,below_30,Уобичајена температура,GREEN,98.4,2026-09-22T12:00:00+00:00,11,17,11–17 h,6,GEFS | ICON-EU EPS,31,40,EXPERIMENTAL / NOT CALIBRATED,96.8,100.0,3.2,0.0,0.0,0.0,0.0,0.0,0.0,0.0,2185769,Δήμος Ναυπλιέων,Municipality of Nafplio
2186724,Municipality of Velo and Vocha,Δήμος Βέλου - Βόχας,Δήμος Βέλου - Βόχας,2026-09-22,4,2026-09-18T00:00:00+00:00,25.4,26.0,25.7,100.0,0.0,0.0,0.0,0.0,below_30,Уобичајена температура,GREEN,100.0,2026-09-22T12:00:00+00:00,11,17,11–17 h,6,GEFS | ICON-EU EPS,31,40,EXPERIMENTAL / NOT CALIBRATED,100.0,100.0,0.0,0.0,0.0,0.0,0.0,0.0,0.0,0.0,2186724,Δήμος Βέλου - Βόχας,Municipality of Velo and Vocha
2186725,Municipality of Corinth,Δήμος Κορινθίων,Δήμος Κορινθίων,2026-09-22,4,2026-09-18T00:00:00+00:00,28.0,25.5,26.8,96.8,3.2,0.0,0.0,0.0,below_30,Уобичајена температура,GREEN,96.8,2026-09-22T12:00:00+00:00,11,17,11–17 h,6,GEFS | ICON-EU EPS,31,40,EXPERIMENTAL / NOT CALIBRATED,93.5,100.0,6.5,0.0,0.0,0.0,0.0,0.0,0.0,0.0,2186725,Δήμος Κορινθίων,Municipality of Corinth
2186726,Loutraki-Perachora-Agioi Theodoroi Municipality,Δήμος Λουτρακίου - Περαχώρας - Αγίων Θεοδώρων,Δήμος Λουτρακίου - Περαχώρας - Αγίων Θεοδώρων,2026-09-22,4,2026-09-18T00:00:00+00:00,25.9,26.0,26.0,98.8,1.2,0.0,0.0,0.0,below_30,Уобичајена температура,GREEN,98.8,2026-09-22T12:00:00+00:00,11,17,11–17 h,6,GEFS | ICON-EU EPS,31,40,EXPERIMENTAL / NOT CALIBRATED,100.0,97.5,0.0,2.5,0.0,0.0,0.0,0.0,0.0,0.0,2186726,Δήμος Λουτρακίου - Περαχώρας - Αγίων Θεοδώρων,Loutraki-Perachora-Agioi Theodoroi Municipality
2186727,Municipality of Nemea,Δήμος Νεμέας,Δήμος Νεμέας,2026-09-22,4,2026-09-18T00:00:00+00:00,27.1,26.0,26.5,98.4,1.6,0.0,0.0,0.0,below_30,Уобичајена температура,GREEN,98.4,2026-09-22T12:00:00+00:00,11,17,11–17 h,6,GEFS | ICON-EU EPS,31,40,EXPERIMENTAL / NOT CALIBRATED,96.8,100.0,3.2,0.0,0.0,0.0,0.0,0.0,0.0,0.0,2186727,Δήμος Νεμέας,Municipality of Nemea
2186728,Municipality of Xylokastro and Evrostina,Δήμος Ξυλοκάστρου - Ευρωστίνης,Δήμος Ξυλοκάστρου - Ευρωστίνης,2026-09-22,4,2026-09-18T00:00:00+00:00,24.9,22.7,23.8,100.0,0.0,0.0,0.0,0.0,below_30,Уобичајена температура,GREEN,100.0,2026-09-22T12:00:00+00:00,11,17,11–17 h,6,GEFS | ICON-EU EPS,31,40,EXPERIMENTAL / NOT CALIBRATED,100.0,100.0,0.0,0.0,0.0,0.0,0.0,0.0,0.0,0.0,2186728,Δήμος Ξυλοκάστρου - Ευρωστίνης,Municipality of Xylokastro and Evrostina
2186729,Municipality of Sikyona,Δήμος Σικυωνίων,Δήμος Σικυωνίων,2026-09-22,4,2026-09-18T00:00:00+00:00,24.9,21.4,23.2,100.0,0.0,0.0,0.0,0.0,below_30,Уобичајена температура,GREEN,100.0,2026-09-22T12:00:00+00:00,11,17,11–17 h,6,GEFS | ICON-EU EPS,31,40,EXPERIMENTAL / NOT CALIBRATED,100.0,100.0,0.0,0.0,0.0,0.0,0.0,0.0,0.0,0.0,2186729,Δήμος Σικυωνίων,Municipality of Sikyona
2187315,Municipality of Apokoronas,Δήμος Αποκορώνου,Δήμος Αποκορώνου,2026-09-22,4,2026-09-18T00:00:00+00:00,25.6,24.1,24.8,100.0,0.0,0.0,0.0,0.0,below_30,Уобичајена температура,GREEN,100.0,2026-09-22T12:00:00+00:00,11,17,11–17 h,6,GEFS | ICON-EU EPS,31,40,EXPERIMENTAL / NOT CALIBRATED,100.0,100.0,0.0,0.0,0.0,0.0,0.0,0.0,0.0,0.0,2187315,Δήμος Αποκορώνου,Municipality of Apokoronas
2187316,Municipality of Kantanos-Selinon,Δήμος Καντάνου-Σέλινου,Δήμος Καντάνου-Σέλινου,2026-09-22,4,2026-09-18T00:00:00+00:00,25.9,24.9,25.4,100.0,0.0,0.0,0.0,0.0,below_30,Уобичајена температура,GREEN,100.0,2026-09-22T12:00:00+00:00,11,17,11–17 h,6,GEFS | ICON-EU EPS,31,40,EXPERIMENTAL / NOT CALIBRATED,100.0,100.0,0.0,0.0,0.0,0.0,0.0,0.0,0.0,0.0,2187316,Δήμος Καντάνου-Σέλινου,Municipality of Kantanos-Selinon
2187317,Municipality of Kissamos,Δήμος Κισσάμου,Δήμος Κισσάμου,2026-09-22,4,2026-09-18T00:00:00+00:00,24.4,25.3,24.9,100.0,0.0,0.0,0.0,0.0,below_30,Уобичајена температура,GREEN,100.0,2026-09-22T12:00:00+00:00,11,17,11–17 h,6,GEFS | ICON-EU EPS,31,40,EXPERIMENTAL / NOT CALIBRATED,100.0,100.0,0.0,0.0,0.0,0.0,0.0,0.0,0.0,0.0,2187317,Δήμος Κισσάμου,Municipality of Kissamos
2187318,Municipality of Platanias,Δήμος Πλατανιά,Δήμος Πλατανιά,2026-09-22,4,2026-09-18T00:00:00+00:00,24.4,28.6,26.5,97.5,2.5,0.0,0.0,0.0,below_30,Уобичајена температура,GREEN,97.5,2026-09-22T12:00:00+00:00,11,17,11–17 h,6,GEFS | ICON-EU EPS,31,40,EXPERIMENTAL / NOT CALIBRATED,100.0,95.0,0.0,5.0,0.0,0.0,0.0,0.0,0.0,0.0,2187318,Δήμος Πλατανιά,Municipality of Platanias
2187319,Municipality of Sfakia,Δήμος Σφακίων,Δήμος Σφακίων,2026-09-22,4,2026-09-18T00:00:00+00:00,25.7,20.7,23.2,100.0,0.0,0.0,0.0,0.0,below_30,Уобичајена температура,GREEN,100.0,2026-09-22T12:00:00+00:00,11,17,11–17 h,6,GEFS | ICON-EU EPS,31,40,EXPERIMENTAL / NOT CALIBRATED,100.0,100.0,0.0,0.0,0.0,0.0,0.0,0.0,0.0,0.0,2187319,Δήμος Σφακίων,Municipality of Sfakia
2187320,Municipality of Chania,Δήμος Χανίων,Δήμος Χανίων,2026-09-22,4,2026-09-18T00:00:00+00:00,23.9,27.0,25.4,100.0,0.0,0.0,0.0,0.0,below_30,Уобичајена температура,GREEN,100.0,2026-09-22T12:00:00+00:00,11,17,11–17 h,6,GEFS | ICON-EU EPS,31,40,EXPERIMENTAL / NOT CALIBRATED,100.0,100.0,0.0,0.0,0.0,0.0,0.0,0.0,0.0,0.0,2187320,Δήμος Χανίων,Municipality of Chania
2187332,Municipality of Agios Vasileios,Δήμος Αγίου Βασιλείου,Δήμος Αγίου Βασιλείου,2026-09-22,4,2026-09-18T00:00:00+00:00,25.8,26.1,25.9,100.0,0.0,0.0,0.0,0.0,below_30,Уобичајена температура,GREEN,100.0,2026-09-22T12:00:00+00:00,11,17,11–17 h,6,GEFS | ICON-EU EPS,31,40,EXPERIMENTAL / NOT CALIBRATED,100.0,100.0,0.0,0.0,0.0,0.0,0.0,0.0,0.0,0.0,2187332,Δήμος Αγίου Βασιλείου,Municipality of Agios Vasileios
2187333,Municipality of Amari,Δήμος Αμάριου,Δήμος Αμάριου,2026-09-22,4,2026-09-18T00:00:00+00:00,25.0,24.5,24.7,100.0,0.0,0.0,0.0,0.0,below_30,Уобичајена температура,GREEN,100.0,2026-09-22T12:00:00+00:00,11,17,11–17 h,6,GEFS | ICON-EU EPS,31,40,EXPERIMENTAL / NOT CALIBRATED,100.0,100.0,0.0,0.0,0.0,0.0,0.0,0.0,0.0,0.0,2187333,Δήμος Αμάριου,Municipality of Amari
2187334,Municipality of Anogia,Δήμος Ανωγείων,Δήμος Ανωγείων,2026-09-22,4,2026-09-18T00:00:00+00:00,25.0,24.6,24.8,100.0,0.0,0.0,0.0,0.0,below_30,Уобичајена температура,GREEN,100.0,2026-09-22T12:00:00+00:00,11,17,11–17 h,6,GEFS | ICON-EU EPS,31,40,EXPERIMENTAL / NOT CALIBRATED,100.0,100.0,0.0,0.0,0.0,0.0,0.0,0.0,0.0,0.0,2187334,Δήμος Ανωγείων,Municipality of Anogia
2187335,Municipality of Milopotamos,Δήμος Μυλοποτάμου,Δήμος Μυλοποτάμου,2026-09-22,4,2026-09-18T00:00:00+00:00,25.0,25.8,25.4,100.0,0.0,0.0,0.0,0.0,below_30,Уобичајена температура,GREEN,100.0,2026-09-22T12:00:00+00:00,11,17,11–17 h,6,GEFS | ICON-EU EPS,31,40,EXPERIMENTAL / NOT CALIBRATED,100.0,100.0,0.0,0.0,0.0,0.0,0.0,0.0,0.0,0.0,2187335,Δήμος Μυλοποτάμου,Municipality of Milopotamos
2187336,Municipality of Rethymnon,Δήμος Ρεθύμνης,Δήμος Ρεθύμνης,2026-09-22,4,2026-09-18T00:00:00+00:00,25.8,26.8,26.3,100.0,0.0,0.0,0.0,0.0,below_30,Уобичајена температура,GREEN,100.0,2026-09-22T12:00:00+00:00,11,17,11–17 h,6,GEFS | ICON-EU EPS,31,40,EXPERIMENTAL / NOT CALIBRATED,100.0,100.0,0.0,0.0,0.0,0.0,0.0,0.0,0.0,0.0,2187336,Δήμος Ρεθύμνης,Municipality of Rethymnon
2187390,Municipality of Archane - Asterousia,Δήμος Αρχανών - Αστερουσίων,Δήμος Αρχανών - Αστερουσίων,2026-09-22,4,2026-09-18T00:00:00+00:00,27.8,27.6,27.7,97.5,2.5,0.0,0.0,0.0,below_30,Уобичајена температура,GREEN,97.5,2026-09-22T12:00:00+00:00,11,17,11–17 h,6,GEFS | ICON-EU EPS,31,40,EXPERIMENTAL / NOT CALIBRATED,100.0,95.0,0.0,5.0,0.0,0.0,0.0,0.0,0.0,0.0,2187390,Δήμος Αρχανών - Αστερουσίων,Municipality of Archane - Asterousia
2187391,Municipality of Viannos,Δήμος Βιάννου,Δήμος Βιάννου,2026-09-22,4,2026-09-18T00:00:00+00:00,26.6,26.0,26.3,100.0,0.0,0.0,0.0,0.0,below_30,Уобичајена температура,GREEN,100.0,2026-09-22T12:00:00+00:00,11,17,11–17 h,6,GEFS | ICON-EU EPS,31,40,EXPERIMENTAL / NOT CALIBRATED,100.0,100.0,0.0,0.0,0.0,0.0,0.0,0.0,0.0,0.0,2187391,Δήμος Βιάννου,Municipality of Viannos
2187392,Municipality of Gortys,Δήμος Γόρτυνας,Δήμος Γόρτυνας,2026-09-22,4,2026-09-18T00:00:00+00:00,28.7,28.1,28.4,100.0,0.0,0.0,0.0,0.0,below_30,Уобичајена температура,GREEN,100.0,2026-09-22T12:00:00+00:00,11,17,11–17 h,6,GEFS | ICON-EU EPS,31,40,EXPERIMENTAL / NOT CALIBRATED,100.0,100.0,0.0,0.0,0.0,0.0,0.0,0.0,0.0,0.0,2187392,Δήμος Γόρτυνας,Municipality of Gortys
2187393,Municipality of Heraklion,Δήμος Ηρακλείου,Δήμος Ηρακλείου,2026-09-22,4,2026-09-18T00:00:00+00:00,26.0,27.9,26.9,91.2,8.8,0.0,0.0,0.0,below_30,Уобичајена температура,GREEN,91.2,2026-09-22T12:00:00+00:00,11,17,11–17 h,6,GEFS | ICON-EU EPS,31,40,EXPERIMENTAL / NOT CALIBRATED,100.0,82.5,0.0,17.5,0.0,0.0,0.0,0.0,0.0,0.0,2187393,Δήμος Ηρακλείου,Municipality of Heraklion
2187394,Municipality of Malevizi,Δήμος Μαλεβιζίου,Δήμος Μαλεβιζίου,2026-09-22,4,2026-09-18T00:00:00+00:00,26.0,26.8,26.4,100.0,0.0,0.0,0.0,0.0,below_30,Уобичајена температура,GREEN,100.0,2026-09-22T12:00:00+00:00,11,17,11–17 h,6,GEFS | ICON-EU EPS,31,40,EXPERIMENTAL / NOT CALIBRATED,100.0,100.0,0.0,0.0,0.0,0.0,0.0,0.0,0.0,0.0,2187394,Δήμος Μαλεβιζίου,Municipality of Malevizi
2187395,Municipality of Minoa Pediados,Δήμος Μινώα Πεδιάδος,Δήμος Μινώα Πεδιάδος,2026-09-22,4,2026-09-18T00:00:00+00:00,26.2,27.6,26.9,97.5,2.5,0.0,0.0,0.0,below_30,Уобичајена температура,GREEN,97.5,2026-09-22T12:00:00+00:00,11,17,11–17 h,6,GEFS | ICON-EU EPS,31,40,EXPERIMENTAL / NOT CALIBRATED,100.0,95.0,0.0,5.0,0.0,0.0,0.0,0.0,0.0,0.0,2187395,Δήμος Μινώα Πεδιάδος,Municipality of Minoa Pediados
2187396,Municipality of Festos,Δήμος Φαιστού,Δήμος Φαιστού,2026-09-22,4,2026-09-18T00:00:00+00:00,28.7,28.7,28.7,90.0,10.0,0.0,0.0,0.0,below_30,Уобичајена температура,GREEN,90.0,2026-09-22T12:00:00+00:00,11,17,11–17 h,6,GEFS | ICON-EU EPS,31,40,EXPERIMENTAL / NOT CALIBRATED,100.0,80.0,0.0,20.0,0.0,0.0,0.0,0.0,0.0,0.0,2187396,Δήμος Φαιστού,Municipality of Festos
2187397,Municipality of Chersonissos,Δήμος Χερσονήσου,Δήμος Χερσονήσου,2026-09-22,4,2026-09-18T00:00:00+00:00,26.2,25.0,25.6,100.0,0.0,0.0,0.0,0.0,below_30,Уобичајена температура,GREEN,100.0,2026-09-22T12:00:00+00:00,11,17,11–17 h,6,GEFS | ICON-EU EPS,31,40,EXPERIMENTAL / NOT CALIBRATED,100.0,100.0,0.0,0.0,0.0,0.0,0.0,0.0,0.0,0.0,2187397,Δήμος Χερσονήσου,Municipality of Chersonissos
2187432,Municipality of Agios Nikolaos,Δήμος Αγίου Νικολάου,Δήμος Αγίου Νικολάου,2026-09-22,4,2026-09-18T00:00:00+00:00,24.0,24.9,24.4,100.0,0.0,0.0,0.0,0.0,below_30,Уобичајена температура,GREEN,100.0,2026-09-22T12:00:00+00:00,11,17,11–17 h,6,GEFS | ICON-EU EPS,31,40,EXPERIMENTAL / NOT CALIBRATED,100.0,100.0,0.0,0.0,0.0,0.0,0.0,0.0,0.0,0.0,2187432,Δήμος Αγίου Νικολάου,Municipality of Agios Nikolaos
2187433,Municipality of Ierapetra,Δήμος Ιεράπετρας,Δήμος Ιεράπετρας,2026-09-22,4,2026-09-18T00:00:00+00:00,26.5,26.5,26.5,100.0,0.0,0.0,0.0,0.0,below_30,Уобичајена температура,GREEN,100.0,2026-09-22T12:00:00+00:00,11,17,11–17 h,6,GEFS | ICON-EU EPS,31,40,EXPERIMENTAL / NOT CALIBRATED,100.0,100.0,0.0,0.0,0.0,0.0,0.0,0.0,0.0,0.0,2187433,Δήμος Ιεράπετρας,Municipality of Ierapetra
2187434,Municipality of Oropedion Lasithiou,Δήμος Οροπεδίου Λασιθίου,Δήμος Οροπεδίου Λασιθίου,2026-09-22,4,2026-09-18T00:00:00+00:00,24.7,22.9,23.8,100.0,0.0,0.0,0.0,0.0,below_30,Уобичајена температура,GREEN,100.0,2026-09-22T12:00:00+00:00,11,17,11–17 h,6,GEFS | ICON-EU EPS,31,40,EXPERIMENTAL / NOT CALIBRATED,100.0,100.0,0.0,0.0,0.0,0.0,0.0,0.0,0.0,0.0,2187434,Δήμος Οροπεδίου Λασιθίου,Municipality of Oropedion Lasithiou
2187435,Municipality of Sitia,Δήμος Σητείας,Δήμος Σητείας,2026-09-22,4,2026-09-18T00:00:00+00:00,24.4,26.2,25.3,100.0,0.0,0.0,0.0,0.0,below_30,Уобичајена температура,GREEN,100.0,2026-09-22T12:00:00+00:00,11,17,11–17 h,6,GEFS | ICON-EU EPS,31,40,EXPERIMENTAL / NOT CALIBRATED,100.0,100.0,0.0,0.0,0.0,0.0,0.0,0.0,0.0,0.0,2187435,Δήμος Σητείας,Municipality of Sitia
2190342,Municipality of Nea Philadelfia - Nea Chalkidona,Δήμος Νέας Φιλαδέλφειας - Νέας Χαλκηδόνας,Δήμος Νέας Φιλαδέλφειας - Νέας Χαλκηδόνας,2026-09-22,4,2026-09-18T00:00:00+00:00,27.5,27.8,27.6,89.6,10.4,0.0,0.0,0.0,below_30,Уобичајена температура,GREEN,89.6,2026-09-22T12:00:00+00:00,11,17,11–17 h,6,GEFS | ICON-EU EPS,31,40,EXPERIMENTAL / NOT CALIBRATED,96.8,82.5,3.2,17.5,0.0,0.0,0.0,0.0,0.0,0.0,2190342,Δήμος Νέας Φιλαδέλφειας - Νέας Χαλκηδόνας,Municipality of Nea Philadelfia - Nea Chalkidona
2211850,Zakynthos Municipality,Δήμος Ζακύνθου,Δήμος Ζακύνθου,2026-09-22,4,2026-09-18T00:00:00+00:00,24.8,27.5,26.2,97.5,2.5,0.0,0.0,0.0,below_30,Уобичајена температура,GREEN,97.5,2026-09-22T12:00:00+00:00,11,17,11–17 h,6,GEFS | ICON-EU EPS,31,40,EXPERIMENTAL / NOT CALIBRATED,100.0,95.0,0.0,5.0,0.0,0.0,0.0,0.0,0.0,0.0,2211850,Δήμος Ζακύνθου,Zakynthos Municipality
2211896,Ithaca Municipality,Δήμος Ιθάκης,Δήμος Ιθάκης,2026-09-22,4,2026-09-18T00:00:00+00:00,25.4,26.5,25.9,100.0,0.0,0.0,0.0,0.0,below_30,Уобичајена температура,GREEN,100.0,2026-09-22T12:00:00+00:00,11,17,11–17 h,6,GEFS | ICON-EU EPS,31,40,EXPERIMENTAL / NOT CALIBRATED,100.0,100.0,0.0,0.0,0.0,0.0,0.0,0.0,0.0,0.0,2211896,Δήμος Ιθάκης,Ithaca Municipality
2215266,Dirfyon - Messapion Municipality,Δήμος Διρφύων - Μεσσαπίων,Δήμος Διρφύων - Μεσσαπίων,2026-09-22,4,2026-09-18T00:00:00+00:00,25.3,21.4,23.4,100.0,0.0,0.0,0.0,0.0,below_30,Уобичајена температура,GREEN,100.0,2026-09-22T12:00:00+00:00,11,17,11–17 h,6,GEFS | ICON-EU EPS,31,40,EXPERIMENTAL / NOT CALIBRATED,100.0,100.0,0.0,0.0,0.0,0.0,0.0,0.0,0.0,0.0,2215266,Δήμος Διρφύων - Μεσσαπίων,Dirfyon - Messapion Municipality
2215267,Eretria Municipality,Δήμος Ερέτριας,Δήμος Ερέτριας,2026-09-22,4,2026-09-18T00:00:00+00:00,25.3,23.4,24.4,100.0,0.0,0.0,0.0,0.0,below_30,Уобичајена температура,GREEN,100.0,2026-09-22T12:00:00+00:00,11,17,11–17 h,6,GEFS | ICON-EU EPS,31,40,EXPERIMENTAL / NOT CALIBRATED,100.0,100.0,0.0,0.0,0.0,0.0,0.0,0.0,0.0,0.0,2215267,Δήμος Ερέτριας,Eretria Municipality
2215268,Istiaia-Aidipsos Municipality,Δήμος Ιστιαίας-Αιδηψού,Δήμος Ιστιαίας-Αιδηψού,2026-09-22,4,2026-09-18T00:00:00+00:00,23.1,23.1,23.1,100.0,0.0,0.0,0.0,0.0,below_30,Уобичајена температура,GREEN,100.0,2026-09-22T12:00:00+00:00,11,17,11–17 h,6,GEFS | ICON-EU EPS,31,40,EXPERIMENTAL / NOT CALIBRATED,100.0,100.0,0.0,0.0,0.0,0.0,0.0,0.0,0.0,0.0,2215268,Δήμος Ιστιαίας-Αιδηψού,Istiaia-Aidipsos Municipality
2215269,Karystos Municipality,Δήμος Καρύστου,Δήμος Καρύστου,2026-09-22,4,2026-09-18T00:00:00+00:00,23.9,23.0,23.4,100.0,0.0,0.0,0.0,0.0,below_30,Уобичајена температура,GREEN,100.0,2026-09-22T12:00:00+00:00,11,17,11–17 h,6,GEFS | ICON-EU EPS,31,40,EXPERIMENTAL / NOT CALIBRATED,100.0,100.0,0.0,0.0,0.0,0.0,0.0,0.0,0.0,0.0,2215269,Δήμος Καρύστου,Karystos Municipality
2215270,Kymi - Aliveri Anna Municipality,Δήμος Κύμης - Αλιβερίου,Δήμος Κύμης - Αλιβερίου,2026-09-22,4,2026-09-18T00:00:00+00:00,24.1,23.6,23.9,100.0,0.0,0.0,0.0,0.0,below_30,Уобичајена температура,GREEN,100.0,2026-09-22T12:00:00+00:00,11,17,11–17 h,6,GEFS | ICON-EU EPS,31,40,EXPERIMENTAL / NOT CALIBRATED,100.0,100.0,0.0,0.0,0.0,0.0,0.0,0.0,0.0,0.0,2215270,Δήμος Κύμης - Αλιβερίου,Kymi - Aliveri Anna Municipality
2215271,Mantoudi - Limni - Aghia Anna Municipality,Δήμος Μαντουδίου - Λίμνης - Αγίας Άννας,Δήμος Μαντουδίου - Λίμνης - Αγίας Άννας,2026-09-22,4,2026-09-18T00:00:00+00:00,24.5,22.8,23.7,100.0,0.0,0.0,0.0,0.0,below_30,Уобичајена температура,GREEN,100.0,2026-09-22T12:00:00+00:00,11,17,11–17 h,6,GEFS | ICON-EU EPS,31,40,EXPERIMENTAL / NOT CALIBRATED,100.0,100.0,0.0,0.0,0.0,0.0,0.0,0.0,0.0,0.0,2215271,Δήμος Μαντουδίου - Λίμνης - Αγίας Άννας,Mantoudi - Limni - Aghia Anna Municipality
2215272,Skyros Municipality,Δήμος Σκύρου,Δήμος Σκύρου,2026-09-22,4,2026-09-18T00:00:00+00:00,23.4,22.9,23.1,100.0,0.0,0.0,0.0,0.0,below_30,Уобичајена температура,GREEN,100.0,2026-09-22T00:00:00+00:00,11,17,11–17 h,6,GEFS | ICON-EU EPS,31,40,EXPERIMENTAL / NOT CALIBRATED,100.0,100.0,0.0,0.0,0.0,0.0,0.0,0.0,0.0,0.0,2215272,Δήμος Σκύρου,Skyros Municipality
2215273,Municipality of Chalkida,Δήμος Χαλκιδέων,Δήμος Χαλκιδέων,2026-09-22,4,2026-09-18T00:00:00+00:00,24.7,24.8,24.8,100.0,0.0,0.0,0.0,0.0,below_30,Уобичајена температура,GREEN,100.0,2026-09-22T12:00:00+00:00,11,17,11–17 h,6,GEFS | ICON-EU EPS,31,40,EXPERIMENTAL / NOT CALIBRATED,100.0,100.0,0.0,0.0,0.0,0.0,0.0,0.0,0.0,0.0,2215273,Δήμος Χαλκιδέων,Municipality of Chalkida
2220936,Argithea Municipality,Δήμος Αργιθέας,Δήμος Αργιθέας,2026-09-22,4,2026-09-18T00:00:00+00:00,24.1,19.3,21.7,100.0,0.0,0.0,0.0,0.0,below_30,Уобичајена температура,GREEN,100.0,2026-09-22T12:00:00+00:00,11,17,11–17 h,6,GEFS | ICON-EU EPS,31,40,EXPERIMENTAL / NOT CALIBRATED,100.0,100.0,0.0,0.0,0.0,0.0,0.0,0.0,0.0,0.0,2220936,Δήμος Αργιθέας,Argithea Municipality
2220937,Karditsa Municipality,Δήμος Καρδίτσας,Δήμος Καρδίτσας,2026-09-22,4,2026-09-18T00:00:00+00:00,27.9,24.0,25.9,86.6,13.4,0.0,0.0,0.0,below_30,Уобичајена температура,GREEN,86.6,2026-09-22T12:00:00+00:00,11,17,11–17 h,6,GEFS | ICON-EU EPS,31,40,EXPERIMENTAL / NOT CALIBRATED,80.6,92.5,19.4,7.5,0.0,0.0,0.0,0.0,0.0,0.0,2220937,Δήμος Καρδίτσας,Karditsa Municipality
2220938,Lake Plastiras Municipality,Δήμος Λίμνης Πλαστήρα,Δήμος Λίμνης Πλαστήρα,2026-09-22,4,2026-09-18T00:00:00+00:00,24.1,19.3,21.7,100.0,0.0,0.0,0.0,0.0,below_30,Уобичајена температура,GREEN,100.0,2026-09-22T12:00:00+00:00,11,17,11–17 h,6,GEFS | ICON-EU EPS,31,40,EXPERIMENTAL / NOT CALIBRATED,100.0,100.0,0.0,0.0,0.0,0.0,0.0,0.0,0.0,0.0,2220938,Δήμος Λίμνης Πλαστήρα,Lake Plastiras Municipality
2220939,Mouzaki Municipality,Δήμος Μουζακίου,Δήμος Μουζακίου,2026-09-22,4,2026-09-18T00:00:00+00:00,26.7,19.3,23.0,93.5,6.5,0.0,0.0,0.0,below_30,Уобичајена температура,GREEN,93.5,2026-09-22T12:00:00+00:00,11,17,11–17 h,6,GEFS | ICON-EU EPS,31,40,EXPERIMENTAL / NOT CALIBRATED,87.1,100.0,12.9,0.0,0.0,0.0,0.0,0.0,0.0,0.0,2220939,Δήμος Μουζακίου,Mouzaki Municipality
2220940,Palamas Municipality,Δήμος Παλαμά,Δήμος Παλαμά,2026-09-22,4,2026-09-18T00:00:00+00:00,28.3,24.2,26.3,74.0,26.0,0.0,0.0,0.0,below_30,Уобичајена температура,GREEN,74.0,2026-09-22T12:00:00+00:00,11,17,11–17 h,6,GEFS | ICON-EU EPS,31,40,EXPERIMENTAL / NOT CALIBRATED,58.1,90.0,41.9,10.0,0.0,0.0,0.0,0.0,0.0,0.0,2220940,Δήμος Παλαμά,Palamas Municipality
2220941,Sofades Municipality,Δήμος Σοφάδων,Δήμος Σοφάδων,2026-09-22,4,2026-09-18T00:00:00+00:00,27.9,24.8,26.3,84.1,15.9,0.0,0.0,0.0,below_30,Уобичајена температура,GREEN,84.1,2026-09-22T12:00:00+00:00,11,17,11–17 h,6,GEFS | ICON-EU EPS,31,40,EXPERIMENTAL / NOT CALIBRATED,80.6,87.5,19.4,12.5,0.0,0.0,0.0,0.0,0.0,0.0,2220941,Δήμος Σοφάδων,Sofades Municipality
2222971,Arta Municipality,Δήμος Αρταίων,Δήμος Αρταίων,2026-09-22,4,2026-09-18T00:00:00+00:00,28.6,28.7,28.7,73.3,26.7,0.0,0.0,0.0,below_30,Уобичајена температура,GREEN,73.3,2026-09-22T12:00:00+00:00,11,17,11–17 h,6,GEFS | ICON-EU EPS,31,40,EXPERIMENTAL / NOT CALIBRATED,74.2,72.5,25.8,27.5,0.0,0.0,0.0,0.0,0.0,0.0,2222971,Δήμος Αρταίων,Arta Municipality
2222972,Georgios Karaiskakis Municipality,Δήμος Γεωργίου Καραϊσκάκη,Δήμος Γεωργίου Καραϊσκάκη,2026-09-22,4,2026-09-18T00:00:00+00:00,25.8,20.9,23.4,100.0,0.0,0.0,0.0,0.0,below_30,Уобичајена температура,GREEN,100.0,2026-09-22T12:00:00+00:00,11,17,11–17 h,6,GEFS | ICON-EU EPS,31,40,EXPERIMENTAL / NOT CALIBRATED,100.0,100.0,0.0,0.0,0.0,0.0,0.0,0.0,0.0,0.0,2222972,Δήμος Γεωργίου Καραϊσκάκη,Georgios Karaiskakis Municipality
2222973,Central Tzoumerka Μunicipality,Δήμος Κεντρικών Τζουμέρκων,Δήμος Κεντρικών Τζουμέρκων,2026-09-22,4,2026-09-18T00:00:00+00:00,23.0,22.9,22.9,100.0,0.0,0.0,0.0,0.0,below_30,Уобичајена температура,GREEN,100.0,2026-09-22T12:00:00+00:00,11,17,11–17 h,6,GEFS | ICON-EU EPS,31,40,EXPERIMENTAL / NOT CALIBRATED,100.0,100.0,0.0,0.0,0.0,0.0,0.0,0.0,0.0,0.0,2222973,Δήμος Κεντρικών Τζουμέρκων,Central Tzoumerka Μunicipality
2222974,Nikolaos Skoufas Municipality,Δήμος Νικολάου Σκουφά,Δήμος Νικολάου Σκουφά,2026-09-22,4,2026-09-18T00:00:00+00:00,28.6,26.7,27.7,87.1,12.9,0.0,0.0,0.0,below_30,Уобичајена температура,GREEN,87.1,2026-09-22T12:00:00+00:00,11,17,11–17 h,6,GEFS | ICON-EU EPS,31,40,EXPERIMENTAL / NOT CALIBRATED,74.2,100.0,25.8,0.0,0.0,0.0,0.0,0.0,0.0,0.0,2222974,Δήμος Νικολάου Σκουφά,Nikolaos Skoufas Municipality
2225506,Ziros Municipality,Δήμος Ζηρού,Δήμος Ζηρού,2026-09-22,4,2026-09-18T00:00:00+00:00,29.4,25.1,27.2,85.5,14.5,0.0,0.0,0.0,below_30,Уобичајена температура,GREEN,85.5,2026-09-22T12:00:00+00:00,11,17,11–17 h,6,GEFS | ICON-EU EPS,31,40,EXPERIMENTAL / NOT CALIBRATED,71.0,100.0,29.0,0.0,0.0,0.0,0.0,0.0,0.0,0.0,2225506,Δήμος Ζηρού,Ziros Municipality
2225507,Parga Municipality,Δήμος Πάργας,Δήμος Πάργας,2026-09-22,4,2026-09-18T00:00:00+00:00,27.9,27.0,27.4,98.4,1.6,0.0,0.0,0.0,below_30,Уобичајена температура,GREEN,98.4,2026-09-22T12:00:00+00:00,11,17,11–17 h,6,GEFS | ICON-EU EPS,31,40,EXPERIMENTAL / NOT CALIBRATED,96.8,100.0,3.2,0.0,0.0,0.0,0.0,0.0,0.0,0.0,2225507,Δήμος Πάργας,Parga Municipality
2225508,Preveza Municipality,Δήμος Πρέβεζας,Δήμος Πρέβεζας,2026-09-22,4,2026-09-18T00:00:00+00:00,29.4,26.4,27.9,85.5,14.5,0.0,0.0,0.0,below_30,Уобичајена температура,GREEN,85.5,2026-09-22T12:00:00+00:00,11,17,11–17 h,6,GEFS | ICON-EU EPS,31,40,EXPERIMENTAL / NOT CALIBRATED,71.0,100.0,29.0,0.0,0.0,0.0,0.0,0.0,0.0,0.0,2225508,Δήμος Πρέβεζας,Preveza Municipality
2227642,Igoumenitsa Municipality,Δήμος Ηγουμενίτσας,Δήμος Ηγουμενίτσας,2026-09-22,4,2026-09-18T00:00:00+00:00,25.6,26.1,25.9,100.0,0.0,0.0,0.0,0.0,below_30,Уобичајена температура,GREEN,100.0,2026-09-22T12:00:00+00:00,11,17,11–17 h,6,GEFS | ICON-EU EPS,31,40,EXPERIMENTAL / NOT CALIBRATED,100.0,100.0,0.0,0.0,0.0,0.0,0.0,0.0,0.0,0.0,2227642,Δήμος Ηγουμενίτσας,Igoumenitsa Municipality
2227643,Souli Municipality,Δήμος Σουλίου,Δήμος Σουλίου,2026-09-22,4,2026-09-18T00:00:00+00:00,27.7,24.2,26.0,95.2,4.8,0.0,0.0,0.0,below_30,Уобичајена температура,GREEN,95.2,2026-09-22T12:00:00+00:00,11,17,11–17 h,6,GEFS | ICON-EU EPS,31,40,EXPERIMENTAL / NOT CALIBRATED,90.3,100.0,9.7,0.0,0.0,0.0,0.0,0.0,0.0,0.0,2227643,Δήμος Σουλίου,Souli Municipality
2227644,Filiates Municipality,Δήμος Φιλιατών,Δήμος Φιλιατών,2026-09-22,4,2026-09-18T00:00:00+00:00,26.4,25.9,26.1,100.0,0.0,0.0,0.0,0.0,below_30,Уобичајена температура,GREEN,100.0,2026-09-22T12:00:00+00:00,11,17,11–17 h,6,GEFS | ICON-EU EPS,31,40,EXPERIMENTAL / NOT CALIBRATED,100.0,100.0,0.0,0.0,0.0,0.0,0.0,0.0,0.0,0.0,2227644,Δήμος Φιλιατών,Filiates Municipality
2235941,North Tzoumerka Municipality,Δήμος Βορείων Τζουμέρκων,Δήμος Βορείων Τζουμέρκων,2026-09-22,4,2026-09-18T00:00:00+00:00,26.0,23.6,24.8,100.0,0.0,0.0,0.0,0.0,below_30,Уобичајена температура,GREEN,100.0,2026-09-22T12:00:00+00:00,11,17,11–17 h,6,GEFS | ICON-EU EPS,31,40,EXPERIMENTAL / NOT CALIBRATED,100.0,100.0,0.0,0.0,0.0,0.0,0.0,0.0,0.0,0.0,2235941,Δήμος Βορείων Τζουμέρκων,North Tzoumerka Municipality
2235942,Dodoni Municipality,Δήμος Δωδώνης,Δήμος Δωδώνης,2026-09-22,4,2026-09-18T00:00:00+00:00,28.1,23.9,26.0,95.2,4.8,0.0,0.0,0.0,below_30,Уобичајена температура,GREEN,95.2,2026-09-22T12:00:00+00:00,11,17,11–17 h,6,GEFS | ICON-EU EPS,31,40,EXPERIMENTAL / NOT CALIBRATED,90.3,100.0,9.7,0.0,0.0,0.0,0.0,0.0,0.0,0.0,2235942,Δήμος Δωδώνης,Dodoni Municipality
2235943,Zitsa Municipality,Δήμος Ζίτσας,Δήμος Ζίτσας,2026-09-22,4,2026-09-18T00:00:00+00:00,26.5,26.3,26.4,100.0,0.0,0.0,0.0,0.0,below_30,Уобичајена температура,GREEN,100.0,2026-09-22T12:00:00+00:00,11,17,11–17 h,6,GEFS | ICON-EU EPS,31,40,EXPERIMENTAL / NOT CALIBRATED,100.0,100.0,0.0,0.0,0.0,0.0,0.0,0.0,0.0,0.0,2235943,Δήμος Ζίτσας,Zitsa Municipality
2235944,Zagori Municipality,Δήμος Ζαγορίου,Δήμος Ζαγορίου,2026-09-22,4,2026-09-18T00:00:00+00:00,21.8,20.2,21.0,100.0,0.0,0.0,0.0,0.0,below_30,Уобичајена температура,GREEN,100.0,2026-09-22T12:00:00+00:00,11,17,11–17 h,6,GEFS | ICON-EU EPS,31,40,EXPERIMENTAL / NOT CALIBRATED,100.0,100.0,0.0,0.0,0.0,0.0,0.0,0.0,0.0,0.0,2235944,Δήμος Ζαγορίου,Zagori Municipality
2235945,Ioannina Municipality,Δήμος Ιωαννιτών,Δήμος Ιωαννιτών,2026-09-22,4,2026-09-18T00:00:00+00:00,23.0,23.7,23.4,100.0,0.0,0.0,0.0,0.0,below_30,Уобичајена температура,GREEN,100.0,2026-09-22T12:00:00+00:00,11,17,11–17 h,6,GEFS | ICON-EU EPS,31,40,EXPERIMENTAL / NOT CALIBRATED,100.0,100.0,0.0,0.0,0.0,0.0,0.0,0.0,0.0,0.0,2235945,Δήμος Ιωαννιτών,Ioannina Municipality
2235946,Konitsa Municipality,Δήμος Κόνιτσας,Δήμος Κόνιτσας,2026-09-22,4,2026-09-18T00:00:00+00:00,22.8,20.0,21.4,100.0,0.0,0.0,0.0,0.0,below_30,Уобичајена температура,GREEN,100.0,2026-09-22T12:00:00+00:00,11,17,11–17 h,6,GEFS | ICON-EU EPS,31,40,EXPERIMENTAL / NOT CALIBRATED,100.0,100.0,0.0,0.0,0.0,0.0,0.0,0.0,0.0,0.0,2235946,Δήμος Κόνιτσας,Konitsa Municipality
2235947,Metsovo Municipality,Δήμος Μετσόβου,Δήμος Μετσόβου,2026-09-22,4,2026-09-18T00:00:00+00:00,22.4,17.6,20.0,100.0,0.0,0.0,0.0,0.0,below_30,Уобичајена температура,GREEN,100.0,2026-09-22T12:00:00+00:00,11,17,11–17 h,6,GEFS | ICON-EU EPS,31,40,EXPERIMENTAL / NOT CALIBRATED,100.0,100.0,0.0,0.0,0.0,0.0,0.0,0.0,0.0,0.0,2235947,Δήμος Μετσόβου,Metsovo Municipality
2235948,Pogoni Municipality,Δήμος Πωγωνίου,Δήμος Πωγωνίου,2026-09-22,4,2026-09-18T00:00:00+00:00,27.0,26.0,26.5,100.0,0.0,0.0,0.0,0.0,below_30,Уобичајена температура,GREEN,100.0,2026-09-22T12:00:00+00:00,11,17,11–17 h,6,GEFS | ICON-EU EPS,31,40,EXPERIMENTAL / NOT CALIBRATED,100.0,100.0,0.0,0.0,0.0,0.0,0.0,0.0,0.0,0.0,2235948,Δήμος Πωγωνίου,Pogoni Municipality
2238560,Meteora Municipality,Δήμος Μετεώρων,Δήμος Μετεώρων,2026-09-22,4,2026-09-18T00:00:00+00:00,24.6,22.3,23.4,100.0,0.0,0.0,0.0,0.0,below_30,Уобичајена температура,GREEN,100.0,2026-09-22T12:00:00+00:00,11,17,11–17 h,6,GEFS | ICON-EU EPS,31,40,EXPERIMENTAL / NOT CALIBRATED,100.0,100.0,0.0,0.0,0.0,0.0,0.0,0.0,0.0,0.0,2238560,Δήμος Μετεώρων,Meteora Municipality
2238561,Pyli Municipality,Δήμος Πύλης,Δήμος Πύλης,2026-09-22,4,2026-09-18T00:00:00+00:00,23.6,17.6,20.6,100.0,0.0,0.0,0.0,0.0,below_30,Уобичајена температура,GREEN,100.0,2026-09-22T12:00:00+00:00,11,17,11–17 h,6,GEFS | ICON-EU EPS,31,40,EXPERIMENTAL / NOT CALIBRATED,100.0,100.0,0.0,0.0,0.0,0.0,0.0,0.0,0.0,0.0,2238561,Δήμος Πύλης,Pyli Municipality
2238562,Trikala Municipality,Δήμος Τρικκαίων,Δήμος Τρικκαίων,2026-09-22,4,2026-09-18T00:00:00+00:00,26.7,24.3,25.5,86.0,14.0,0.0,0.0,0.0,below_30,Уобичајена температура,GREEN,86.0,2026-09-22T12:00:00+00:00,11,17,11–17 h,6,GEFS | ICON-EU EPS,31,40,EXPERIMENTAL / NOT CALIBRATED,87.1,85.0,12.9,15.0,0.0,0.0,0.0,0.0,0.0,0.0,2238562,Δήμος Τρικκαίων,Trikala Municipality
2238563,Farkadona Municipality,Δήμος Φαρκαδόνας,Δήμος Φαρκαδόνας,2026-09-22,4,2026-09-18T00:00:00+00:00,28.3,22.2,25.3,75.3,24.7,0.0,0.0,0.0,below_30,Уобичајена температура,GREEN,75.3,2026-09-22T12:00:00+00:00,11,17,11–17 h,6,GEFS | ICON-EU EPS,31,40,EXPERIMENTAL / NOT CALIBRATED,58.1,92.5,41.9,7.5,0.0,0.0,0.0,0.0,0.0,0.0,2238563,Δήμος Φαρκαδόνας,Farkadona Municipality
2242282,Almyros Municipality,Δήμος Αλμυρού,Δήμος Αλμυρού,2026-09-22,4,2026-09-18T00:00:00+00:00,25.9,22.8,24.4,96.8,3.2,0.0,0.0,0.0,below_30,Уобичајена температура,GREEN,96.8,2026-09-22T12:00:00+00:00,11,17,11–17 h,6,GEFS | ICON-EU EPS,31,40,EXPERIMENTAL / NOT CALIBRATED,93.5,100.0,6.5,0.0,0.0,0.0,0.0,0.0,0.0,0.0,2242282,Δήμος Αλμυρού,Almyros Municipality
2242283,Volos Municipality,Δήμος Βόλου,Δήμος Βόλου,2026-09-22,4,2026-09-18T00:00:00+00:00,23.5,23.3,23.4,100.0,0.0,0.0,0.0,0.0,below_30,Уобичајена температура,GREEN,100.0,2026-09-22T12:00:00+00:00,11,17,11–17 h,6,GEFS | ICON-EU EPS,31,40,EXPERIMENTAL / NOT CALIBRATED,100.0,100.0,0.0,0.0,0.0,0.0,0.0,0.0,0.0,0.0,2242283,Δήμος Βόλου,Volos Municipality
2242284,Zagora - Mouresi Municipality,Δήμος Ζαγοράς - Μουρεσίου,Δήμος Ζαγοράς - Μουρεσίου,2026-09-22,4,2026-09-18T00:00:00+00:00,23.5,22.2,22.9,100.0,0.0,0.0,0.0,0.0,below_30,Уобичајена температура,GREEN,100.0,2026-09-22T12:00:00+00:00,11,17,11–17 h,6,GEFS | ICON-EU EPS,31,40,EXPERIMENTAL / NOT CALIBRATED,100.0,100.0,0.0,0.0,0.0,0.0,0.0,0.0,0.0,0.0,2242284,Δήμος Ζαγοράς - Μουρεσίου,Zagora - Mouresi Municipality
2242285,South Pilio Municipality,Δήμος Νοτίου Πηλίου,Δήμος Νοτίου Πηλίου,2026-09-22,4,2026-09-18T00:00:00+00:00,23.8,23.6,23.7,100.0,0.0,0.0,0.0,0.0,below_30,Уобичајена температура,GREEN,100.0,2026-09-22T12:00:00+00:00,11,17,11–17 h,6,GEFS | ICON-EU EPS,31,40,EXPERIMENTAL / NOT CALIBRATED,100.0,100.0,0.0,0.0,0.0,0.0,0.0,0.0,0.0,0.0,2242285,Δήμος Νοτίου Πηλίου,South Pilio Municipality
2242286,Rigas Feraios Municipality,Δήμος Ρήγα Φεραίου,Δήμος Ρήγα Φεραίου,2026-09-22,4,2026-09-18T00:00:00+00:00,26.4,21.3,23.9,96.8,3.2,0.0,0.0,0.0,below_30,Уобичајена температура,GREEN,96.8,2026-09-22T12:00:00+00:00,11,17,11–17 h,6,GEFS | ICON-EU EPS,31,40,EXPERIMENTAL / NOT CALIBRATED,93.5,100.0,6.5,0.0,0.0,0.0,0.0,0.0,0.0,0.0,2242286,Δήμος Ρήγα Φεραίου,Rigas Feraios Municipality
2246175,Agia Municipality,Δήμος Αγιάς,Δήμος Αγιάς,2026-09-22,4,2026-09-18T00:00:00+00:00,23.6,21.8,22.7,100.0,0.0,0.0,0.0,0.0,below_30,Уобичајена температура,GREEN,100.0,2026-09-22T12:00:00+00:00,11,17,11–17 h,6,GEFS | ICON-EU EPS,31,40,EXPERIMENTAL / NOT CALIBRATED,100.0,100.0,0.0,0.0,0.0,0.0,0.0,0.0,0.0,0.0,2246175,Δήμος Αγιάς,Agia Municipality
2246176,Elassona Municipality,Δήμος Ελασσόνας,Δήμος Ελασσόνας,2026-09-22,4,2026-09-18T00:00:00+00:00,23.0,22.1,22.6,100.0,0.0,0.0,0.0,0.0,below_30,Уобичајена температура,GREEN,100.0,2026-09-22T12:00:00+00:00,11,17,11–17 h,6,GEFS | ICON-EU EPS,31,40,EXPERIMENTAL / NOT CALIBRATED,100.0,100.0,0.0,0.0,0.0,0.0,0.0,0.0,0.0,0.0,2246176,Δήμος Ελασσόνας,Elassona Municipality
2246177,Kileler Municipality,Δήμος Κιλελέρ,Δήμος Κιλελέρ,2026-09-22,4,2026-09-18T00:00:00+00:00,28.3,23.4,25.9,82.6,17.4,0.0,0.0,0.0,below_30,Уобичајена температура,GREEN,82.6,2026-09-22T12:00:00+00:00,11,17,11–17 h,6,GEFS | ICON-EU EPS,31,40,EXPERIMENTAL / NOT CALIBRATED,67.7,97.5,32.3,2.5,0.0,0.0,0.0,0.0,0.0,0.0,2246177,Δήμος Κιλελέρ,Kileler Municipality
2246178,Municipality of Larissa,Δήμος Λαρισαίων,Δήμος Λαρισαίων,2026-09-22,4,2026-09-18T00:00:00+00:00,29.1,23.6,26.4,77.3,22.7,0.0,0.0,0.0,below_30,Уобичајена температура,GREEN,77.3,2026-09-22T12:00:00+00:00,11,17,11–17 h,6,GEFS | ICON-EU EPS,31,40,EXPERIMENTAL / NOT CALIBRATED,64.5,90.0,35.5,10.0,0.0,0.0,0.0,0.0,0.0,0.0,2246178,Δήμος Λαρισαίων,Municipality of Larissa
2246179,Tempi Municipality,Δήμος Τεμπών,Δήμος Τεμπών,2026-09-22,4,2026-09-18T00:00:00+00:00,25.9,20.0,23.0,96.8,3.2,0.0,0.0,0.0,below_30,Уобичајена температура,GREEN,96.8,2026-09-22T12:00:00+00:00,11,17,11–17 h,6,GEFS | ICON-EU EPS,31,40,EXPERIMENTAL / NOT CALIBRATED,93.5,100.0,6.5,0.0,0.0,0.0,0.0,0.0,0.0,0.0,2246179,Δήμος Τεμπών,Tempi Municipality
2246180,Tyrnavos Municipality,Δήμος Τυρνάβου,Δήμος Τυρνάβου,2026-09-22,4,2026-09-18T00:00:00+00:00,27.2,23.1,25.1,92.3,7.7,0.0,0.0,0.0,below_30,Уобичајена температура,GREEN,92.3,2026-09-22T12:00:00+00:00,11,17,11–17 h,6,GEFS | ICON-EU EPS,31,40,EXPERIMENTAL / NOT CALIBRATED,87.1,97.5,12.9,2.5,0.0,0.0,0.0,0.0,0.0,0.0,2246180,Δήμος Τυρνάβου,Tyrnavos Municipality
2246181,Farsala Municipality,Δήμος Φαρσάλων,Δήμος Φαρσάλων,2026-09-22,4,2026-09-18T00:00:00+00:00,27.1,22.5,24.8,93.5,6.5,0.0,0.0,0.0,below_30,Уобичајена температура,GREEN,93.5,2026-09-22T12:00:00+00:00,11,17,11–17 h,6,GEFS | ICON-EU EPS,31,40,EXPERIMENTAL / NOT CALIBRATED,87.1,100.0,12.9,0.0,0.0,0.0,0.0,0.0,0.0,0.0,2246181,Δήμος Φαρσάλων,Farsala Municipality
2249033,Municipality of Grevena,Δήμος Γρεβενών,Δήμος Γρεβενών,2026-09-22,4,2026-09-18T00:00:00+00:00,23.1,21.4,22.2,100.0,0.0,0.0,0.0,0.0,below_30,Уобичајена температура,GREEN,100.0,2026-09-22T12:00:00+00:00,11,17,11–17 h,6,GEFS | ICON-EU EPS,31,40,EXPERIMENTAL / NOT CALIBRATED,100.0,100.0,0.0,0.0,0.0,0.0,0.0,0.0,0.0,0.0,2249033,Δήμος Γρεβενών,Municipality of Grevena
2249034,Deskati Municipality,Δήμος Δεσκάτης,Δήμος Δεσκάτης,2026-09-22,4,2026-09-18T00:00:00+00:00,25.7,22.1,23.9,100.0,0.0,0.0,0.0,0.0,below_30,Уобичајена температура,GREEN,100.0,2026-09-22T12:00:00+00:00,11,17,11–17 h,6,GEFS | ICON-EU EPS,31,40,EXPERIMENTAL / NOT CALIBRATED,100.0,100.0,0.0,0.0,0.0,0.0,0.0,0.0,0.0,0.0,2249034,Δήμος Δεσκάτης,Deskati Municipality
2249328,Municipality of Kastoria,Δήμος Καστοριάς,Δήμος Καστοριάς,2026-09-22,4,2026-09-18T00:00:00+00:00,22.1,16.8,19.5,100.0,0.0,0.0,0.0,0.0,below_30,Уобичајена температура,GREEN,100.0,2026-09-22T12:00:00+00:00,11,17,11–17 h,6,GEFS | ICON-EU EPS,31,40,EXPERIMENTAL / NOT CALIBRATED,100.0,100.0,0.0,0.0,0.0,0.0,0.0,0.0,0.0,0.0,2249328,Δήμος Καστοριάς,Municipality of Kastoria
2249329,Nestorio Municipality,Δήμος Νεστορίου,Δήμος Νεστορίου,2026-09-22,4,2026-09-18T00:00:00+00:00,22.0,16.3,19.1,100.0,0.0,0.0,0.0,0.0,below_30,Уобичајена температура,GREEN,100.0,2026-09-22T12:00:00+00:00,11,17,11–17 h,6,GEFS | ICON-EU EPS,31,40,EXPERIMENTAL / NOT CALIBRATED,100.0,100.0,0.0,0.0,0.0,0.0,0.0,0.0,0.0,0.0,2249329,Δήμος Νεστορίου,Nestorio Municipality
2249330,Argos Orestiko Municipality,Δήμος Άργους Ορεστικού,Δήμος Άργους Ορεστικού,2026-09-22,4,2026-09-18T00:00:00+00:00,22.1,20.7,21.4,100.0,0.0,0.0,0.0,0.0,below_30,Уобичајена температура,GREEN,100.0,2026-09-22T12:00:00+00:00,11,17,11–17 h,6,GEFS | ICON-EU EPS,31,40,EXPERIMENTAL / NOT CALIBRATED,100.0,100.0,0.0,0.0,0.0,0.0,0.0,0.0,0.0,0.0,2249330,Δήμος Άργους Ορεστικού,Argos Orestiko Municipality
2249448,Amyndeo Municipality,Δήμος Αμυνταίου,Δήμος Αμυνταίου,2026-09-22,4,2026-09-18T00:00:00+00:00,21.1,17.3,19.2,100.0,0.0,0.0,0.0,0.0,below_30,Уобичајена температура,GREEN,100.0,2026-09-22T12:00:00+00:00,11,17,11–17 h,6,GEFS | ICON-EU EPS,31,40,EXPERIMENTAL / NOT CALIBRATED,100.0,100.0,0.0,0.0,0.0,0.0,0.0,0.0,0.0,0.0,2249448,Δήμος Αμυνταίου,Amyndeo Municipality
2249449,Prespes Municipality,Δήμος Πρεσπών,Δήμος Πρεσπών,2026-09-22,4,2026-09-18T00:00:00+00:00,20.6,17.0,18.8,100.0,0.0,0.0,0.0,0.0,below_30,Уобичајена температура,GREEN,100.0,2026-09-22T12:00:00+00:00,11,17,11–17 h,6,GEFS | ICON-EU EPS,31,40,EXPERIMENTAL / NOT CALIBRATED,100.0,100.0,0.0,0.0,0.0,0.0,0.0,0.0,0.0,0.0,2249449,Δήμος Πρεσπών,Prespes Municipality
2249451,Municipality of Florina,Δήμος Φλώρινας,Δήμος Φλώρινας,2026-09-22,4,2026-09-18T00:00:00+00:00,20.1,17.5,18.8,100.0,0.0,0.0,0.0,0.0,below_30,Уобичајена температура,GREEN,100.0,2026-09-22T12:00:00+00:00,11,17,11–17 h,6,GEFS | ICON-EU EPS,31,40,EXPERIMENTAL / NOT CALIBRATED,100.0,100.0,0.0,0.0,0.0,0.0,0.0,0.0,0.0,0.0,2249451,Δήμος Φλώρινας,Municipality of Florina
2249484,Voio Municipality,Δήμος Βοϊου,Δήμος Βοϊου,2026-09-22,4,2026-09-18T00:00:00+00:00,23.6,21.9,22.8,100.0,0.0,0.0,0.0,0.0,below_30,Уобичајена температура,GREEN,100.0,2026-09-22T12:00:00+00:00,11,17,11–17 h,6,GEFS | ICON-EU EPS,31,40,EXPERIMENTAL / NOT CALIBRATED,100.0,100.0,0.0,0.0,0.0,0.0,0.0,0.0,0.0,0.0,2249484,Δήμος Βοϊου,Voio Municipality
2249485,Eordaia Municipality,Δήμος Εορδαίας,Δήμος Εορδαίας,2026-09-22,4,2026-09-18T00:00:00+00:00,22.5,19.5,21.0,100.0,0.0,0.0,0.0,0.0,below_30,Уобичајена температура,GREEN,100.0,2026-09-22T12:00:00+00:00,11,17,11–17 h,6,GEFS | ICON-EU EPS,31,40,EXPERIMENTAL / NOT CALIBRATED,100.0,100.0,0.0,0.0,0.0,0.0,0.0,0.0,0.0,0.0,2249485,Δήμος Εορδαίας,Eordaia Municipality
2249486,Municipality of Kozani,Δήμος Κοζάνης,Δήμος Κοζάνης,2026-09-22,4,2026-09-18T00:00:00+00:00,24.0,21.4,22.7,100.0,0.0,0.0,0.0,0.0,below_30,Уобичајена температура,GREEN,100.0,2026-09-22T12:00:00+00:00,11,17,11–17 h,6,GEFS | ICON-EU EPS,31,40,EXPERIMENTAL / NOT CALIBRATED,100.0,100.0,0.0,0.0,0.0,0.0,0.0,0.0,0.0,0.0,2249486,Δήμος Κοζάνης,Municipality of Kozani
2249487,Municipality of Servia,Δήμος Σερβίων,Δήμος Σερβίων,2026-09-22,4,2026-09-18T00:00:00+00:00,22.7,21.7,22.2,100.0,0.0,0.0,0.0,0.0,below_30,Уобичајена температура,GREEN,100.0,2026-09-22T12:00:00+00:00,11,17,11–17 h,6,GEFS | ICON-EU EPS,31,40,EXPERIMENTAL / NOT CALIBRATED,100.0,100.0,0.0,0.0,0.0,0.0,0.0,0.0,0.0,0.0,2249487,Δήμος Σερβίων,Municipality of Servia
2249507,Dion - Olympos Municipality,Δήμος Δίου - Ολύμπου,Δήμος Δίου - Ολύμπου,2026-09-22,4,2026-09-18T00:00:00+00:00,22.7,19.6,21.2,100.0,0.0,0.0,0.0,0.0,below_30,Уобичајена температура,GREEN,100.0,2026-09-22T12:00:00+00:00,11,17,11–17 h,6,GEFS | ICON-EU EPS,31,40,EXPERIMENTAL / NOT CALIBRATED,100.0,100.0,0.0,0.0,0.0,0.0,0.0,0.0,0.0,0.0,2249507,Δήμος Δίου - Ολύμπου,Dion - Olympos Municipality
2249508,Katerini Municipality,Δήμος Κατερίνης,Δήμος Κατερίνης,2026-09-22,4,2026-09-18T00:00:00+00:00,22.2,19.4,20.8,100.0,0.0,0.0,0.0,0.0,below_30,Уобичајена температура,GREEN,100.0,2026-09-22T12:00:00+00:00,11,17,11–17 h,6,GEFS | ICON-EU EPS,31,40,EXPERIMENTAL / NOT CALIBRATED,100.0,100.0,0.0,0.0,0.0,0.0,0.0,0.0,0.0,0.0,2249508,Δήμος Κατερίνης,Katerini Municipality
2249509,Pydna - Kolindros Municipality,Δήμος Πύδνας - Κολινδρού,Δήμος Πύδνας - Κολινδρού,2026-09-22,4,2026-09-18T00:00:00+00:00,25.4,23.5,24.4,98.4,1.6,0.0,0.0,0.0,below_30,Уобичајена температура,GREEN,98.4,2026-09-22T12:00:00+00:00,11,17,11–17 h,6,GEFS | ICON-EU EPS,31,40,EXPERIMENTAL / NOT CALIBRATED,96.8,100.0,3.2,0.0,0.0,0.0,0.0,0.0,0.0,0.0,2249509,Δήμος Πύδνας - Κολινδρού,Pydna - Kolindros Municipality
2249522,Alexandria Municipality,Δήμος Αλεξάνδρειας,Δήμος Αλεξάνδρειας,2026-09-22,4,2026-09-18T00:00:00+00:00,25.4,25.4,25.4,98.4,1.6,0.0,0.0,0.0,below_30,Уобичајена температура,GREEN,98.4,2026-09-22T12:00:00+00:00,11,17,11–17 h,6,GEFS | ICON-EU EPS,31,40,EXPERIMENTAL / NOT CALIBRATED,96.8,100.0,3.2,0.0,0.0,0.0,0.0,0.0,0.0,0.0,2249522,Δήμος Αλεξάνδρειας,Alexandria Municipality
2249523,Veria Municipality,Δήμος Βέροιας,Δήμος Βέροιας,2026-09-22,4,2026-09-18T00:00:00+00:00,24.2,20.5,22.4,98.4,1.6,0.0,0.0,0.0,below_30,Уобичајена температура,GREEN,98.4,2026-09-22T12:00:00+00:00,11,17,11–17 h,6,GEFS | ICON-EU EPS,31,40,EXPERIMENTAL / NOT CALIBRATED,96.8,100.0,3.2,0.0,0.0,0.0,0.0,0.0,0.0,0.0,2249523,Δήμος Βέροιας,Veria Municipality
2249524,Naousa Municipality,Δήμος Ηρωικής Πόλεως Νάουσας,Δήμος Ηρωικής Πόλεως Νάουσας,2026-09-22,4,2026-09-18T00:00:00+00:00,22.8,15.7,19.2,100.0,0.0,0.0,0.0,0.0,below_30,Уобичајена температура,GREEN,100.0,2026-09-22T12:00:00+00:00,11,17,11–17 h,6,GEFS | ICON-EU EPS,31,40,EXPERIMENTAL / NOT CALIBRATED,100.0,100.0,0.0,0.0,0.0,0.0,0.0,0.0,0.0,0.0,2249524,Δήμος Ηρωικής Πόλεως Νάουσας,Naousa Municipality
2250818,Edessa Municipality,Δήμος Έδεσσας,Δήμος Έδεσσας,2026-09-22,4,2026-09-18T00:00:00+00:00,22.8,19.8,21.3,100.0,0.0,0.0,0.0,0.0,below_30,Уобичајена температура,GREEN,100.0,2026-09-22T12:00:00+00:00,11,17,11–17 h,6,GEFS | ICON-EU EPS,31,40,EXPERIMENTAL / NOT CALIBRATED,100.0,100.0,0.0,0.0,0.0,0.0,0.0,0.0,0.0,0.0,2250818,Δήμος Έδεσσας,Edessa Municipality
2250819,Almopia Municipality,Δήμος Αλμωπίας,Δήμος Αλμωπίας,2026-09-22,4,2026-09-18T00:00:00+00:00,20.8,21.1,20.9,100.0,0.0,0.0,0.0,0.0,below_30,Уобичајена температура,GREEN,100.0,2026-09-22T12:00:00+00:00,11,17,11–17 h,6,GEFS | ICON-EU EPS,31,40,EXPERIMENTAL / NOT CALIBRATED,100.0,100.0,0.0,0.0,0.0,0.0,0.0,0.0,0.0,0.0,2250819,Δήμος Αλμωπίας,Almopia Municipality
2250820,Pella Municipality,Δήμος Πέλλας,Δήμος Πέλλας,2026-09-22,4,2026-09-18T00:00:00+00:00,26.5,25.0,25.7,95.2,4.8,0.0,0.0,0.0,below_30,Уобичајена температура,GREEN,95.2,2026-09-22T12:00:00+00:00,11,17,11–17 h,6,GEFS | ICON-EU EPS,31,40,EXPERIMENTAL / NOT CALIBRATED,90.3,100.0,9.7,0.0,0.0,0.0,0.0,0.0,0.0,0.0,2250820,Δήμος Πέλλας,Pella Municipality
2250821,Skydra Municipality,Δήμος Σκύδρας,Δήμος Σκύδρας,2026-09-22,4,2026-09-18T00:00:00+00:00,25.1,23.1,24.1,98.4,1.6,0.0,0.0,0.0,below_30,Уобичајена температура,GREEN,98.4,2026-09-22T12:00:00+00:00,11,17,11–17 h,6,GEFS | ICON-EU EPS,31,40,EXPERIMENTAL / NOT CALIBRATED,96.8,100.0,3.2,0.0,0.0,0.0,0.0,0.0,0.0,0.0,2250821,Δήμος Σκύδρας,Skydra Municipality
2251079,Kilkis Municipality,Δήμος Κιλκίς,Δήμος Κιλκίς,2026-09-22,4,2026-09-18T00:00:00+00:00,25.6,22.9,24.3,98.4,1.6,0.0,0.0,0.0,below_30,Уобичајена температура,GREEN,98.4,2026-09-22T12:00:00+00:00,11,17,11–17 h,6,GEFS | ICON-EU EPS,31,40,EXPERIMENTAL / NOT CALIBRATED,96.8,100.0,3.2,0.0,0.0,0.0,0.0,0.0,0.0,0.0,2251079,Δήμος Κιλκίς,Kilkis Municipality
2251080,Municipality of Paionia,Δήμος Παιονίας,Δήμος Παιονίας,2026-09-22,4,2026-09-18T00:00:00+00:00,25.0,23.9,24.4,98.4,1.6,0.0,0.0,0.0,below_30,Уобичајена температура,GREEN,98.4,2026-09-22T12:00:00+00:00,11,17,11–17 h,6,GEFS | ICON-EU EPS,31,40,EXPERIMENTAL / NOT CALIBRATED,96.8,100.0,3.2,0.0,0.0,0.0,0.0,0.0,0.0,0.0,2251080,Δήμος Παιονίας,Municipality of Paionia
2333893,Municipality of Nikaia-Agios Ioannis Rentis,Δήμος Νίκαιας - Αγίου Ιωάννη Ρέντη,Δήμος Νίκαιας - Αγίου Ιωάννη Ρέντη,2026-09-22,4,2026-09-18T00:00:00+00:00,27.5,27.8,27.6,89.6,10.4,0.0,0.0,0.0,below_30,Уобичајена температура,GREEN,89.6,2026-09-22T12:00:00+00:00,11,17,11–17 h,6,GEFS | ICON-EU EPS,31,40,EXPERIMENTAL / NOT CALIBRATED,96.8,82.5,3.2,17.5,0.0,0.0,0.0,0.0,0.0,0.0,2333893,Δήμος Νίκαιας - Αγίου Ιωάννη Ρέντη,Municipality of Nikaia-Agios Ioannis Rentis
2334807,Municipality of Keratsini-Drapetsona,Δήμος Κερατσινίου - Δραπετσώνας,Δήμος Κερατσινίου - Δραπετσώνας,2026-09-22,4,2026-09-18T00:00:00+00:00,26.9,27.8,27.4,89.6,10.4,0.0,0.0,0.0,below_30,Уобичајена температура,GREEN,89.6,2026-09-22T12:00:00+00:00,11,17,11–17 h,6,GEFS | ICON-EU EPS,31,40,EXPERIMENTAL / NOT CALIBRATED,96.8,82.5,3.2,17.5,0.0,0.0,0.0,0.0,0.0,0.0,2334807,Δήμος Κερατσινίου - Δραπετσώνας,Municipality of Keratsini-Drapetsona
2334891,Municipality of Filothei - Psychiko,Δήμος Φιλοθέης - Ψυχικού,Δήμος Φιλοθέης - Ψυχικού,2026-09-22,4,2026-09-18T00:00:00+00:00,27.5,26.0,26.7,95.9,4.1,0.0,0.0,0.0,below_30,Уобичајена температура,GREEN,95.9,2026-09-22T12:00:00+00:00,11,17,11–17 h,6,GEFS | ICON-EU EPS,31,40,EXPERIMENTAL / NOT CALIBRATED,96.8,95.0,3.2,5.0,0.0,0.0,0.0,0.0,0.0,0.0,2334891,Δήμος Φιλοθέης - Ψυχικού,Municipality of Filothei - Psychiko
2345112,Municipality of Alexandroupoli,Δήμος Αλεξανδρούπολης,Δήμος Αλεξανδρούπολης,2026-09-22,4,2026-09-18T00:00:00+00:00,23.6,21.6,22.6,100.0,0.0,0.0,0.0,0.0,below_30,Уобичајена температура,GREEN,100.0,2026-09-22T12:00:00+00:00,11,17,11–17 h,6,GEFS | ICON-EU EPS,31,40,EXPERIMENTAL / NOT CALIBRATED,100.0,100.0,0.0,0.0,0.0,0.0,0.0,0.0,0.0,0.0,2345112,Δήμος Αλεξανδρούπολης,Municipality of Alexandroupoli
2345113,Didymoticho Municipality,Δήμος Διδυμοτείχου,Δήμος Διδυμοτείχου,2026-09-22,4,2026-09-18T00:00:00+00:00,24.3,22.1,23.2,98.4,1.6,0.0,0.0,0.0,below_30,Уобичајена температура,GREEN,98.4,2026-09-22T12:00:00+00:00,11,17,11–17 h,6,GEFS | ICON-EU EPS,31,40,EXPERIMENTAL / NOT CALIBRATED,96.8,100.0,3.2,0.0,0.0,0.0,0.0,0.0,0.0,0.0,2345113,Δήμος Διδυμοτείχου,Didymoticho Municipality
2345114,Orestiada Municipality,Δήμος Ορεστιάδας,Δήμος Ορεστιάδας,2026-09-22,4,2026-09-18T00:00:00+00:00,24.0,21.7,22.9,100.0,0.0,0.0,0.0,0.0,below_30,Уобичајена температура,GREEN,100.0,2026-09-22T12:00:00+00:00,11,17,11–17 h,6,GEFS | ICON-EU EPS,31,40,EXPERIMENTAL / NOT CALIBRATED,100.0,100.0,0.0,0.0,0.0,0.0,0.0,0.0,0.0,0.0,2345114,Δήμος Ορεστιάδας,Orestiada Municipality
2345115,Soufli Municipality,Δήμος Σουφλίου,Δήμος Σουφλίου,2026-09-22,4,2026-09-18T00:00:00+00:00,23.7,20.4,22.1,98.4,1.6,0.0,0.0,0.0,below_30,Уобичајена температура,GREEN,98.4,2026-09-22T12:00:00+00:00,11,17,11–17 h,6,GEFS | ICON-EU EPS,31,40,EXPERIMENTAL / NOT CALIBRATED,96.8,100.0,3.2,0.0,0.0,0.0,0.0,0.0,0.0,0.0,2345115,Δήμος Σουφλίου,Soufli Municipality
2345167,Arriana Municipality,Δήμος Αρριανών,Δήμος Αρριανών,2026-09-22,4,2026-09-18T00:00:00+00:00,22.6,19.7,21.2,100.0,0.0,0.0,0.0,0.0,below_30,Уобичајена температура,GREEN,100.0,2026-09-22T12:00:00+00:00,11,17,11–17 h,6,GEFS | ICON-EU EPS,31,40,EXPERIMENTAL / NOT CALIBRATED,100.0,100.0,0.0,0.0,0.0,0.0,0.0,0.0,0.0,0.0,2345167,Δήμος Αρριανών,Arriana Municipality
2345168,Iasmos Municipality,Δήμος Ιάσμου,Δήμος Ιάσμου,2026-09-22,4,2026-09-18T00:00:00+00:00,22.6,20.2,21.4,100.0,0.0,0.0,0.0,0.0,below_30,Уобичајена температура,GREEN,100.0,2026-09-22T12:00:00+00:00,11,17,11–17 h,6,GEFS | ICON-EU EPS,31,40,EXPERIMENTAL / NOT CALIBRATED,100.0,100.0,0.0,0.0,0.0,0.0,0.0,0.0,0.0,0.0,2345168,Δήμος Ιάσμου,Iasmos Municipality
2345169,Komotini Municipality,Δήμος Κομοτηνής,Δήμος Κομοτηνής,2026-09-22,4,2026-09-18T00:00:00+00:00,23.9,21.9,22.9,100.0,0.0,0.0,0.0,0.0,below_30,Уобичајена температура,GREEN,100.0,2026-09-22T12:00:00+00:00,11,17,11–17 h,6,GEFS | ICON-EU EPS,31,40,EXPERIMENTAL / NOT CALIBRATED,100.0,100.0,0.0,0.0,0.0,0.0,0.0,0.0,0.0,0.0,2345169,Δήμος Κομοτηνής,Komotini Municipality
2345170,Maronia - Sapes Municipality,Δήμος Μαρωνείας - Σαπών,Δήμος Μαρωνείας - Σαπών,2026-09-22,4,2026-09-18T00:00:00+00:00,23.9,22.6,23.2,100.0,0.0,0.0,0.0,0.0,below_30,Уобичајена температура,GREEN,100.0,2026-09-22T12:00:00+00:00,11,17,11–17 h,6,GEFS | ICON-EU EPS,31,40,EXPERIMENTAL / NOT CALIBRATED,100.0,100.0,0.0,0.0,0.0,0.0,0.0,0.0,0.0,0.0,2345170,Δήμος Μαρωνείας - Σαπών,Maronia - Sapes Municipality
2345376,Abdera Municipality,Δήμος Αβδήρων,Δήμος Αβδήρων,2026-09-22,4,2026-09-18T00:00:00+00:00,23.1,21.8,22.5,100.0,0.0,0.0,0.0,0.0,below_30,Уобичајена температура,GREEN,100.0,2026-09-22T12:00:00+00:00,11,17,11–17 h,6,GEFS | ICON-EU EPS,31,40,EXPERIMENTAL / NOT CALIBRATED,100.0,100.0,0.0,0.0,0.0,0.0,0.0,0.0,0.0,0.0,2345376,Δήμος Αβδήρων,Abdera Municipality
2345377,Myki Municipality,Δήμος Μύκης,Δήμος Μύκης,2026-09-22,4,2026-09-18T00:00:00+00:00,21.6,18.1,19.9,100.0,0.0,0.0,0.0,0.0,below_30,Уобичајена температура,GREEN,100.0,2026-09-22T12:00:00+00:00,11,17,11–17 h,6,GEFS | ICON-EU EPS,31,40,EXPERIMENTAL / NOT CALIBRATED,100.0,100.0,0.0,0.0,0.0,0.0,0.0,0.0,0.0,0.0,2345377,Δήμος Μύκης,Myki Municipality
2345380,Topeiros Municipality,Δήμος Τοπείρου,Δήμος Τοπείρου,2026-09-22,4,2026-09-18T00:00:00+00:00,22.7,20.3,21.5,100.0,0.0,0.0,0.0,0.0,below_30,Уобичајена температура,GREEN,100.0,2026-09-22T12:00:00+00:00,11,17,11–17 h,6,GEFS | ICON-EU EPS,31,40,EXPERIMENTAL / NOT CALIBRATED,100.0,100.0,0.0,0.0,0.0,0.0,0.0,0.0,0.0,0.0,2345380,Δήμος Τοπείρου,Topeiros Municipality
2345383,Xanthi Municipality,Δήμος Ξάνθης,Δήμος Ξάνθης,2026-09-22,4,2026-09-18T00:00:00+00:00,21.7,16.2,19.0,100.0,0.0,0.0,0.0,0.0,below_30,Уобичајена температура,GREEN,100.0,2026-09-22T12:00:00+00:00,11,17,11–17 h,6,GEFS | ICON-EU EPS,31,40,EXPERIMENTAL / NOT CALIBRATED,100.0,100.0,0.0,0.0,0.0,0.0,0.0,0.0,0.0,0.0,2345383,Δήμος Ξάνθης,Xanthi Municipality
2346527,Doxato Municipality,Δήμος Δοξάτου,Δήμος Δοξάτου,2026-09-22,4,2026-09-18T00:00:00+00:00,24.0,22.3,23.2,100.0,0.0,0.0,0.0,0.0,below_30,Уобичајена температура,GREEN,100.0,2026-09-22T12:00:00+00:00,11,17,11–17 h,6,GEFS | ICON-EU EPS,31,40,EXPERIMENTAL / NOT CALIBRATED,100.0,100.0,0.0,0.0,0.0,0.0,0.0,0.0,0.0,0.0,2346527,Δήμος Δοξάτου,Doxato Municipality
2346528,Drama Municipality,Δήμος Δράμας,Δήμος Δράμας,2026-09-22,4,2026-09-18T00:00:00+00:00,21.4,17.7,19.5,100.0,0.0,0.0,0.0,0.0,below_30,Уобичајена температура,GREEN,100.0,2026-09-22T12:00:00+00:00,11,17,11–17 h,6,GEFS | ICON-EU EPS,31,40,EXPERIMENTAL / NOT CALIBRATED,100.0,100.0,0.0,0.0,0.0,0.0,0.0,0.0,0.0,0.0,2346528,Δήμος Δράμας,Drama Municipality
2346529,Kato Nevrokopi Municipality,Δήμος Κάτω Νευροκοπίου,Δήμος Κάτω Νευροκοπίου,2026-09-22,4,2026-09-18T00:00:00+00:00,22.0,18.2,20.1,100.0,0.0,0.0,0.0,0.0,below_30,Уобичајена температура,GREEN,100.0,2026-09-22T12:00:00+00:00,11,17,11–17 h,6,GEFS | ICON-EU EPS,31,40,EXPERIMENTAL / NOT CALIBRATED,100.0,100.0,0.0,0.0,0.0,0.0,0.0,0.0,0.0,0.0,2346529,Δήμος Κάτω Νευροκοπίου,Kato Nevrokopi Municipality
2346530,Paranesti Municipality,Δήμος Παρανεστίου,Δήμος Παρανεστίου,2026-09-22,4,2026-09-18T00:00:00+00:00,21.4,19.0,20.2,100.0,0.0,0.0,0.0,0.0,below_30,Уобичајена температура,GREEN,100.0,2026-09-22T12:00:00+00:00,11,17,11–17 h,6,GEFS | ICON-EU EPS,31,40,EXPERIMENTAL / NOT CALIBRATED,100.0,100.0,0.0,0.0,0.0,0.0,0.0,0.0,0.0,0.0,2346530,Δήμος Παρανεστίου,Paranesti Municipality
2346531,Prossotsani Municipality,Δήμος Προσοτσάνης,Δήμος Προσοτσάνης,2026-09-22,4,2026-09-18T00:00:00+00:00,22.0,19.3,20.6,100.0,0.0,0.0,0.0,0.0,below_30,Уобичајена температура,GREEN,100.0,2026-09-22T12:00:00+00:00,11,17,11–17 h,6,GEFS | ICON-EU EPS,31,40,EXPERIMENTAL / NOT CALIBRATED,100.0,100.0,0.0,0.0,0.0,0.0,0.0,0.0,0.0,0.0,2346531,Δήμος Προσοτσάνης,Prossotsani Municipality
2346618,Amphipolis Municipality,Δήμος Αμφίπολης,Δήμος Αμφίπολης,2026-09-22,4,2026-09-18T00:00:00+00:00,24.5,23.5,24.0,98.4,1.6,0.0,0.0,0.0,below_30,Уобичајена температура,GREEN,98.4,2026-09-22T12:00:00+00:00,11,17,11–17 h,6,GEFS | ICON-EU EPS,31,40,EXPERIMENTAL / NOT CALIBRATED,96.8,100.0,3.2,0.0,0.0,0.0,0.0,0.0,0.0,0.0,2346618,Δήμος Αμφίπολης,Amphipolis Municipality
2346619,Visaltia Municipality,Δήμος Βισαλτίας,Δήμος Βισαλτίας,2026-09-22,4,2026-09-18T00:00:00+00:00,25.5,22.4,23.9,98.4,1.6,0.0,0.0,0.0,below_30,Уобичајена температура,GREEN,98.4,2026-09-22T12:00:00+00:00,11,17,11–17 h,6,GEFS | ICON-EU EPS,31,40,EXPERIMENTAL / NOT CALIBRATED,96.8,100.0,3.2,0.0,0.0,0.0,0.0,0.0,0.0,0.0,2346619,Δήμος Βισαλτίας,Visaltia Municipality
2346620,Emmanuel Pappas Municipality,Δήμος Εμμανουήλ Παππά,Δήμος Εμμανουήλ Παππά,2026-09-22,4,2026-09-18T00:00:00+00:00,24.7,24.7,24.7,98.4,1.6,0.0,0.0,0.0,below_30,Уобичајена температура,GREEN,98.4,2026-09-22T12:00:00+00:00,11,17,11–17 h,6,GEFS | ICON-EU EPS,31,40,EXPERIMENTAL / NOT CALIBRATED,96.8,100.0,3.2,0.0,0.0,0.0,0.0,0.0,0.0,0.0,2346620,Δήμος Εμμανουήλ Παππά,Emmanuel Pappas Municipality
2346621,Irakleia Municipality,Δήμος Ηρακλείας,Δήμος Ηρακλείας,2026-09-22,4,2026-09-18T00:00:00+00:00,25.4,24.2,24.8,98.4,1.6,0.0,0.0,0.0,below_30,Уобичајена температура,GREEN,98.4,2026-09-22T12:00:00+00:00,11,17,11–17 h,6,GEFS | ICON-EU EPS,31,40,EXPERIMENTAL / NOT CALIBRATED,96.8,100.0,3.2,0.0,0.0,0.0,0.0,0.0,0.0,0.0,2346621,Δήμος Ηρακλείας,Irakleia Municipality
2346622,Nea Zichni Municipality,Δήμος Νέας Ζίχνης,Δήμος Νέας Ζίχνης,2026-09-22,4,2026-09-18T00:00:00+00:00,24.7,20.2,22.5,98.4,1.6,0.0,0.0,0.0,below_30,Уобичајена температура,GREEN,98.4,2026-09-22T12:00:00+00:00,11,17,11–17 h,6,GEFS | ICON-EU EPS,31,40,EXPERIMENTAL / NOT CALIBRATED,96.8,100.0,3.2,0.0,0.0,0.0,0.0,0.0,0.0,0.0,2346622,Δήμος Νέας Ζίχνης,Nea Zichni Municipality
2346623,Serres Municipality,Δήμος Σερρών,Δήμος Σερρών,2026-09-22,4,2026-09-18T00:00:00+00:00,24.0,20.9,22.4,100.0,0.0,0.0,0.0,0.0,below_30,Уобичајена температура,GREEN,100.0,2026-09-22T12:00:00+00:00,11,17,11–17 h,6,GEFS | ICON-EU EPS,31,40,EXPERIMENTAL / NOT CALIBRATED,100.0,100.0,0.0,0.0,0.0,0.0,0.0,0.0,0.0,0.0,2346623,Δήμος Σερρών,Serres Municipality
2346624,Sintiki Municipality,Δήμος Σιντικής,Δήμος Σιντικής,2026-09-22,4,2026-09-18T00:00:00+00:00,24.7,23.7,24.2,98.4,1.6,0.0,0.0,0.0,below_30,Уобичајена температура,GREEN,98.4,2026-09-22T12:00:00+00:00,11,17,11–17 h,6,GEFS | ICON-EU EPS,31,40,EXPERIMENTAL / NOT CALIBRATED,96.8,100.0,3.2,0.0,0.0,0.0,0.0,0.0,0.0,0.0,2346624,Δήμος Σιντικής,Sintiki Municipality
2346651,Kavala Municipality,Δήμος Καβάλας,Δήμος Καβάλας,2026-09-22,4,2026-09-18T00:00:00+00:00,22.8,18.8,20.8,100.0,0.0,0.0,0.0,0.0,below_30,Уобичајена температура,GREEN,100.0,2026-09-22T12:00:00+00:00,11,17,11–17 h,6,GEFS | ICON-EU EPS,31,40,EXPERIMENTAL / NOT CALIBRATED,100.0,100.0,0.0,0.0,0.0,0.0,0.0,0.0,0.0,0.0,2346651,Δήμος Καβάλας,Kavala Municipality
2346652,Nestos Municipality,Δήμος Νέστου,Δήμος Νέστου,2026-09-22,4,2026-09-18T00:00:00+00:00,22.7,19.6,21.1,100.0,0.0,0.0,0.0,0.0,below_30,Уобичајена температура,GREEN,100.0,2026-09-22T12:00:00+00:00,11,17,11–17 h,6,GEFS | ICON-EU EPS,31,40,EXPERIMENTAL / NOT CALIBRATED,100.0,100.0,0.0,0.0,0.0,0.0,0.0,0.0,0.0,0.0,2346652,Δήμος Νέστου,Nestos Municipality
2346653,Paggaio Municipality,Δήμος Παγγαίου,Δήμος Παγγαίου,2026-09-22,4,2026-09-18T00:00:00+00:00,23.6,18.6,21.1,100.0,0.0,0.0,0.0,0.0,below_30,Уобичајена температура,GREEN,100.0,2026-09-22T12:00:00+00:00,11,17,11–17 h,6,GEFS | ICON-EU EPS,31,40,EXPERIMENTAL / NOT CALIBRATED,100.0,100.0,0.0,0.0,0.0,0.0,0.0,0.0,0.0,0.0,2346653,Δήμος Παγγαίου,Paggaio Municipality
2346655,Thassos Municipality,Δήμος Θάσου,Δήμος Θάσου,2026-09-22,4,2026-09-18T00:00:00+00:00,23.7,21.2,22.5,100.0,0.0,0.0,0.0,0.0,below_30,Уобичајена температура,GREEN,100.0,2026-09-22T00:00:00+00:00,11,17,11–17 h,6,GEFS | ICON-EU EPS,31,40,EXPERIMENTAL / NOT CALIBRATED,100.0,100.0,0.0,0.0,0.0,0.0,0.0,0.0,0.0,0.0,2346655,Δήμος Θάσου,Thassos Municipality
2346741,Aristotle Municipality,Δήμος Αριστοτέλη,Δήμος Αριστοτέλη,2026-09-22,4,2026-09-18T00:00:00+00:00,22.9,20.2,21.5,100.0,0.0,0.0,0.0,0.0,below_30,Уобичајена температура,GREEN,100.0,2026-09-22T12:00:00+00:00,11,17,11–17 h,6,GEFS | ICON-EU EPS,31,40,EXPERIMENTAL / NOT CALIBRATED,100.0,100.0,0.0,0.0,0.0,0.0,0.0,0.0,0.0,0.0,2346741,Δήμος Αριστοτέλη,Aristotle Municipality
2346742,Kassandra Municipality,Δήμος Κασσάνδρας,Δήμος Κασσάνδρας,2026-09-22,4,2026-09-18T00:00:00+00:00,24.2,23.6,23.9,100.0,0.0,0.0,0.0,0.0,below_30,Уобичајена температура,GREEN,100.0,2026-09-22T12:00:00+00:00,11,17,11–17 h,6,GEFS | ICON-EU EPS,31,40,EXPERIMENTAL / NOT CALIBRATED,100.0,100.0,0.0,0.0,0.0,0.0,0.0,0.0,0.0,0.0,2346742,Δήμος Κασσάνδρας,Kassandra Municipality
2346743,Municipality of Nea Propontida,Δήμος Νέας Προποντίδας,Δήμος Νέας Προποντίδας,2026-09-22,4,2026-09-18T00:00:00+00:00,24.1,24.5,24.3,100.0,0.0,0.0,0.0,0.0,below_30,Уобичајена температура,GREEN,100.0,2026-09-22T12:00:00+00:00,11,17,11–17 h,6,GEFS | ICON-EU EPS,31,40,EXPERIMENTAL / NOT CALIBRATED,100.0,100.0,0.0,0.0,0.0,0.0,0.0,0.0,0.0,0.0,2346743,Δήμος Νέας Προποντίδας,Municipality of Nea Propontida
2346744,Polygyros Municipality,Δήμος Πολυγύρου,Δήμος Πολυγύρου,2026-09-22,4,2026-09-18T00:00:00+00:00,23.8,20.8,22.3,98.4,1.6,0.0,0.0,0.0,below_30,Уобичајена температура,GREEN,98.4,2026-09-22T12:00:00+00:00,11,17,11–17 h,6,GEFS | ICON-EU EPS,31,40,EXPERIMENTAL / NOT CALIBRATED,96.8,100.0,3.2,0.0,0.0,0.0,0.0,0.0,0.0,0.0,2346744,Δήμος Πολυγύρου,Polygyros Municipality
2346745,Municipality of Sithonia,Δήμος Σιθωνίας,Δήμος Σιθωνίας,2026-09-22,4,2026-09-18T00:00:00+00:00,23.5,21.7,22.6,100.0,0.0,0.0,0.0,0.0,below_30,Уобичајена температура,GREEN,100.0,2026-09-22T12:00:00+00:00,11,17,11–17 h,6,GEFS | ICON-EU EPS,31,40,EXPERIMENTAL / NOT CALIBRATED,100.0,100.0,0.0,0.0,0.0,0.0,0.0,0.0,0.0,0.0,2346745,Δήμος Σιθωνίας,Municipality of Sithonia
2348441,Ampelokipi - Menemeni Municipality,Δήμος Αμπελοκήπων - Μενεμένης,Δήμος Αμπελοκήπων - Μενεμένης,2026-09-22,4,2026-09-18T00:00:00+00:00,25.0,24.3,24.6,98.4,1.6,0.0,0.0,0.0,below_30,Уобичајена температура,GREEN,98.4,2026-09-22T12:00:00+00:00,11,17,11–17 h,6,GEFS | ICON-EU EPS,31,40,EXPERIMENTAL / NOT CALIBRATED,96.8,100.0,3.2,0.0,0.0,0.0,0.0,0.0,0.0,0.0,2348441,Δήμος Αμπελοκήπων - Μενεμένης,Ampelokipi - Menemeni Municipality
2348442,Kalamaria Municipality,Δήμος Καλαμαριάς,Δήμος Καλαμαριάς,2026-09-22,4,2026-09-18T00:00:00+00:00,25.3,22.9,24.1,98.4,1.6,0.0,0.0,0.0,below_30,Уобичајена температура,GREEN,98.4,2026-09-22T12:00:00+00:00,11,17,11–17 h,6,GEFS | ICON-EU EPS,31,40,EXPERIMENTAL / NOT CALIBRATED,96.8,100.0,3.2,0.0,0.0,0.0,0.0,0.0,0.0,0.0,2348442,Δήμος Καλαμαριάς,Kalamaria Municipality
2348443,Kordelio - Evosmos Municipality,Δήμος Κορδελιού - Ευόσμου,Δήμος Κορδελιού - Ευόσμου,2026-09-22,4,2026-09-18T00:00:00+00:00,25.0,24.3,24.6,98.4,1.6,0.0,0.0,0.0,below_30,Уобичајена температура,GREEN,98.4,2026-09-22T12:00:00+00:00,11,17,11–17 h,6,GEFS | ICON-EU EPS,31,40,EXPERIMENTAL / NOT CALIBRATED,96.8,100.0,3.2,0.0,0.0,0.0,0.0,0.0,0.0,0.0,2348443,Δήμος Κορδελιού - Ευόσμου,Kordelio - Evosmos Municipality
2348444,Municipality of Neapoli-Sykies,Δήμος Νεάπολης - Συκεών,Δήμος Νεάπολης - Συκεών,2026-09-22,4,2026-09-18T00:00:00+00:00,25.0,22.9,23.9,98.4,1.6,0.0,0.0,0.0,below_30,Уобичајена температура,GREEN,98.4,2026-09-22T12:00:00+00:00,11,17,11–17 h,6,GEFS | ICON-EU EPS,31,40,EXPERIMENTAL / NOT CALIBRATED,96.8,100.0,3.2,0.0,0.0,0.0,0.0,0.0,0.0,0.0,2348444,Δήμος Νεάπολης - Συκεών,Municipality of Neapoli-Sykies
2348445,Pavlos Melas Municipality,Δήμος Παύλου Μελά,Δήμος Παύλου Μελά,2026-09-22,4,2026-09-18T00:00:00+00:00,25.0,22.9,23.9,98.4,1.6,0.0,0.0,0.0,below_30,Уобичајена температура,GREEN,98.4,2026-09-22T12:00:00+00:00,11,17,11–17 h,6,GEFS | ICON-EU EPS,31,40,EXPERIMENTAL / NOT CALIBRATED,96.8,100.0,3.2,0.0,0.0,0.0,0.0,0.0,0.0,0.0,2348445,Δήμος Παύλου Μελά,Pavlos Melas Municipality
2348446,Volvi Municipality,Δήμος Βόλβης,Δήμος Βόλβης,2026-09-22,4,2026-09-18T00:00:00+00:00,24.1,23.6,23.9,98.4,1.6,0.0,0.0,0.0,below_30,Уобичајена температура,GREEN,98.4,2026-09-22T12:00:00+00:00,11,17,11–17 h,6,GEFS | ICON-EU EPS,31,40,EXPERIMENTAL / NOT CALIBRATED,96.8,100.0,3.2,0.0,0.0,0.0,0.0,0.0,0.0,0.0,2348446,Δήμος Βόλβης,Volvi Municipality
2348447,Delta Municipality,Δήμος Δέλτα,Δήμος Δέλτα,2026-09-22,4,2026-09-18T00:00:00+00:00,25.4,24.6,25.0,100.0,0.0,0.0,0.0,0.0,below_30,Уобичајена температура,GREEN,100.0,2026-09-22T12:00:00+00:00,11,17,11–17 h,6,GEFS | ICON-EU EPS,31,40,EXPERIMENTAL / NOT CALIBRATED,100.0,100.0,0.0,0.0,0.0,0.0,0.0,0.0,0.0,0.0,2348447,Δήμος Δέλτα,Delta Municipality
2348448,Thermi Municipality,Δήμος Θέρμης,Δήμος Θέρμης,2026-09-22,4,2026-09-18T00:00:00+00:00,25.3,23.9,24.6,98.4,1.6,0.0,0.0,0.0,below_30,Уобичајена температура,GREEN,98.4,2026-09-22T12:00:00+00:00,11,17,11–17 h,6,GEFS | ICON-EU EPS,31,40,EXPERIMENTAL / NOT CALIBRATED,96.8,100.0,3.2,0.0,0.0,0.0,0.0,0.0,0.0,0.0,2348448,Δήμος Θέρμης,Thermi Municipality
2348449,Thermaikos Municipality,Δήμος Θερμαϊκού,Δήμος Θερμαϊκού,2026-09-22,4,2026-09-18T00:00:00+00:00,25.3,24.0,24.7,98.4,1.6,0.0,0.0,0.0,below_30,Уобичајена температура,GREEN,98.4,2026-09-22T12:00:00+00:00,11,17,11–17 h,6,GEFS | ICON-EU EPS,31,40,EXPERIMENTAL / NOT CALIBRATED,96.8,100.0,3.2,0.0,0.0,0.0,0.0,0.0,0.0,0.0,2348449,Δήμος Θερμαϊκού,Thermaikos Municipality
2348450,Municipality of Lagadas,Δήμος Λαγκαδά,Δήμος Λαγκαδά,2026-09-22,4,2026-09-18T00:00:00+00:00,24.5,22.6,23.5,98.4,1.6,0.0,0.0,0.0,below_30,Уобичајена температура,GREEN,98.4,2026-09-22T12:00:00+00:00,11,17,11–17 h,6,GEFS | ICON-EU EPS,31,40,EXPERIMENTAL / NOT CALIBRATED,96.8,100.0,3.2,0.0,0.0,0.0,0.0,0.0,0.0,0.0,2348450,Δήμος Λαγκαδά,Municipality of Lagadas
2348451,Municipality of Pylaia - Chortiatis,Δήμος Πυλαίας - Χορτιάτη,Δήμος Πυλαίας - Χορτιάτη,2026-09-22,4,2026-09-18T00:00:00+00:00,25.3,22.9,24.1,98.4,1.6,0.0,0.0,0.0,below_30,Уобичајена температура,GREEN,98.4,2026-09-22T12:00:00+00:00,11,17,11–17 h,6,GEFS | ICON-EU EPS,31,40,EXPERIMENTAL / NOT CALIBRATED,96.8,100.0,3.2,0.0,0.0,0.0,0.0,0.0,0.0,0.0,2348451,Δήμος Πυλαίας - Χορτιάτη,Municipality of Pylaia - Chortiatis
2348452,Chalkidona Municipality,Δήμος Χαλκηδόνας,Δήμος Χαλκηδόνας,2026-09-22,4,2026-09-18T00:00:00+00:00,26.0,24.7,25.3,96.8,3.2,0.0,0.0,0.0,below_30,Уобичајена температура,GREEN,96.8,2026-09-22T12:00:00+00:00,11,17,11–17 h,6,GEFS | ICON-EU EPS,31,40,EXPERIMENTAL / NOT CALIBRATED,93.5,100.0,6.5,0.0,0.0,0.0,0.0,0.0,0.0,0.0,2348452,Δήμος Χαλκηδόνας,Chalkidona Municipality
2348453,Oreokastro Municipality,Δήμος Ωραιοκάστρου,Δήμος Ωραιοκάστρου,2026-09-22,4,2026-09-18T00:00:00+00:00,25.0,23.2,24.1,98.4,1.6,0.0,0.0,0.0,below_30,Уобичајена температура,GREEN,98.4,2026-09-22T12:00:00+00:00,11,17,11–17 h,6,GEFS | ICON-EU EPS,31,40,EXPERIMENTAL / NOT CALIBRATED,96.8,100.0,3.2,0.0,0.0,0.0,0.0,0.0,0.0,0.0,2348453,Δήμος Ωραιοκάστρου,Oreokastro Municipality
2363108,Alonnisos Municipality,Δήμος Αλοννήσου,Δήμος Αλοννήσου,2026-09-22,4,2026-09-18T00:00:00+00:00,24.4,22.9,23.7,100.0,0.0,0.0,0.0,0.0,below_30,Уобичајена температура,GREEN,100.0,2026-09-22T00:00:00+00:00,11,17,11–17 h,6,GEFS | ICON-EU EPS,31,40,EXPERIMENTAL / NOT CALIBRATED,100.0,100.0,0.0,0.0,0.0,0.0,0.0,0.0,0.0,0.0,2363108,Δήμος Αλοννήσου,Alonnisos Municipality
2363109,Skiathos Municipality,Δήμος Σκιάθου,Δήμος Σκιάθου,2026-09-22,4,2026-09-18T00:00:00+00:00,24.5,24.0,24.2,100.0,0.0,0.0,0.0,0.0,below_30,Уобичајена температура,GREEN,100.0,2026-09-22T00:00:00+00:00,11,17,11–17 h,6,GEFS | ICON-EU EPS,31,40,EXPERIMENTAL / NOT CALIBRATED,100.0,100.0,0.0,0.0,0.0,0.0,0.0,0.0,0.0,0.0,2363109,Δήμος Σκιάθου,Skiathos Municipality
2363110,Skopelos Municipality,Δήμος Σκοπέλου,Δήμος Σκοπέλου,2026-09-22,4,2026-09-18T00:00:00+00:00,24.8,23.5,24.1,100.0,0.0,0.0,0.0,0.0,below_30,Уобичајена температура,GREEN,100.0,2026-09-22T00:00:00+00:00,11,17,11–17 h,6,GEFS | ICON-EU EPS,31,40,EXPERIMENTAL / NOT CALIBRATED,100.0,100.0,0.0,0.0,0.0,0.0,0.0,0.0,0.0,0.0,2363110,Δήμος Σκοπέλου,Skopelos Municipality
2682709,Municipality of Dafni - Ymittos,Δήμος Δάφνης - Υμηττού,Δήμος Δάφνης - Υμηττού,2026-09-22,4,2026-09-18T00:00:00+00:00,27.5,27.8,27.6,89.6,10.4,0.0,0.0,0.0,below_30,Уобичајена температура,GREEN,89.6,2026-09-22T12:00:00+00:00,11,17,11–17 h,6,GEFS | ICON-EU EPS,31,40,EXPERIMENTAL / NOT CALIBRATED,96.8,82.5,3.2,17.5,0.0,0.0,0.0,0.0,0.0,0.0,2682709,Δήμος Δάφνης - Υμηττού,Municipality of Dafni - Ymittos
2965467,Municipality of Agioi Anargyroi-Kamatero,Δήμος Αγίων Αναργύρων – Καματερού,Δήμος Αγίων Αναργύρων – Καματερού,2026-09-22,4,2026-09-18T00:00:00+00:00,27.5,27.8,27.6,89.6,10.4,0.0,0.0,0.0,below_30,Уобичајена температура,GREEN,89.6,2026-09-22T12:00:00+00:00,11,17,11–17 h,6,GEFS | ICON-EU EPS,31,40,EXPERIMENTAL / NOT CALIBRATED,96.8,82.5,3.2,17.5,0.0,0.0,0.0,0.0,0.0,0.0,2965467,Δήμος Αγίων Αναργύρων – Καματερού,Municipality of Agioi Anargyroi-Kamatero
3755838,Gavdos Municipality,Δήμος Γαύδου,Δήμος Γαύδου,2026-09-22,4,2026-09-18T00:00:00+00:00,25.9,26.1,26.0,100.0,0.0,0.0,0.0,0.0,below_30,Уобичајена температура,GREEN,100.0,2026-09-22T12:00:00+00:00,11,17,11–17 h,6,GEFS | ICON-EU EPS,31,40,EXPERIMENTAL / NOT CALIBRATED,100.0,100.0,0.0,0.0,0.0,0.0,0.0,0.0,0.0,0.0,3755838,Δήμος Γαύδου,Gavdos Municipality
4478076,Municipality of Moschato-Tavros,Δήμος Μοσχάτου-Ταύρου,Δήμος Μοσχάτου-Ταύρου,2026-09-22,4,2026-09-18T00:00:00+00:00,27.5,27.8,27.6,89.6,10.4,0.0,0.0,0.0,below_30,Уобичајена температура,GREEN,89.6,2026-09-22T12:00:00+00:00,11,17,11–17 h,6,GEFS | ICON-EU EPS,31,40,EXPERIMENTAL / NOT CALIBRATED,96.8,82.5,3.2,17.5,0.0,0.0,0.0,0.0,0.0,0.0,4478076,Δήμος Μοσχάτου-Ταύρου,Municipality of Moschato-Tavros
4487486,Municipality of Aegina,Δήμος Αίγινας,Δήμος Αίγινας,2026-09-22,4,2026-09-18T00:00:00+00:00,25.7,27.0,26.4,97.5,2.5,0.0,0.0,0.0,below_30,Уобичајена температура,GREEN,97.5,2026-09-22T12:00:00+00:00,11,17,11–17 h,6,GEFS | ICON-EU EPS,31,40,EXPERIMENTAL / NOT CALIBRATED,100.0,95.0,0.0,5.0,0.0,0.0,0.0,0.0,0.0,0.0,4487486,Δήμος Αίγινας,Municipality of Aegina
4487487,Municipality of Angistri,Δήμος Αγκιστρίου,Δήμος Αγκιστρίου,2026-09-22,4,2026-09-18T00:00:00+00:00,26.2,26.5,26.4,100.0,0.0,0.0,0.0,0.0,below_30,Уобичајена температура,GREEN,100.0,2026-09-22T12:00:00+00:00,11,17,11–17 h,6,GEFS | ICON-EU EPS,31,40,EXPERIMENTAL / NOT CALIBRATED,100.0,100.0,0.0,0.0,0.0,0.0,0.0,0.0,0.0,0.0,4487487,Δήμος Αγκιστρίου,Municipality of Angistri
4487488,Municipality of Kythira,Δήμος Κυθήρων,Δήμος Κυθήρων,2026-09-22,4,2026-09-18T00:00:00+00:00,24.6,26.7,25.7,100.0,0.0,0.0,0.0,0.0,below_30,Уобичајена температура,GREEN,100.0,2026-09-22T12:00:00+00:00,11,17,11–17 h,6,GEFS | ICON-EU EPS,31,40,EXPERIMENTAL / NOT CALIBRATED,100.0,100.0,0.0,0.0,0.0,0.0,0.0,0.0,0.0,0.0,4487488,Δήμος Κυθήρων,Municipality of Kythira
4487779,Municipality of Salamina,Δήμος Σαλαμίνας,Δήμος Σαλαμίνας,2026-09-22,4,2026-09-18T00:00:00+00:00,26.9,27.3,27.1,95.9,4.1,0.0,0.0,0.0,below_30,Уобичајена температура,GREEN,95.9,2026-09-22T12:00:00+00:00,11,17,11–17 h,6,GEFS | ICON-EU EPS,31,40,EXPERIMENTAL / NOT CALIBRATED,96.8,95.0,3.2,5.0,0.0,0.0,0.0,0.0,0.0,0.0,4487779,Δήμος Σαλαμίνας,Municipality of Salamina
4487802,Municipality of Spetses,Δήμος Σπετσών,Δήμος Σπετσών,2026-09-22,4,2026-09-18T00:00:00+00:00,24.8,25.0,24.9,100.0,0.0,0.0,0.0,0.0,below_30,Уобичајена температура,GREEN,100.0,2026-09-22T12:00:00+00:00,11,17,11–17 h,6,GEFS | ICON-EU EPS,31,40,EXPERIMENTAL / NOT CALIBRATED,100.0,100.0,0.0,0.0,0.0,0.0,0.0,0.0,0.0,0.0,4487802,Δήμος Σπετσών,Municipality of Spetses
4487810,Municipality of Hydra,Δήμος Ύδρας,Δήμος Ύδρας,2026-09-22,4,2026-09-18T00:00:00+00:00,24.9,25.7,25.3,100.0,0.0,0.0,0.0,0.0,below_30,Уобичајена температура,GREEN,100.0,2026-09-22T12:00:00+00:00,11,17,11–17 h,6,GEFS | ICON-EU EPS,31,40,EXPERIMENTAL / NOT CALIBRATED,100.0,100.0,0.0,0.0,0.0,0.0,0.0,0.0,0.0,0.0,4487810,Δήμος Ύδρας,Municipality of Hydra
4868191,Agathonisi Municipality,Δήμος Αγαθονησίου,Δήμος Αγαθονησίου,2026-09-22,4,2026-09-18T00:00:00+00:00,24.4,24.9,24.6,100.0,0.0,0.0,0.0,0.0,below_30,Уобичајена температура,GREEN,100.0,2026-09-22T12:00:00+00:00,11,17,11–17 h,6,GEFS | ICON-EU EPS,31,40,EXPERIMENTAL / NOT CALIBRATED,100.0,100.0,0.0,0.0,0.0,0.0,0.0,0.0,0.0,0.0,4868191,Δήμος Αγαθονησίου,Agathonisi Municipality
5222497,Municipality of Samothraki,Δήμος Σαμοθράκης,Δήμος Σαμοθράκης,2026-09-22,4,2026-09-18T00:00:00+00:00,23.8,21.6,22.7,100.0,0.0,0.0,0.0,0.0,below_30,Уобичајена температура,GREEN,100.0,2026-09-22T00:00:00+00:00,11,17,11–17 h,6,GEFS | ICON-EU EPS,31,40,EXPERIMENTAL / NOT CALIBRATED,100.0,100.0,0.0,0.0,0.0,0.0,0.0,0.0,0.0,0.0,5222497,Δήμος Σαμοθράκης,Municipality of Samothraki
5222783,Municipality of Mykonos,Δήμος Μυκόνου,Δήμος Μυκόνου,2026-09-22,4,2026-09-18T00:00:00+00:00,23.2,23.5,23.3,100.0,0.0,0.0,0.0,0.0,below_30,Уобичајена температура,GREEN,100.0,2026-09-22T00:00:00+00:00,11,17,11–17 h,6,GEFS | ICON-EU EPS,31,40,EXPERIMENTAL / NOT CALIBRATED,100.0,100.0,0.0,0.0,0.0,0.0,0.0,0.0,0.0,0.0,5222783,Δήμος Μυκόνου,Municipality of Mykonos
5222784,Municipality of Tinos,Δήμος Τήνου,Δήμος Τήνου,2026-09-22,4,2026-09-18T00:00:00+00:00,23.2,23.5,23.3,100.0,0.0,0.0,0.0,0.0,below_30,Уобичајена температура,GREEN,100.0,2026-09-22T12:00:00+00:00,11,17,11–17 h,6,GEFS | ICON-EU EPS,31,40,EXPERIMENTAL / NOT CALIBRATED,100.0,100.0,0.0,0.0,0.0,0.0,0.0,0.0,0.0,0.0,5222784,Δήμος Τήνου,Municipality of Tinos
5225334,Lefkada Municipality,Δήμος Λευκάδας,Δήμος Λευκάδας,2026-09-22,4,2026-09-18T00:00:00+00:00,27.0,25.7,26.4,100.0,0.0,0.0,0.0,0.0,below_30,Уобичајена температура,GREEN,100.0,2026-09-22T12:00:00+00:00,11,17,11–17 h,6,GEFS | ICON-EU EPS,31,40,EXPERIMENTAL / NOT CALIBRATED,100.0,100.0,0.0,0.0,0.0,0.0,0.0,0.0,0.0,0.0,5225334,Δήμος Λευκάδας,Lefkada Municipality
5225335,Meganisi Municipality,Δήμος Μεγανησίου,Δήμος Μεγανησίου,2026-09-22,4,2026-09-18T00:00:00+00:00,27.0,25.8,26.4,100.0,0.0,0.0,0.0,0.0,below_30,Уобичајена температура,GREEN,100.0,2026-09-22T12:00:00+00:00,11,17,11–17 h,6,GEFS | ICON-EU EPS,31,40,EXPERIMENTAL / NOT CALIBRATED,100.0,100.0,0.0,0.0,0.0,0.0,0.0,0.0,0.0,0.0,5225335,Δήμος Μεγανησίου,Meganisi Municipality
5277394,Municipality of Troizinia - Methana,Δήμος Τροιζηνίας - Μεθάνων,Δήμος Τροιζηνίας - Μεθάνων,2026-09-22,4,2026-09-18T00:00:00+00:00,26.3,26.7,26.5,100.0,0.0,0.0,0.0,0.0,below_30,Уобичајена температура,GREEN,100.0,2026-09-22T12:00:00+00:00,11,17,11–17 h,6,GEFS | ICON-EU EPS,31,40,EXPERIMENTAL / NOT CALIBRATED,100.0,100.0,0.0,0.0,0.0,0.0,0.0,0.0,0.0,0.0,5277394,Δήμος Τροιζηνίας - Μεθάνων,Municipality of Troizinia - Methana
5285404,Municipality of Milos,Δήμος Μήλου,Δήμος Μήλου,2026-09-22,4,2026-09-18T00:00:00+00:00,24.2,25.8,25.0,100.0,0.0,0.0,0.0,0.0,below_30,Уобичајена температура,GREEN,100.0,2026-09-22T12:00:00+00:00,11,17,11–17 h,6,GEFS | ICON-EU EPS,31,40,EXPERIMENTAL / NOT CALIBRATED,100.0,100.0,0.0,0.0,0.0,0.0,0.0,0.0,0.0,0.0,5285404,Δήμος Μήλου,Municipality of Milos
5287181,Municipality of Paxos,Δήμος Παξών,Δήμος Παξών,2026-09-22,4,2026-09-18T00:00:00+00:00,25.6,26.1,25.9,100.0,0.0,0.0,0.0,0.0,below_30,Уобичајена температура,GREEN,100.0,2026-09-22T12:00:00+00:00,11,17,11–17 h,6,GEFS | ICON-EU EPS,31,40,EXPERIMENTAL / NOT CALIBRATED,100.0,100.0,0.0,0.0,0.0,0.0,0.0,0.0,0.0,0.0,5287181,Δήμος Παξών,Municipality of Paxos
5287271,Municipality of Kimolos,Δήμος Κιμώλου,Δήμος Κιμώλου,2026-09-22,4,2026-09-18T00:00:00+00:00,24.2,25.1,24.7,100.0,0.0,0.0,0.0,0.0,below_30,Уобичајена температура,GREEN,100.0,2026-09-22T12:00:00+00:00,11,17,11–17 h,6,GEFS | ICON-EU EPS,31,40,EXPERIMENTAL / NOT CALIBRATED,100.0,100.0,0.0,0.0,0.0,0.0,0.0,0.0,0.0,0.0,5287271,Δήμος Κιμώλου,Municipality of Kimolos
5305695,Municipality of Serifos,Δήμος Σερίφου,Δήμος Σερίφου,2026-09-22,4,2026-09-18T00:00:00+00:00,24.3,25.0,24.7,100.0,0.0,0.0,0.0,0.0,below_30,Уобичајена температура,GREEN,100.0,2026-09-22T12:00:00+00:00,11,17,11–17 h,6,GEFS | ICON-EU EPS,31,40,EXPERIMENTAL / NOT CALIBRATED,100.0,100.0,0.0,0.0,0.0,0.0,0.0,0.0,0.0,0.0,5305695,Δήμος Σερίφου,Municipality of Serifos
5305696,Municipality of Sifnos,Δήμος Σίφνου,Δήμος Σίφνου,2026-09-22,4,2026-09-18T00:00:00+00:00,24.0,24.8,24.4,100.0,0.0,0.0,0.0,0.0,below_30,Уобичајена температура,GREEN,100.0,2026-09-22T12:00:00+00:00,11,17,11–17 h,6,GEFS | ICON-EU EPS,31,40,EXPERIMENTAL / NOT CALIBRATED,100.0,100.0,0.0,0.0,0.0,0.0,0.0,0.0,0.0,0.0,5305696,Δήμος Σίφνου,Municipality of Sifnos
5305716,Lemnos Municipality,Δήμος Λήμνου,Δήμος Λήμνου,2026-09-22,4,2026-09-18T00:00:00+00:00,23.1,22.8,23.0,100.0,0.0,0.0,0.0,0.0,below_30,Уобичајена температура,GREEN,100.0,2026-09-22T00:00:00+00:00,11,17,11–17 h,6,GEFS | ICON-EU EPS,31,40,EXPERIMENTAL / NOT CALIBRATED,100.0,100.0,0.0,0.0,0.0,0.0,0.0,0.0,0.0,0.0,5305716,Δήμος Λήμνου,Lemnos Municipality
5305732,Agios Efstratios Municipality,Δήμος Αγίου Ευστρατίου,Δήμος Αγίου Ευστρατίου,2026-09-22,4,2026-09-18T00:00:00+00:00,23.6,22.6,23.1,100.0,0.0,0.0,0.0,0.0,below_30,Уобичајена температура,GREEN,100.0,2026-09-22T00:00:00+00:00,11,17,11–17 h,6,GEFS | ICON-EU EPS,31,40,EXPERIMENTAL / NOT CALIBRATED,100.0,100.0,0.0,0.0,0.0,0.0,0.0,0.0,0.0,0.0,5305732,Δήμος Αγίου Ευστρατίου,Agios Efstratios Municipality
5305840,Psara Municipality,Δήμος Ηρωικής Νήσου Ψαρών,Δήμος Ηρωικής Νήσου Ψαρών,2026-09-22,4,2026-09-18T00:00:00+00:00,23.0,22.7,22.8,100.0,0.0,0.0,0.0,0.0,below_30,Уобичајена температура,GREEN,100.0,2026-09-22T00:00:00+00:00,11,17,11–17 h,6,GEFS | ICON-EU EPS,31,40,EXPERIMENTAL / NOT CALIBRATED,100.0,100.0,0.0,0.0,0.0,0.0,0.0,0.0,0.0,0.0,5305840,Δήμος Ηρωικής Νήσου Ψαρών,Psara Municipality
5305850,Oinousses Municipality,Δήμος Οινουσσών,Δήμος Οινουσσών,2026-09-22,4,2026-09-18T00:00:00+00:00,22.6,24.2,23.4,100.0,0.0,0.0,0.0,0.0,below_30,Уобичајена температура,GREEN,100.0,2026-09-22T12:00:00+00:00,11,17,11–17 h,6,GEFS | ICON-EU EPS,31,40,EXPERIMENTAL / NOT CALIBRATED,100.0,100.0,0.0,0.0,0.0,0.0,0.0,0.0,0.0,0.0,5305850,Δήμος Οινουσσών,Oinousses Municipality
5305858,Chios Municipality,Δήμος Χίου,Δήμος Χίου,2026-09-22,4,2026-09-18T00:00:00+00:00,23.3,24.4,23.9,100.0,0.0,0.0,0.0,0.0,below_30,Уобичајена температура,GREEN,100.0,2026-09-22T12:00:00+00:00,11,17,11–17 h,6,GEFS | ICON-EU EPS,31,40,EXPERIMENTAL / NOT CALIBRATED,100.0,100.0,0.0,0.0,0.0,0.0,0.0,0.0,0.0,0.0,5305858,Δήμος Χίου,Chios Municipality
5305903,Icaria Municipality,Δήμος Ικαρίας,Δήμος Ικαρίας,2026-09-22,4,2026-09-18T00:00:00+00:00,23.7,23.8,23.7,100.0,0.0,0.0,0.0,0.0,below_30,Уобичајена температура,GREEN,100.0,2026-09-22T12:00:00+00:00,11,17,11–17 h,6,GEFS | ICON-EU EPS,31,40,EXPERIMENTAL / NOT CALIBRATED,100.0,100.0,0.0,0.0,0.0,0.0,0.0,0.0,0.0,0.0,5305903,Δήμος Ικαρίας,Icaria Municipality
5305913,Fournoi Korseon Municipality,Δήμος Φούρνων Κορσεών,Δήμος Φούρνων Κορσεών,2026-09-22,4,2026-09-18T00:00:00+00:00,24.1,25.3,24.7,100.0,0.0,0.0,0.0,0.0,below_30,Уобичајена температура,GREEN,100.0,2026-09-22T12:00:00+00:00,11,17,11–17 h,6,GEFS | ICON-EU EPS,31,40,EXPERIMENTAL / NOT CALIBRATED,100.0,100.0,0.0,0.0,0.0,0.0,0.0,0.0,0.0,0.0,5305913,Δήμος Φούρνων Κορσεών,Fournoi Korseon Municipality
5308847,Municipality of Andros,Δήμος Άνδρου,Δήμος Άνδρου,2026-09-22,4,2026-09-18T00:00:00+00:00,23.6,23.6,23.6,100.0,0.0,0.0,0.0,0.0,below_30,Уобичајена температура,GREEN,100.0,2026-09-22T12:00:00+00:00,11,17,11–17 h,6,GEFS | ICON-EU EPS,31,40,EXPERIMENTAL / NOT CALIBRATED,100.0,100.0,0.0,0.0,0.0,0.0,0.0,0.0,0.0,0.0,5308847,Δήμος Άνδρου,Municipality of Andros
5316405,Municipality of Nisyros,Δήμος Νισύρου,Δήμος Νισύρου,2026-09-22,4,2026-09-18T00:00:00+00:00,25.6,26.3,25.9,100.0,0.0,0.0,0.0,0.0,below_30,Уобичајена температура,GREEN,100.0,2026-09-22T12:00:00+00:00,11,17,11–17 h,6,GEFS | ICON-EU EPS,31,40,EXPERIMENTAL / NOT CALIBRATED,100.0,100.0,0.0,0.0,0.0,0.0,0.0,0.0,0.0,0.0,5316405,Δήμος Νισύρου,Municipality of Nisyros
5316476,Municipality of Symi,Δήμος Σύμης,Δήμος Σύμης,2026-09-22,4,2026-09-18T00:00:00+00:00,25.7,27.7,26.7,100.0,0.0,0.0,0.0,0.0,below_30,Уобичајена температура,GREEN,100.0,2026-09-22T12:00:00+00:00,11,17,11–17 h,6,GEFS | ICON-EU EPS,31,40,EXPERIMENTAL / NOT CALIBRATED,100.0,100.0,0.0,0.0,0.0,0.0,0.0,0.0,0.0,0.0,5316476,Δήμος Σύμης,Municipality of Symi
5318802,Municipality of Amorgos,Δήμος Αμοργού,Δήμος Αμοργού,2026-09-22,4,2026-09-18T00:00:00+00:00,24.2,24.6,24.4,100.0,0.0,0.0,0.0,0.0,below_30,Уобичајена температура,GREEN,100.0,2026-09-22T12:00:00+00:00,11,17,11–17 h,6,GEFS | ICON-EU EPS,31,40,EXPERIMENTAL / NOT CALIBRATED,100.0,100.0,0.0,0.0,0.0,0.0,0.0,0.0,0.0,0.0,5318802,Δήμος Αμοργού,Municipality of Amorgos
5318808,Municipality of Anafi,Δήμος Ανάφης,Δήμος Ανάφης,2026-09-22,4,2026-09-18T00:00:00+00:00,24.2,24.9,24.6,100.0,0.0,0.0,0.0,0.0,below_30,Уобичајена температура,GREEN,100.0,2026-09-22T12:00:00+00:00,11,17,11–17 h,6,GEFS | ICON-EU EPS,31,40,EXPERIMENTAL / NOT CALIBRATED,100.0,100.0,0.0,0.0,0.0,0.0,0.0,0.0,0.0,0.0,5318808,Δήμος Ανάφης,Municipality of Anafi
5318822,Antiparos Municipality,Δήμος Αντιπάρου,Δήμος Αντιπάρου,2026-09-22,4,2026-09-18T00:00:00+00:00,23.6,25.3,24.4,100.0,0.0,0.0,0.0,0.0,below_30,Уобичајена температура,GREEN,100.0,2026-09-22T12:00:00+00:00,11,17,11–17 h,6,GEFS | ICON-EU EPS,31,40,EXPERIMENTAL / NOT CALIBRATED,100.0,100.0,0.0,0.0,0.0,0.0,0.0,0.0,0.0,0.0,5318822,Δήμος Αντιπάρου,Antiparos Municipality
5318839,Municipality of Astypalaia,Δήμος Αστυπαλαίας,Δήμος Αστυπαλαίας,2026-09-22,4,2026-09-18T00:00:00+00:00,25.0,25.4,25.2,100.0,0.0,0.0,0.0,0.0,below_30,Уобичајена температура,GREEN,100.0,2026-09-22T12:00:00+00:00,11,17,11–17 h,6,GEFS | ICON-EU EPS,31,40,EXPERIMENTAL / NOT CALIBRATED,100.0,100.0,0.0,0.0,0.0,0.0,0.0,0.0,0.0,0.0,5318839,Δήμος Αστυπαλαίας,Municipality of Astypalaia
5318852,Municipality of Thira,Δήμος Θήρας,Δήμος Θήρας,2026-09-22,4,2026-09-18T00:00:00+00:00,23.7,25.6,24.6,100.0,0.0,0.0,0.0,0.0,below_30,Уобичајена температура,GREEN,100.0,2026-09-22T12:00:00+00:00,11,17,11–17 h,6,GEFS | ICON-EU EPS,31,40,EXPERIMENTAL / NOT CALIBRATED,100.0,100.0,0.0,0.0,0.0,0.0,0.0,0.0,0.0,0.0,5318852,Δήμος Θήρας,Municipality of Thira
5318907,Municipality of Ios,Δήμος Ιητών,Δήμος Ιητών,2026-09-22,4,2026-09-18T00:00:00+00:00,23.3,25.4,24.3,100.0,0.0,0.0,0.0,0.0,below_30,Уобичајена температура,GREEN,100.0,2026-09-22T12:00:00+00:00,11,17,11–17 h,6,GEFS | ICON-EU EPS,31,40,EXPERIMENTAL / NOT CALIBRATED,100.0,100.0,0.0,0.0,0.0,0.0,0.0,0.0,0.0,0.0,5318907,Δήμος Ιητών,Municipality of Ios
5318918,Municipality of Kalymnos,Δήμος Καλυμνίων,Δήμος Καλυμνίων,2026-09-22,4,2026-09-18T00:00:00+00:00,24.8,26.1,25.5,100.0,0.0,0.0,0.0,0.0,below_30,Уобичајена температура,GREEN,100.0,2026-09-22T12:00:00+00:00,11,17,11–17 h,6,GEFS | ICON-EU EPS,31,40,EXPERIMENTAL / NOT CALIBRATED,100.0,100.0,0.0,0.0,0.0,0.0,0.0,0.0,0.0,0.0,5318918,Δήμος Καλυμνίων,Municipality of Kalymnos
5318962,Municipality of Karpathos,Δήμος Καρπάθου,Δήμος Καρπάθου,2026-09-22,4,2026-09-18T00:00:00+00:00,24.6,25.7,25.1,100.0,0.0,0.0,0.0,0.0,below_30,Уобичајена температура,GREEN,100.0,2026-09-22T12:00:00+00:00,11,17,11–17 h,6,GEFS | ICON-EU EPS,31,40,EXPERIMENTAL / NOT CALIBRATED,100.0,100.0,0.0,0.0,0.0,0.0,0.0,0.0,0.0,0.0,5318962,Δήμος Καρπάθου,Municipality of Karpathos
5318989,Municipality of Kasos,Δήμος Ηρωικής Νήσου Κάσου,Δήμος Ηρωικής Νήσου Κάσου,2026-09-22,4,2026-09-18T00:00:00+00:00,24.2,25.8,25.0,100.0,0.0,0.0,0.0,0.0,below_30,Уобичајена температура,GREEN,100.0,2026-09-22T12:00:00+00:00,11,17,11–17 h,6,GEFS | ICON-EU EPS,31,40,EXPERIMENTAL / NOT CALIBRATED,100.0,100.0,0.0,0.0,0.0,0.0,0.0,0.0,0.0,0.0,5318989,Δήμος Ηρωικής Νήσου Κάσου,Municipality of Kasos
5318993,Kea Municipality,Δήμος Κέας,Δήμος Κέας,2026-09-22,4,2026-09-18T00:00:00+00:00,24.5,25.2,24.8,100.0,0.0,0.0,0.0,0.0,below_30,Уобичајена температура,GREEN,100.0,2026-09-22T12:00:00+00:00,11,17,11–17 h,6,GEFS | ICON-EU EPS,31,40,EXPERIMENTAL / NOT CALIBRATED,100.0,100.0,0.0,0.0,0.0,0.0,0.0,0.0,0.0,0.0,5318993,Δήμος Κέας,Kea Municipality
5319056,Kythnos Municipality,Δήμος Κύθνου,Δήμος Κύθνου,2026-09-22,4,2026-09-18T00:00:00+00:00,24.2,24.6,24.4,100.0,0.0,0.0,0.0,0.0,below_30,Уобичајена температура,GREEN,100.0,2026-09-22T12:00:00+00:00,11,17,11–17 h,6,GEFS | ICON-EU EPS,31,40,EXPERIMENTAL / NOT CALIBRATED,100.0,100.0,0.0,0.0,0.0,0.0,0.0,0.0,0.0,0.0,5319056,Δήμος Κύθνου,Kythnos Municipality
5319060,Municipality of Kos,Δήμος Κω,Δήμος Κω,2026-09-22,4,2026-09-18T00:00:00+00:00,25.0,26.9,25.9,100.0,0.0,0.0,0.0,0.0,below_30,Уобичајена температура,GREEN,100.0,2026-09-22T12:00:00+00:00,11,17,11–17 h,6,GEFS | ICON-EU EPS,31,40,EXPERIMENTAL / NOT CALIBRATED,100.0,100.0,0.0,0.0,0.0,0.0,0.0,0.0,0.0,0.0,5319060,Δήμος Κω,Municipality of Kos
5319081,Lipsi Municipality,Δήμος Λειψών,Δήμος Λειψών,2026-09-22,4,2026-09-18T00:00:00+00:00,24.3,25.0,24.6,100.0,0.0,0.0,0.0,0.0,below_30,Уобичајена температура,GREEN,100.0,2026-09-22T12:00:00+00:00,11,17,11–17 h,6,GEFS | ICON-EU EPS,31,40,EXPERIMENTAL / NOT CALIBRATED,100.0,100.0,0.0,0.0,0.0,0.0,0.0,0.0,0.0,0.0,5319081,Δήμος Λειψών,Lipsi Municipality
5321387,Municipality of Sikinos,Δήμος Σικίνου,Δήμος Σικίνου,2026-09-22,4,2026-09-18T00:00:00+00:00,23.7,25.0,24.4,100.0,0.0,0.0,0.0,0.0,below_30,Уобичајена температура,GREEN,100.0,2026-09-22T12:00:00+00:00,11,17,11–17 h,6,GEFS | ICON-EU EPS,31,40,EXPERIMENTAL / NOT CALIBRATED,100.0,100.0,0.0,0.0,0.0,0.0,0.0,0.0,0.0,0.0,5321387,Δήμος Σικίνου,Municipality of Sikinos
5321388,Municipality of Folegandros,Δήμος Φολεγάνδρου,Δήμος Φολεγάνδρου,2026-09-22,4,2026-09-18T00:00:00+00:00,23.7,24.4,24.0,100.0,0.0,0.0,0.0,0.0,below_30,Уобичајена температура,GREEN,100.0,2026-09-22T12:00:00+00:00,11,17,11–17 h,6,GEFS | ICON-EU EPS,31,40,EXPERIMENTAL / NOT CALIBRATED,100.0,100.0,0.0,0.0,0.0,0.0,0.0,0.0,0.0,0.0,5321388,Δήμος Φολεγάνδρου,Municipality of Folegandros
5321392,Municipality of Leros,Δήμος Λέρου,Δήμος Λέρου,2026-09-22,4,2026-09-18T00:00:00+00:00,24.3,25.0,24.6,100.0,0.0,0.0,0.0,0.0,below_30,Уобичајена температура,GREEN,100.0,2026-09-22T12:00:00+00:00,11,17,11–17 h,6,GEFS | ICON-EU EPS,31,40,EXPERIMENTAL / NOT CALIBRATED,100.0,100.0,0.0,0.0,0.0,0.0,0.0,0.0,0.0,0.0,5321392,Δήμος Λέρου,Municipality of Leros
5321396,Municipality of Naxos and the Lesser Cyclades,Δήμος Νάξου και Μικρών Κυκλάδων,Δήμος Νάξου και Μικρών Κυκλάδων,2026-09-22,4,2026-09-18T00:00:00+00:00,22.9,26.0,24.4,100.0,0.0,0.0,0.0,0.0,below_30,Уобичајена температура,GREEN,100.0,2026-09-22T12:00:00+00:00,11,17,11–17 h,6,GEFS | ICON-EU EPS,31,40,EXPERIMENTAL / NOT CALIBRATED,100.0,100.0,0.0,0.0,0.0,0.0,0.0,0.0,0.0,0.0,5321396,Δήμος Νάξου και Μικρών Κυκλάδων,Municipality of Naxos and the Lesser Cyclades
5321397,Municipality of Meyisti,Δήμος Μεγίστης,Δήμος Μεγίστης,2026-09-22,4,2026-09-18T00:00:00+00:00,26.6,26.9,26.8,100.0,0.0,0.0,0.0,0.0,below_30,Уобичајена температура,GREEN,100.0,2026-09-22T12:00:00+00:00,11,17,11–17 h,6,GEFS | ICON-EU EPS,31,40,EXPERIMENTAL / NOT CALIBRATED,100.0,100.0,0.0,0.0,0.0,0.0,0.0,0.0,0.0,0.0,5321397,Δήμος Μεγίστης,Municipality of Meyisti
5321416,Paros Municipality,Δήμος Πάρου,Δήμος Πάρου,2026-09-22,4,2026-09-18T00:00:00+00:00,23.0,24.7,23.9,100.0,0.0,0.0,0.0,0.0,below_30,Уобичајена температура,GREEN,100.0,2026-09-22T12:00:00+00:00,11,17,11–17 h,6,GEFS | ICON-EU EPS,31,40,EXPERIMENTAL / NOT CALIBRATED,100.0,100.0,0.0,0.0,0.0,0.0,0.0,0.0,0.0,0.0,5321416,Δήμος Πάρου,Paros Municipality
5321568,Patmos Municipality,Δήμος Πάτμου,Δήμος Πάτμου,2026-09-22,4,2026-09-18T00:00:00+00:00,24.2,24.5,24.3,100.0,0.0,0.0,0.0,0.0,below_30,Уобичајена температура,GREEN,100.0,2026-09-22T12:00:00+00:00,11,17,11–17 h,6,GEFS | ICON-EU EPS,31,40,EXPERIMENTAL / NOT CALIBRATED,100.0,100.0,0.0,0.0,0.0,0.0,0.0,0.0,0.0,0.0,5321568,Δήμος Πάτμου,Patmos Municipality
5321592,Municipality of Rhodes,Δήμος Ρόδου,Δήμος Ρόδου,2026-09-22,4,2026-09-18T00:00:00+00:00,27.5,28.5,28.0,97.5,2.5,0.0,0.0,0.0,below_30,Уобичајена температура,GREEN,97.5,2026-09-22T12:00:00+00:00,11,17,11–17 h,6,GEFS | ICON-EU EPS,31,40,EXPERIMENTAL / NOT CALIBRATED,100.0,95.0,0.0,5.0,0.0,0.0,0.0,0.0,0.0,0.0,5321592,Δήμος Ρόδου,Municipality of Rhodes
5321636,Municipality of Syros and Ermoupoli,Δήμος Σύρου-Ερμούπολης,Δήμος Σύρου-Ερμούπολης,2026-09-22,4,2026-09-18T00:00:00+00:00,23.4,24.2,23.8,100.0,0.0,0.0,0.0,0.0,below_30,Уобичајена температура,GREEN,100.0,2026-09-22T00:00:00+00:00,11,17,11–17 h,6,GEFS | ICON-EU EPS,31,40,EXPERIMENTAL / NOT CALIBRATED,100.0,100.0,0.0,0.0,0.0,0.0,0.0,0.0,0.0,0.0,5321636,Δήμος Σύρου-Ερμούπολης,Municipality of Syros and Ermoupoli
5321643,Municipality of Tilos,Δήμος Τήλου,Δήμος Τήλου,2026-09-22,4,2026-09-18T00:00:00+00:00,25.6,26.1,25.8,100.0,0.0,0.0,0.0,0.0,below_30,Уобичајена температура,GREEN,100.0,2026-09-22T12:00:00+00:00,11,17,11–17 h,6,GEFS | ICON-EU EPS,31,40,EXPERIMENTAL / NOT CALIBRATED,100.0,100.0,0.0,0.0,0.0,0.0,0.0,0.0,0.0,0.0,5321643,Δήμος Τήλου,Municipality of Tilos
5321667,Municipality of Chalki,Δήμος Χάλκης,Δήμος Χάλκης,2026-09-22,4,2026-09-18T00:00:00+00:00,25.7,25.7,25.7,100.0,0.0,0.0,0.0,0.0,below_30,Уобичајена температура,GREEN,100.0,2026-09-22T12:00:00+00:00,11,17,11–17 h,6,GEFS | ICON-EU EPS,31,40,EXPERIMENTAL / NOT CALIBRATED,100.0,100.0,0.0,0.0,0.0,0.0,0.0,0.0,0.0,0.0,5321667,Δήμος Χάλκης,Municipality of Chalki
11184599,Municipality of Poros,Δήμος Πόρου,Δήμος Πόρου,2026-09-22,4,2026-09-18T00:00:00+00:00,25.1,25.4,25.2,100.0,0.0,0.0,0.0,0.0,below_30,Уобичајена температура,GREEN,100.0,2026-09-22T12:00:00+00:00,11,17,11–17 h,6,GEFS | ICON-EU EPS,31,40,EXPERIMENTAL / NOT CALIBRATED,100.0,100.0,0.0,0.0,0.0,0.0,0.0,0.0,0.0,0.0,11184599,Δήμος Πόρου,Municipality of Poros
11814883,Municipality of Western Samos,Δήμος Δυτικής Σάμου,Δήμος Δυτικής Σάμου,2026-09-22,4,2026-09-18T00:00:00+00:00,24.4,26.1,25.3,100.0,0.0,0.0,0.0,0.0,below_30,Уобичајена температура,GREEN,100.0,2026-09-22T12:00:00+00:00,11,17,11–17 h,6,GEFS | ICON-EU EPS,31,40,EXPERIMENTAL / NOT CALIBRATED,100.0,100.0,0.0,0.0,0.0,0.0,0.0,0.0,0.0,0.0,11814883,Δήμος Δυτικής Σάμου,Municipality of Western Samos
11814884,Municipality of Eastern Samos,Δήμος Ανατολικής Σάμου,Δήμος Ανατολικής Σάμου,2026-09-22,4,2026-09-18T00:00:00+00:00,25.1,27.4,26.2,100.0,0.0,0.0,0.0,0.0,below_30,Уобичајена температура,GREEN,100.0,2026-09-22T12:00:00+00:00,11,17,11–17 h,6,GEFS | ICON-EU EPS,31,40,EXPERIMENTAL / NOT CALIBRATED,100.0,100.0,0.0,0.0,0.0,0.0,0.0,0.0,0.0,0.0,11814884,Δήμος Ανατολικής Σάμου,Municipality of Eastern Samos
11893672,Municipality of Mytilene,Δήμος Μυτιλήνης,Δήμος Μυτιλήνης,2026-09-22,4,2026-09-18T00:00:00+00:00,23.7,24.8,24.3,100.0,0.0,0.0,0.0,0.0,below_30,Уобичајена температура,GREEN,100.0,2026-09-22T12:00:00+00:00,11,17,11–17 h,6,GEFS | ICON-EU EPS,31,40,EXPERIMENTAL / NOT CALIBRATED,100.0,100.0,0.0,0.0,0.0,0.0,0.0,0.0,0.0,0.0,11893672,Δήμος Μυτιλήνης,Municipality of Mytilene
11893673,Municipality of Western Lesvos,Δήμος Δυτικής Λέσβου,Δήμος Δυτικής Λέσβου,2026-09-22,4,2026-09-18T00:00:00+00:00,26.4,23.2,24.8,98.4,1.6,0.0,0.0,0.0,below_30,Уобичајена температура,GREEN,98.4,2026-09-22T12:00:00+00:00,11,17,11–17 h,6,GEFS | ICON-EU EPS,31,40,EXPERIMENTAL / NOT CALIBRATED,96.8,100.0,3.2,0.0,0.0,0.0,0.0,0.0,0.0,0.0,11893673,Δήμος Δυτικής Λέσβου,Municipality of Western Lesvos
11893740,Municipality of Velventos,Δήμος Βελβεντού,Δήμος Βελβεντού,2026-09-22,4,2026-09-18T00:00:00+00:00,22.7,18.8,20.8,100.0,0.0,0.0,0.0,0.0,below_30,Уобичајена температура,GREEN,100.0,2026-09-22T12:00:00+00:00,11,17,11–17 h,6,GEFS | ICON-EU EPS,31,40,EXPERIMENTAL / NOT CALIBRATED,100.0,100.0,0.0,0.0,0.0,0.0,0.0,0.0,0.0,0.0,11893740,Δήμος Βελβεντού,Municipality of Velventos
13088246,Municipality of Southern Corfu,Δήμος Νότιας Κέρκυρας,Δήμος Νότιας Κέρκυρας,2026-09-22,4,2026-09-18T00:00:00+00:00,24.9,27.1,26.0,100.0,0.0,0.0,0.0,0.0,below_30,Уобичајена температура,GREEN,100.0,2026-09-22T12:00:00+00:00,11,17,11–17 h,6,GEFS | ICON-EU EPS,31,40,EXPERIMENTAL / NOT CALIBRATED,100.0,100.0,0.0,0.0,0.0,0.0,0.0,0.0,0.0,0.0,13088246,Δήμος Νότιας Κέρκυρας,Municipality of Southern Corfu
13234062,Municipality of Northern Corfu,Δήμος Βόρειας Κέρκυρας,Δήμος Βόρειας Κέρκυρας,2026-09-22,4,2026-09-18T00:00:00+00:00,23.6,27.1,25.3,100.0,0.0,0.0,0.0,0.0,below_30,Уобичајена температура,GREEN,100.0,2026-09-22T12:00:00+00:00,11,17,11–17 h,6,GEFS | ICON-EU EPS,31,40,EXPERIMENTAL / NOT CALIBRATED,100.0,100.0,0.0,0.0,0.0,0.0,0.0,0.0,0.0,0.0,13234062,Δήμος Βόρειας Κέρκυρας,Municipality of Northern Corfu
13234094,Municipality of Central Corfu and Diapontia Islands,Δήμος Κεντρικής Κέρκυρας και Διαποντίων Νήσων,Δήμος Κεντρικής Κέρκυρας και Διαποντίων Νήσων,2026-09-22,4,2026-09-18T00:00:00+00:00,23.6,26.5,25.0,100.0,0.0,0.0,0.0,0.0,below_30,Уобичајена температура,GREEN,100.0,2026-09-22T12:00:00+00:00,11,17,11–17 h,6,GEFS | ICON-EU EPS,31,40,EXPERIMENTAL / NOT CALIBRATED,100.0,100.0,0.0,0.0,0.0,0.0,0.0,0.0,0.0,0.0,13234094,Δήμος Κεντρικής Κέρκυρας και Διαποντίων Νήσων,Municipality of Central Corfu and Diapontia Islands
13234311,Lixouri Municipality,Δήμος Ληξουρίου,Δήμος Ληξουρίου,2026-09-22,4,2026-09-18T00:00:00+00:00,24.6,25.7,25.1,100.0,0.0,0.0,0.0,0.0,below_30,Уобичајена температура,GREEN,100.0,2026-09-22T12:00:00+00:00,11,17,11–17 h,6,GEFS | ICON-EU EPS,31,40,EXPERIMENTAL / NOT CALIBRATED,100.0,100.0,0.0,0.0,0.0,0.0,0.0,0.0,0.0,0.0,13234311,Δήμος Ληξουρίου,Lixouri Municipality
13234625,Sami Municipality,Δήμος Σάμης,Δήμος Σάμης,2026-09-22,4,2026-09-18T00:00:00+00:00,24.6,26.0,25.3,100.0,0.0,0.0,0.0,0.0,below_30,Уобичајена температура,GREEN,100.0,2026-09-22T12:00:00+00:00,11,17,11–17 h,6,GEFS | ICON-EU EPS,31,40,EXPERIMENTAL / NOT CALIBRATED,100.0,100.0,0.0,0.0,0.0,0.0,0.0,0.0,0.0,0.0,13234625,Δήμος Σάμης,Sami Municipality
13234674,Argostoli Municipality,Δήμος Αργοστολίου,Δήμος Αργοστολίου,2026-09-22,4,2026-09-18T00:00:00+00:00,24.6,26.7,25.6,100.0,0.0,0.0,0.0,0.0,below_30,Уобичајена температура,GREEN,100.0,2026-09-22T12:00:00+00:00,11,17,11–17 h,6,GEFS | ICON-EU EPS,31,40,EXPERIMENTAL / NOT CALIBRATED,100.0,100.0,0.0,0.0,0.0,0.0,0.0,0.0,0.0,0.0,13234674,Δήμος Αργοστολίου,Argostoli Municipality
