Municipality_DOM_ID,Value_e,Value_sl,Value_sc,date,day_index,model_run,gefs_tmax,icon_tmax,multimodel_tmax,p_below_30,p_30_35,p_35_38,p_38_40,p_ge_40,dominant_category,temperature_category_sr,temperature_color,dominant_category_probability,warmest_valid_time,warmest_period_start_local,warmest_period_end_local,warmest_period_local,warmest_period_resolution_hours,models,gefs_members,icon_members,status,gefs_p_below_30,icon_p_below_30,gefs_p_30_35,icon_p_30_35,gefs_p_35_38,icon_p_35_38,gefs_p_38_40,icon_p_38_40,gefs_p_ge_40,icon_p_ge_40,admin_id,name_local,name_en
19,Andrijaševci,Andrijaševci,Andrijaševci,2026-09-22,4,2026-09-18T00:00:00+00:00,20.9,19.8,20.3,100.0,0.0,0.0,0.0,0.0,below_30,Уобичајена температура,GREEN,100.0,2026-09-22T12:00:00+00:00,11,17,11–17 h,6,GEFS | ICON-EU EPS,31,40,EXPERIMENTAL / NOT CALIBRATED,100.0,100.0,0.0,0.0,0.0,0.0,0.0,0.0,0.0,0.0,19,Andrijaševci,Andrijaševci
27,Antunovac,Antunovac,Antunovac,2026-09-22,4,2026-09-18T00:00:00+00:00,20.7,19.8,20.3,100.0,0.0,0.0,0.0,0.0,below_30,Уобичајена температура,GREEN,100.0,2026-09-22T12:00:00+00:00,11,17,11–17 h,6,GEFS | ICON-EU EPS,31,40,EXPERIMENTAL / NOT CALIBRATED,100.0,100.0,0.0,0.0,0.0,0.0,0.0,0.0,0.0,0.0,27,Antunovac,Antunovac
35,Babina Greda,Babina Greda,Babina Greda,2026-09-22,4,2026-09-18T00:00:00+00:00,20.7,19.8,20.3,100.0,0.0,0.0,0.0,0.0,below_30,Уобичајена температура,GREEN,100.0,2026-09-22T12:00:00+00:00,11,17,11–17 h,6,GEFS | ICON-EU EPS,31,40,EXPERIMENTAL / NOT CALIBRATED,100.0,100.0,0.0,0.0,0.0,0.0,0.0,0.0,0.0,0.0,35,Babina Greda,Babina Greda
43,Bakar,Bakar,Bakar,2026-09-22,4,2026-09-18T00:00:00+00:00,19.0,21.0,20.0,100.0,0.0,0.0,0.0,0.0,below_30,Уобичајена температура,GREEN,100.0,2026-09-22T12:00:00+00:00,11,17,11–17 h,6,GEFS | ICON-EU EPS,31,40,EXPERIMENTAL / NOT CALIBRATED,100.0,100.0,0.0,0.0,0.0,0.0,0.0,0.0,0.0,0.0,43,Bakar,Bakar
51,Bale - Valle,Bale - Valle,Bale - Valle,2026-09-22,4,2026-09-18T00:00:00+00:00,22.5,23.0,22.8,100.0,0.0,0.0,0.0,0.0,below_30,Уобичајена температура,GREEN,100.0,2026-09-22T12:00:00+00:00,11,17,11–17 h,6,GEFS | ICON-EU EPS,31,40,EXPERIMENTAL / NOT CALIBRATED,100.0,100.0,0.0,0.0,0.0,0.0,0.0,0.0,0.0,0.0,51,Bale - Valle,Bale - Valle
60,Barban,Barban,Barban,2026-09-22,4,2026-09-18T00:00:00+00:00,22.0,21.1,21.5,100.0,0.0,0.0,0.0,0.0,below_30,Уобичајена температура,GREEN,100.0,2026-09-22T12:00:00+00:00,11,17,11–17 h,6,GEFS | ICON-EU EPS,31,40,EXPERIMENTAL / NOT CALIBRATED,100.0,100.0,0.0,0.0,0.0,0.0,0.0,0.0,0.0,0.0,60,Barban,Barban
78,Barilović,Barilović,Barilović,2026-09-22,4,2026-09-18T00:00:00+00:00,19.1,19.6,19.3,100.0,0.0,0.0,0.0,0.0,below_30,Уобичајена температура,GREEN,100.0,2026-09-22T12:00:00+00:00,11,17,11–17 h,6,GEFS | ICON-EU EPS,31,40,EXPERIMENTAL / NOT CALIBRATED,100.0,100.0,0.0,0.0,0.0,0.0,0.0,0.0,0.0,0.0,78,Barilović,Barilović
86,Baška,Baška,Baška,2026-09-22,4,2026-09-18T00:00:00+00:00,19.8,21.7,20.8,100.0,0.0,0.0,0.0,0.0,below_30,Уобичајена температура,GREEN,100.0,2026-09-22T12:00:00+00:00,11,17,11–17 h,6,GEFS | ICON-EU EPS,31,40,EXPERIMENTAL / NOT CALIBRATED,100.0,100.0,0.0,0.0,0.0,0.0,0.0,0.0,0.0,0.0,86,Baška,Baška
94,Baška Voda,Baška Voda,Baška Voda,2026-09-22,4,2026-09-18T00:00:00+00:00,23.4,21.0,22.2,100.0,0.0,0.0,0.0,0.0,below_30,Уобичајена температура,GREEN,100.0,2026-09-22T12:00:00+00:00,11,17,11–17 h,6,GEFS | ICON-EU EPS,31,40,EXPERIMENTAL / NOT CALIBRATED,100.0,100.0,0.0,0.0,0.0,0.0,0.0,0.0,0.0,0.0,94,Baška Voda,Baška Voda
108,Bebrina,Bebrina,Bebrina,2026-09-22,4,2026-09-18T00:00:00+00:00,20.9,19.8,20.3,100.0,0.0,0.0,0.0,0.0,below_30,Уобичајена температура,GREEN,100.0,2026-09-22T12:00:00+00:00,11,17,11–17 h,6,GEFS | ICON-EU EPS,31,40,EXPERIMENTAL / NOT CALIBRATED,100.0,100.0,0.0,0.0,0.0,0.0,0.0,0.0,0.0,0.0,108,Bebrina,Bebrina
116,Bedekovčina,Bedekovčina,Bedekovčina,2026-09-22,4,2026-09-18T00:00:00+00:00,20.6,18.0,19.3,100.0,0.0,0.0,0.0,0.0,below_30,Уобичајена температура,GREEN,100.0,2026-09-22T12:00:00+00:00,11,17,11–17 h,6,GEFS | ICON-EU EPS,31,40,EXPERIMENTAL / NOT CALIBRATED,100.0,100.0,0.0,0.0,0.0,0.0,0.0,0.0,0.0,0.0,116,Bedekovčina,Bedekovčina
124,Bednja,Bednja,Bednja,2026-09-22,4,2026-09-18T00:00:00+00:00,20.1,19.0,19.6,100.0,0.0,0.0,0.0,0.0,below_30,Уобичајена температура,GREEN,100.0,2026-09-22T12:00:00+00:00,11,17,11–17 h,6,GEFS | ICON-EU EPS,31,40,EXPERIMENTAL / NOT CALIBRATED,100.0,100.0,0.0,0.0,0.0,0.0,0.0,0.0,0.0,0.0,124,Bednja,Bednja
132,Beli Manastir,Beli Manastir,Beli Manastir,2026-09-22,4,2026-09-18T00:00:00+00:00,20.6,19.4,20.0,100.0,0.0,0.0,0.0,0.0,below_30,Уобичајена температура,GREEN,100.0,2026-09-22T12:00:00+00:00,11,17,11–17 h,6,GEFS | ICON-EU EPS,31,40,EXPERIMENTAL / NOT CALIBRATED,100.0,100.0,0.0,0.0,0.0,0.0,0.0,0.0,0.0,0.0,132,Beli Manastir,Beli Manastir
159,Belica,Belica,Belica,2026-09-22,4,2026-09-18T00:00:00+00:00,19.5,19.4,19.4,100.0,0.0,0.0,0.0,0.0,below_30,Уобичајена температура,GREEN,100.0,2026-09-22T12:00:00+00:00,11,17,11–17 h,6,GEFS | ICON-EU EPS,31,40,EXPERIMENTAL / NOT CALIBRATED,100.0,100.0,0.0,0.0,0.0,0.0,0.0,0.0,0.0,0.0,159,Belica,Belica
167,Belišće,Belišće,Belišće,2026-09-22,4,2026-09-18T00:00:00+00:00,20.5,19.6,20.0,100.0,0.0,0.0,0.0,0.0,below_30,Уобичајена температура,GREEN,100.0,2026-09-22T12:00:00+00:00,11,17,11–17 h,6,GEFS | ICON-EU EPS,31,40,EXPERIMENTAL / NOT CALIBRATED,100.0,100.0,0.0,0.0,0.0,0.0,0.0,0.0,0.0,0.0,167,Belišće,Belišće
175,Benkovac,Benkovac,Benkovac,2026-09-22,4,2026-09-18T00:00:00+00:00,24.1,21.3,22.7,100.0,0.0,0.0,0.0,0.0,below_30,Уобичајена температура,GREEN,100.0,2026-09-22T12:00:00+00:00,11,17,11–17 h,6,GEFS | ICON-EU EPS,31,40,EXPERIMENTAL / NOT CALIBRATED,100.0,100.0,0.0,0.0,0.0,0.0,0.0,0.0,0.0,0.0,175,Benkovac,Benkovac
183,Berek,Berek,Berek,2026-09-22,4,2026-09-18T00:00:00+00:00,19.9,19.0,19.4,100.0,0.0,0.0,0.0,0.0,below_30,Уобичајена температура,GREEN,100.0,2026-09-22T12:00:00+00:00,11,17,11–17 h,6,GEFS | ICON-EU EPS,31,40,EXPERIMENTAL / NOT CALIBRATED,100.0,100.0,0.0,0.0,0.0,0.0,0.0,0.0,0.0,0.0,183,Berek,Berek
191,Beretinec,Beretinec,Beretinec,2026-09-22,4,2026-09-18T00:00:00+00:00,19.6,18.9,19.3,100.0,0.0,0.0,0.0,0.0,below_30,Уобичајена температура,GREEN,100.0,2026-09-22T12:00:00+00:00,11,17,11–17 h,6,GEFS | ICON-EU EPS,31,40,EXPERIMENTAL / NOT CALIBRATED,100.0,100.0,0.0,0.0,0.0,0.0,0.0,0.0,0.0,0.0,191,Beretinec,Beretinec
205,Bibinje,Bibinje,Bibinje,2026-09-22,4,2026-09-18T00:00:00+00:00,23.2,23.3,23.3,100.0,0.0,0.0,0.0,0.0,below_30,Уобичајена температура,GREEN,100.0,2026-09-22T12:00:00+00:00,11,17,11–17 h,6,GEFS | ICON-EU EPS,31,40,EXPERIMENTAL / NOT CALIBRATED,100.0,100.0,0.0,0.0,0.0,0.0,0.0,0.0,0.0,0.0,205,Bibinje,Bibinje
213,Bilje,Bilje,Bilje,2026-09-22,4,2026-09-18T00:00:00+00:00,20.7,19.6,20.2,100.0,0.0,0.0,0.0,0.0,below_30,Уобичајена температура,GREEN,100.0,2026-09-22T12:00:00+00:00,11,17,11–17 h,6,GEFS | ICON-EU EPS,31,40,EXPERIMENTAL / NOT CALIBRATED,100.0,100.0,0.0,0.0,0.0,0.0,0.0,0.0,0.0,0.0,213,Bilje,Bilje
221,Biograd na Moru,Biograd na Moru,Biograd na Moru,2026-09-22,4,2026-09-18T00:00:00+00:00,24.5,23.6,24.0,100.0,0.0,0.0,0.0,0.0,below_30,Уобичајена температура,GREEN,100.0,2026-09-22T12:00:00+00:00,11,17,11–17 h,6,GEFS | ICON-EU EPS,31,40,EXPERIMENTAL / NOT CALIBRATED,100.0,100.0,0.0,0.0,0.0,0.0,0.0,0.0,0.0,0.0,221,Biograd na Moru,Biograd na Moru
230,Bizovac,Bizovac,Bizovac,2026-09-22,4,2026-09-18T00:00:00+00:00,20.7,19.5,20.1,100.0,0.0,0.0,0.0,0.0,below_30,Уобичајена температура,GREEN,100.0,2026-09-22T12:00:00+00:00,11,17,11–17 h,6,GEFS | ICON-EU EPS,31,40,EXPERIMENTAL / NOT CALIBRATED,100.0,100.0,0.0,0.0,0.0,0.0,0.0,0.0,0.0,0.0,230,Bizovac,Bizovac
248,Bjelovar,Bjelovar,Bjelovar,2026-09-22,4,2026-09-18T00:00:00+00:00,20.4,19.3,19.8,100.0,0.0,0.0,0.0,0.0,below_30,Уобичајена температура,GREEN,100.0,2026-09-22T12:00:00+00:00,11,17,11–17 h,6,GEFS | ICON-EU EPS,31,40,EXPERIMENTAL / NOT CALIBRATED,100.0,100.0,0.0,0.0,0.0,0.0,0.0,0.0,0.0,0.0,248,Bjelovar,Bjelovar
256,Blato,Blato,Blato,2026-09-22,4,2026-09-18T00:00:00+00:00,23.7,23.0,23.4,100.0,0.0,0.0,0.0,0.0,below_30,Уобичајена температура,GREEN,100.0,2026-09-22T12:00:00+00:00,11,17,11–17 h,6,GEFS | ICON-EU EPS,31,40,EXPERIMENTAL / NOT CALIBRATED,100.0,100.0,0.0,0.0,0.0,0.0,0.0,0.0,0.0,0.0,256,Blato,Blato
264,Bogdanovci,Bogdanovci,Bogdanovci,2026-09-22,4,2026-09-18T00:00:00+00:00,20.8,19.5,20.2,100.0,0.0,0.0,0.0,0.0,below_30,Уобичајена температура,GREEN,100.0,2026-09-22T12:00:00+00:00,11,17,11–17 h,6,GEFS | ICON-EU EPS,31,40,EXPERIMENTAL / NOT CALIBRATED,100.0,100.0,0.0,0.0,0.0,0.0,0.0,0.0,0.0,0.0,264,Bogdanovci,Bogdanovci
272,Bol,Bol,Bol,2026-09-22,4,2026-09-18T00:00:00+00:00,24.0,21.5,22.8,100.0,0.0,0.0,0.0,0.0,below_30,Уобичајена температура,GREEN,100.0,2026-09-22T12:00:00+00:00,11,17,11–17 h,6,GEFS | ICON-EU EPS,31,40,EXPERIMENTAL / NOT CALIBRATED,100.0,100.0,0.0,0.0,0.0,0.0,0.0,0.0,0.0,0.0,272,Bol,Bol
299,Borovo,Borovo,Borovo,2026-09-22,4,2026-09-18T00:00:00+00:00,20.7,19.7,20.2,100.0,0.0,0.0,0.0,0.0,below_30,Уобичајена температура,GREEN,100.0,2026-09-22T12:00:00+00:00,11,17,11–17 h,6,GEFS | ICON-EU EPS,31,40,EXPERIMENTAL / NOT CALIBRATED,100.0,100.0,0.0,0.0,0.0,0.0,0.0,0.0,0.0,0.0,299,Borovo,Borovo
302,Bosiljevo,Bosiljevo,Bosiljevo,2026-09-22,4,2026-09-18T00:00:00+00:00,18.6,18.9,18.7,100.0,0.0,0.0,0.0,0.0,below_30,Уобичајена температура,GREEN,100.0,2026-09-22T12:00:00+00:00,11,17,11–17 h,6,GEFS | ICON-EU EPS,31,40,EXPERIMENTAL / NOT CALIBRATED,100.0,100.0,0.0,0.0,0.0,0.0,0.0,0.0,0.0,0.0,302,Bosiljevo,Bosiljevo
329,Bošnjaci,Bošnjaci,Bošnjaci,2026-09-22,4,2026-09-18T00:00:00+00:00,20.8,19.8,20.3,100.0,0.0,0.0,0.0,0.0,below_30,Уобичајена температура,GREEN,100.0,2026-09-22T12:00:00+00:00,11,17,11–17 h,6,GEFS | ICON-EU EPS,31,40,EXPERIMENTAL / NOT CALIBRATED,100.0,100.0,0.0,0.0,0.0,0.0,0.0,0.0,0.0,0.0,329,Bošnjaci,Bošnjaci
337,Brckovljani,Brckovljani,Brckovljani,2026-09-22,4,2026-09-18T00:00:00+00:00,20.8,19.7,20.3,100.0,0.0,0.0,0.0,0.0,below_30,Уобичајена температура,GREEN,100.0,2026-09-22T12:00:00+00:00,11,17,11–17 h,6,GEFS | ICON-EU EPS,31,40,EXPERIMENTAL / NOT CALIBRATED,100.0,100.0,0.0,0.0,0.0,0.0,0.0,0.0,0.0,0.0,337,Brckovljani,Brckovljani
345,Brdovec,Brdovec,Brdovec,2026-09-22,4,2026-09-18T00:00:00+00:00,19.6,19.4,19.5,100.0,0.0,0.0,0.0,0.0,below_30,Уобичајена температура,GREEN,100.0,2026-09-22T12:00:00+00:00,11,17,11–17 h,6,GEFS | ICON-EU EPS,31,40,EXPERIMENTAL / NOT CALIBRATED,100.0,100.0,0.0,0.0,0.0,0.0,0.0,0.0,0.0,0.0,345,Brdovec,Brdovec
353,Brestovac,Brestovac,Brestovac,2026-09-22,4,2026-09-18T00:00:00+00:00,18.9,16.1,17.5,100.0,0.0,0.0,0.0,0.0,below_30,Уобичајена температура,GREEN,100.0,2026-09-22T12:00:00+00:00,11,17,11–17 h,6,GEFS | ICON-EU EPS,31,40,EXPERIMENTAL / NOT CALIBRATED,100.0,100.0,0.0,0.0,0.0,0.0,0.0,0.0,0.0,0.0,353,Brestovac,Brestovac
361,Breznica,Breznica,Breznica,2026-09-22,4,2026-09-18T00:00:00+00:00,20.5,19.3,19.9,100.0,0.0,0.0,0.0,0.0,below_30,Уобичајена температура,GREEN,100.0,2026-09-22T12:00:00+00:00,11,17,11–17 h,6,GEFS | ICON-EU EPS,31,40,EXPERIMENTAL / NOT CALIBRATED,100.0,100.0,0.0,0.0,0.0,0.0,0.0,0.0,0.0,0.0,361,Breznica,Breznica
370,Brinje,Brinje,Brinje,2026-09-22,4,2026-09-18T00:00:00+00:00,17.4,16.2,16.8,100.0,0.0,0.0,0.0,0.0,below_30,Уобичајена температура,GREEN,100.0,2026-09-22T12:00:00+00:00,11,17,11–17 h,6,GEFS | ICON-EU EPS,31,40,EXPERIMENTAL / NOT CALIBRATED,100.0,100.0,0.0,0.0,0.0,0.0,0.0,0.0,0.0,0.0,370,Brinje,Brinje
388,Brod Moravice,Brod Moravice,Brod Moravice,2026-09-22,4,2026-09-18T00:00:00+00:00,17.5,16.3,16.9,100.0,0.0,0.0,0.0,0.0,below_30,Уобичајена температура,GREEN,100.0,2026-09-22T12:00:00+00:00,11,17,11–17 h,6,GEFS | ICON-EU EPS,31,40,EXPERIMENTAL / NOT CALIBRATED,100.0,100.0,0.0,0.0,0.0,0.0,0.0,0.0,0.0,0.0,388,Brod Moravice,Brod Moravice
396,Brodski Stupnik,Brodski Stupnik,Brodski Stupnik,2026-09-22,4,2026-09-18T00:00:00+00:00,20.1,19.3,19.7,100.0,0.0,0.0,0.0,0.0,below_30,Уобичајена температура,GREEN,100.0,2026-09-22T12:00:00+00:00,11,17,11–17 h,6,GEFS | ICON-EU EPS,31,40,EXPERIMENTAL / NOT CALIBRATED,100.0,100.0,0.0,0.0,0.0,0.0,0.0,0.0,0.0,0.0,396,Brodski Stupnik,Brodski Stupnik
400,Brtonigla - Verteneglio,Brtonigla - Verteneglio,Brtonigla - Verteneglio,2026-09-22,4,2026-09-18T00:00:00+00:00,21.6,23.4,22.5,100.0,0.0,0.0,0.0,0.0,below_30,Уобичајена температура,GREEN,100.0,2026-09-22T12:00:00+00:00,11,17,11–17 h,6,GEFS | ICON-EU EPS,31,40,EXPERIMENTAL / NOT CALIBRATED,100.0,100.0,0.0,0.0,0.0,0.0,0.0,0.0,0.0,0.0,400,Brtonigla - Verteneglio,Brtonigla - Verteneglio
418,Budinščina,Budinščina,Budinščina,2026-09-22,4,2026-09-18T00:00:00+00:00,19.6,18.8,19.2,100.0,0.0,0.0,0.0,0.0,below_30,Уобичајена температура,GREEN,100.0,2026-09-22T12:00:00+00:00,11,17,11–17 h,6,GEFS | ICON-EU EPS,31,40,EXPERIMENTAL / NOT CALIBRATED,100.0,100.0,0.0,0.0,0.0,0.0,0.0,0.0,0.0,0.0,418,Budinščina,Budinščina
426,Buje - Buie,Buje - Buie,Buje - Buie,2026-09-22,4,2026-09-18T00:00:00+00:00,22.6,22.4,22.5,100.0,0.0,0.0,0.0,0.0,below_30,Уобичајена температура,GREEN,100.0,2026-09-22T12:00:00+00:00,11,17,11–17 h,6,GEFS | ICON-EU EPS,31,40,EXPERIMENTAL / NOT CALIBRATED,100.0,100.0,0.0,0.0,0.0,0.0,0.0,0.0,0.0,0.0,426,Buje - Buie,Buje - Buie
434,Buzet,Buzet,Buzet,2026-09-22,4,2026-09-18T00:00:00+00:00,21.2,21.6,21.4,100.0,0.0,0.0,0.0,0.0,below_30,Уобичајена температура,GREEN,100.0,2026-09-22T12:00:00+00:00,11,17,11–17 h,6,GEFS | ICON-EU EPS,31,40,EXPERIMENTAL / NOT CALIBRATED,100.0,100.0,0.0,0.0,0.0,0.0,0.0,0.0,0.0,0.0,434,Buzet,Buzet
442,Cerna,Cerna,Cerna,2026-09-22,4,2026-09-18T00:00:00+00:00,20.9,19.8,20.3,100.0,0.0,0.0,0.0,0.0,below_30,Уобичајена температура,GREEN,100.0,2026-09-22T12:00:00+00:00,11,17,11–17 h,6,GEFS | ICON-EU EPS,31,40,EXPERIMENTAL / NOT CALIBRATED,100.0,100.0,0.0,0.0,0.0,0.0,0.0,0.0,0.0,0.0,442,Cerna,Cerna
469,Cernik,Cernik,Cernik,2026-09-22,4,2026-09-18T00:00:00+00:00,19.9,17.0,18.5,100.0,0.0,0.0,0.0,0.0,below_30,Уобичајена температура,GREEN,100.0,2026-09-22T12:00:00+00:00,11,17,11–17 h,6,GEFS | ICON-EU EPS,31,40,EXPERIMENTAL / NOT CALIBRATED,100.0,100.0,0.0,0.0,0.0,0.0,0.0,0.0,0.0,0.0,469,Cernik,Cernik
477,Cerovlje,Cerovlje,Cerovlje,2026-09-22,4,2026-09-18T00:00:00+00:00,22.5,21.4,22.0,100.0,0.0,0.0,0.0,0.0,below_30,Уобичајена температура,GREEN,100.0,2026-09-22T12:00:00+00:00,11,17,11–17 h,6,GEFS | ICON-EU EPS,31,40,EXPERIMENTAL / NOT CALIBRATED,100.0,100.0,0.0,0.0,0.0,0.0,0.0,0.0,0.0,0.0,477,Cerovlje,Cerovlje
485,Cestica,Cestica,Cestica,2026-09-22,4,2026-09-18T00:00:00+00:00,20.1,19.1,19.6,100.0,0.0,0.0,0.0,0.0,below_30,Уобичајена температура,GREEN,100.0,2026-09-22T12:00:00+00:00,11,17,11–17 h,6,GEFS | ICON-EU EPS,31,40,EXPERIMENTAL / NOT CALIBRATED,100.0,100.0,0.0,0.0,0.0,0.0,0.0,0.0,0.0,0.0,485,Cestica,Cestica
493,Cetingrad,Cetingrad,Cetingrad,2026-09-22,4,2026-09-18T00:00:00+00:00,19.7,19.4,19.6,100.0,0.0,0.0,0.0,0.0,below_30,Уобичајена температура,GREEN,100.0,2026-09-22T12:00:00+00:00,11,17,11–17 h,6,GEFS | ICON-EU EPS,31,40,EXPERIMENTAL / NOT CALIBRATED,100.0,100.0,0.0,0.0,0.0,0.0,0.0,0.0,0.0,0.0,493,Cetingrad,Cetingrad
507,Cista Provo,Cista Provo,Cista Provo,2026-09-22,4,2026-09-18T00:00:00+00:00,21.6,18.7,20.1,100.0,0.0,0.0,0.0,0.0,below_30,Уобичајена температура,GREEN,100.0,2026-09-22T12:00:00+00:00,11,17,11–17 h,6,GEFS | ICON-EU EPS,31,40,EXPERIMENTAL / NOT CALIBRATED,100.0,100.0,0.0,0.0,0.0,0.0,0.0,0.0,0.0,0.0,507,Cista Provo,Cista Provo
515,Civljane,Civljane,Civljane,2026-09-22,4,2026-09-18T00:00:00+00:00,18.9,16.4,17.6,100.0,0.0,0.0,0.0,0.0,below_30,Уобичајена температура,GREEN,100.0,2026-09-22T12:00:00+00:00,11,17,11–17 h,6,GEFS | ICON-EU EPS,31,40,EXPERIMENTAL / NOT CALIBRATED,100.0,100.0,0.0,0.0,0.0,0.0,0.0,0.0,0.0,0.0,515,Civljane,Civljane
523,Cres,Cres,Cres,2026-09-22,4,2026-09-18T00:00:00+00:00,21.0,22.2,21.6,100.0,0.0,0.0,0.0,0.0,below_30,Уобичајена температура,GREEN,100.0,2026-09-22T12:00:00+00:00,11,17,11–17 h,6,GEFS | ICON-EU EPS,31,40,EXPERIMENTAL / NOT CALIBRATED,100.0,100.0,0.0,0.0,0.0,0.0,0.0,0.0,0.0,0.0,523,Cres,Cres
531,Crikvenica,Crikvenica,Crikvenica,2026-09-22,4,2026-09-18T00:00:00+00:00,17.7,19.7,18.7,100.0,0.0,0.0,0.0,0.0,below_30,Уобичајена температура,GREEN,100.0,2026-09-22T12:00:00+00:00,11,17,11–17 h,6,GEFS | ICON-EU EPS,31,40,EXPERIMENTAL / NOT CALIBRATED,100.0,100.0,0.0,0.0,0.0,0.0,0.0,0.0,0.0,0.0,531,Crikvenica,Crikvenica
540,Crnac,Crnac,Crnac,2026-09-22,4,2026-09-18T00:00:00+00:00,20.4,19.5,19.9,100.0,0.0,0.0,0.0,0.0,below_30,Уобичајена температура,GREEN,100.0,2026-09-22T12:00:00+00:00,11,17,11–17 h,6,GEFS | ICON-EU EPS,31,40,EXPERIMENTAL / NOT CALIBRATED,100.0,100.0,0.0,0.0,0.0,0.0,0.0,0.0,0.0,0.0,540,Crnac,Crnac
558,Čabar,Čabar,Čabar,2026-09-22,4,2026-09-18T00:00:00+00:00,17.1,14.7,15.9,100.0,0.0,0.0,0.0,0.0,below_30,Уобичајена температура,GREEN,100.0,2026-09-22T12:00:00+00:00,11,17,11–17 h,6,GEFS | ICON-EU EPS,31,40,EXPERIMENTAL / NOT CALIBRATED,100.0,100.0,0.0,0.0,0.0,0.0,0.0,0.0,0.0,0.0,558,Čabar,Čabar
566,Čačinci,Čačinci,Čačinci,2026-09-22,4,2026-09-18T00:00:00+00:00,19.2,17.3,18.3,100.0,0.0,0.0,0.0,0.0,below_30,Уобичајена температура,GREEN,100.0,2026-09-22T12:00:00+00:00,11,17,11–17 h,6,GEFS | ICON-EU EPS,31,40,EXPERIMENTAL / NOT CALIBRATED,100.0,100.0,0.0,0.0,0.0,0.0,0.0,0.0,0.0,0.0,566,Čačinci,Čačinci
574,Čađavica,Čađavica,Čađavica,2026-09-22,4,2026-09-18T00:00:00+00:00,20.1,19.5,19.8,100.0,0.0,0.0,0.0,0.0,below_30,Уобичајена температура,GREEN,100.0,2026-09-22T12:00:00+00:00,11,17,11–17 h,6,GEFS | ICON-EU EPS,31,40,EXPERIMENTAL / NOT CALIBRATED,100.0,100.0,0.0,0.0,0.0,0.0,0.0,0.0,0.0,0.0,574,Čađavica,Čađavica
582,Čaglin,Čaglin,Čaglin,2026-09-22,4,2026-09-18T00:00:00+00:00,20.2,18.9,19.6,100.0,0.0,0.0,0.0,0.0,below_30,Уобичајена температура,GREEN,100.0,2026-09-22T12:00:00+00:00,11,17,11–17 h,6,GEFS | ICON-EU EPS,31,40,EXPERIMENTAL / NOT CALIBRATED,100.0,100.0,0.0,0.0,0.0,0.0,0.0,0.0,0.0,0.0,582,Čaglin,Čaglin
604,Čakovec,Čakovec,Čakovec,2026-09-22,4,2026-09-18T00:00:00+00:00,19.5,19.4,19.4,100.0,0.0,0.0,0.0,0.0,below_30,Уобичајена температура,GREEN,100.0,2026-09-22T12:00:00+00:00,11,17,11–17 h,6,GEFS | ICON-EU EPS,31,40,EXPERIMENTAL / NOT CALIBRATED,100.0,100.0,0.0,0.0,0.0,0.0,0.0,0.0,0.0,0.0,604,Čakovec,Čakovec
612,Čavle,Čavle,Čavle,2026-09-22,4,2026-09-18T00:00:00+00:00,17.1,20.7,18.9,100.0,0.0,0.0,0.0,0.0,below_30,Уобичајена температура,GREEN,100.0,2026-09-22T12:00:00+00:00,11,17,11–17 h,6,GEFS | ICON-EU EPS,31,40,EXPERIMENTAL / NOT CALIBRATED,100.0,100.0,0.0,0.0,0.0,0.0,0.0,0.0,0.0,0.0,612,Čavle,Čavle
639,Čazma,Čazma,Čazma,2026-09-22,4,2026-09-18T00:00:00+00:00,19.9,19.5,19.7,100.0,0.0,0.0,0.0,0.0,below_30,Уобичајена температура,GREEN,100.0,2026-09-22T12:00:00+00:00,11,17,11–17 h,6,GEFS | ICON-EU EPS,31,40,EXPERIMENTAL / NOT CALIBRATED,100.0,100.0,0.0,0.0,0.0,0.0,0.0,0.0,0.0,0.0,639,Čazma,Čazma
647,Čeminac,Čeminac,Čeminac,2026-09-22,4,2026-09-18T00:00:00+00:00,20.5,19.4,19.9,100.0,0.0,0.0,0.0,0.0,below_30,Уобичајена температура,GREEN,100.0,2026-09-22T12:00:00+00:00,11,17,11–17 h,6,GEFS | ICON-EU EPS,31,40,EXPERIMENTAL / NOT CALIBRATED,100.0,100.0,0.0,0.0,0.0,0.0,0.0,0.0,0.0,0.0,647,Čeminac,Čeminac
655,Čepin,Čepin,Čepin,2026-09-22,4,2026-09-18T00:00:00+00:00,20.7,19.6,20.2,100.0,0.0,0.0,0.0,0.0,below_30,Уобичајена температура,GREEN,100.0,2026-09-22T12:00:00+00:00,11,17,11–17 h,6,GEFS | ICON-EU EPS,31,40,EXPERIMENTAL / NOT CALIBRATED,100.0,100.0,0.0,0.0,0.0,0.0,0.0,0.0,0.0,0.0,655,Čepin,Čepin
663,Darda,Darda,Darda,2026-09-22,4,2026-09-18T00:00:00+00:00,20.7,19.6,20.2,100.0,0.0,0.0,0.0,0.0,below_30,Уобичајена температура,GREEN,100.0,2026-09-22T12:00:00+00:00,11,17,11–17 h,6,GEFS | ICON-EU EPS,31,40,EXPERIMENTAL / NOT CALIBRATED,100.0,100.0,0.0,0.0,0.0,0.0,0.0,0.0,0.0,0.0,663,Darda,Darda
671,Daruvar,Daruvar,Daruvar,2026-09-22,4,2026-09-18T00:00:00+00:00,19.2,18.2,18.7,100.0,0.0,0.0,0.0,0.0,below_30,Уобичајена температура,GREEN,100.0,2026-09-22T12:00:00+00:00,11,17,11–17 h,6,GEFS | ICON-EU EPS,31,40,EXPERIMENTAL / NOT CALIBRATED,100.0,100.0,0.0,0.0,0.0,0.0,0.0,0.0,0.0,0.0,671,Daruvar,Daruvar
680,Davor,Davor,Davor,2026-09-22,4,2026-09-18T00:00:00+00:00,19.9,19.9,19.9,100.0,0.0,0.0,0.0,0.0,below_30,Уобичајена температура,GREEN,100.0,2026-09-22T12:00:00+00:00,11,17,11–17 h,6,GEFS | ICON-EU EPS,31,40,EXPERIMENTAL / NOT CALIBRATED,100.0,100.0,0.0,0.0,0.0,0.0,0.0,0.0,0.0,0.0,680,Davor,Davor
698,Delnice,Delnice,Delnice,2026-09-22,4,2026-09-18T00:00:00+00:00,16.9,15.4,16.1,100.0,0.0,0.0,0.0,0.0,below_30,Уобичајена температура,GREEN,100.0,2026-09-22T12:00:00+00:00,11,17,11–17 h,6,GEFS | ICON-EU EPS,31,40,EXPERIMENTAL / NOT CALIBRATED,100.0,100.0,0.0,0.0,0.0,0.0,0.0,0.0,0.0,0.0,698,Delnice,Delnice
701,Desinić,Desinić,Desinić,2026-09-22,4,2026-09-18T00:00:00+00:00,20.0,19.1,19.6,100.0,0.0,0.0,0.0,0.0,below_30,Уобичајена температура,GREEN,100.0,2026-09-22T12:00:00+00:00,11,17,11–17 h,6,GEFS | ICON-EU EPS,31,40,EXPERIMENTAL / NOT CALIBRATED,100.0,100.0,0.0,0.0,0.0,0.0,0.0,0.0,0.0,0.0,701,Desinić,Desinić
710,Dežanovac,Dežanovac,Dežanovac,2026-09-22,4,2026-09-18T00:00:00+00:00,19.8,19.3,19.6,100.0,0.0,0.0,0.0,0.0,below_30,Уобичајена температура,GREEN,100.0,2026-09-22T12:00:00+00:00,11,17,11–17 h,6,GEFS | ICON-EU EPS,31,40,EXPERIMENTAL / NOT CALIBRATED,100.0,100.0,0.0,0.0,0.0,0.0,0.0,0.0,0.0,0.0,710,Dežanovac,Dežanovac
728,Dicmo,Dicmo,Dicmo,2026-09-22,4,2026-09-18T00:00:00+00:00,21.7,19.9,20.8,100.0,0.0,0.0,0.0,0.0,below_30,Уобичајена температура,GREEN,100.0,2026-09-22T12:00:00+00:00,11,17,11–17 h,6,GEFS | ICON-EU EPS,31,40,EXPERIMENTAL / NOT CALIBRATED,100.0,100.0,0.0,0.0,0.0,0.0,0.0,0.0,0.0,0.0,728,Dicmo,Dicmo
744,Dobrinj,Dobrinj,Dobrinj,2026-09-22,4,2026-09-18T00:00:00+00:00,19.0,22.8,20.9,100.0,0.0,0.0,0.0,0.0,below_30,Уобичајена температура,GREEN,100.0,2026-09-22T12:00:00+00:00,11,17,11–17 h,6,GEFS | ICON-EU EPS,31,40,EXPERIMENTAL / NOT CALIBRATED,100.0,100.0,0.0,0.0,0.0,0.0,0.0,0.0,0.0,0.0,744,Dobrinj,Dobrinj
752,Domašinec,Domašinec,Domašinec,2026-09-22,4,2026-09-18T00:00:00+00:00,19.5,19.6,19.5,100.0,0.0,0.0,0.0,0.0,below_30,Уобичајена температура,GREEN,100.0,2026-09-22T12:00:00+00:00,11,17,11–17 h,6,GEFS | ICON-EU EPS,31,40,EXPERIMENTAL / NOT CALIBRATED,100.0,100.0,0.0,0.0,0.0,0.0,0.0,0.0,0.0,0.0,752,Domašinec,Domašinec
779,Brela,Brela,Brela,2026-09-22,4,2026-09-18T00:00:00+00:00,21.6,21.0,21.3,100.0,0.0,0.0,0.0,0.0,below_30,Уобичајена температура,GREEN,100.0,2026-09-22T12:00:00+00:00,11,17,11–17 h,6,GEFS | ICON-EU EPS,31,40,EXPERIMENTAL / NOT CALIBRATED,100.0,100.0,0.0,0.0,0.0,0.0,0.0,0.0,0.0,0.0,779,Brela,Brela
787,Donja Dubrava,Donja Dubrava,Donja Dubrava,2026-09-22,4,2026-09-18T00:00:00+00:00,19.9,19.4,19.7,100.0,0.0,0.0,0.0,0.0,below_30,Уобичајена температура,GREEN,100.0,2026-09-22T12:00:00+00:00,11,17,11–17 h,6,GEFS | ICON-EU EPS,31,40,EXPERIMENTAL / NOT CALIBRATED,100.0,100.0,0.0,0.0,0.0,0.0,0.0,0.0,0.0,0.0,787,Donja Dubrava,Donja Dubrava
795,Donja Stubica,Donja Stubica,Donja Stubica,2026-09-22,4,2026-09-18T00:00:00+00:00,20.6,18.2,19.4,100.0,0.0,0.0,0.0,0.0,below_30,Уобичајена температура,GREEN,100.0,2026-09-22T12:00:00+00:00,11,17,11–17 h,6,GEFS | ICON-EU EPS,31,40,EXPERIMENTAL / NOT CALIBRATED,100.0,100.0,0.0,0.0,0.0,0.0,0.0,0.0,0.0,0.0,795,Donja Stubica,Donja Stubica
809,Donja Voća,Donja Voća,Donja Voća,2026-09-22,4,2026-09-18T00:00:00+00:00,20.1,18.8,19.5,100.0,0.0,0.0,0.0,0.0,below_30,Уобичајена температура,GREEN,100.0,2026-09-22T12:00:00+00:00,11,17,11–17 h,6,GEFS | ICON-EU EPS,31,40,EXPERIMENTAL / NOT CALIBRATED,100.0,100.0,0.0,0.0,0.0,0.0,0.0,0.0,0.0,0.0,809,Donja Voća,Donja Voća
817,Donji Andrijevci,Donji Andrijevci,Donji Andrijevci,2026-09-22,4,2026-09-18T00:00:00+00:00,20.5,19.8,20.1,100.0,0.0,0.0,0.0,0.0,below_30,Уобичајена температура,GREEN,100.0,2026-09-22T12:00:00+00:00,11,17,11–17 h,6,GEFS | ICON-EU EPS,31,40,EXPERIMENTAL / NOT CALIBRATED,100.0,100.0,0.0,0.0,0.0,0.0,0.0,0.0,0.0,0.0,817,Donji Andrijevci,Donji Andrijevci
825,Donji Kraljevec,Donji Kraljevec,Donji Kraljevec,2026-09-22,4,2026-09-18T00:00:00+00:00,19.5,19.6,19.5,100.0,0.0,0.0,0.0,0.0,below_30,Уобичајена температура,GREEN,100.0,2026-09-22T12:00:00+00:00,11,17,11–17 h,6,GEFS | ICON-EU EPS,31,40,EXPERIMENTAL / NOT CALIBRATED,100.0,100.0,0.0,0.0,0.0,0.0,0.0,0.0,0.0,0.0,825,Donji Kraljevec,Donji Kraljevec
833,Donji Kukuruzari,Donji Kukuruzari,Donji Kukuruzari,2026-09-22,4,2026-09-18T00:00:00+00:00,19.9,18.3,19.1,100.0,0.0,0.0,0.0,0.0,below_30,Уобичајена температура,GREEN,100.0,2026-09-22T12:00:00+00:00,11,17,11–17 h,6,GEFS | ICON-EU EPS,31,40,EXPERIMENTAL / NOT CALIBRATED,100.0,100.0,0.0,0.0,0.0,0.0,0.0,0.0,0.0,0.0,833,Donji Kukuruzari,Donji Kukuruzari
841,Donji Lapac,Donji Lapac,Donji Lapac,2026-09-22,4,2026-09-18T00:00:00+00:00,16.9,15.0,15.9,100.0,0.0,0.0,0.0,0.0,below_30,Уобичајена температура,GREEN,100.0,2026-09-22T12:00:00+00:00,11,17,11–17 h,6,GEFS | ICON-EU EPS,31,40,EXPERIMENTAL / NOT CALIBRATED,100.0,100.0,0.0,0.0,0.0,0.0,0.0,0.0,0.0,0.0,841,Donji Lapac,Donji Lapac
850,Martijanec,Martijanec,Martijanec,2026-09-22,4,2026-09-18T00:00:00+00:00,19.5,19.0,19.2,100.0,0.0,0.0,0.0,0.0,below_30,Уобичајена температура,GREEN,100.0,2026-09-22T12:00:00+00:00,11,17,11–17 h,6,GEFS | ICON-EU EPS,31,40,EXPERIMENTAL / NOT CALIBRATED,100.0,100.0,0.0,0.0,0.0,0.0,0.0,0.0,0.0,0.0,850,Martijanec,Martijanec
868,Donji Miholjac,Donji Miholjac,Donji Miholjac,2026-09-22,4,2026-09-18T00:00:00+00:00,20.5,19.6,20.0,100.0,0.0,0.0,0.0,0.0,below_30,Уобичајена температура,GREEN,100.0,2026-09-22T12:00:00+00:00,11,17,11–17 h,6,GEFS | ICON-EU EPS,31,40,EXPERIMENTAL / NOT CALIBRATED,100.0,100.0,0.0,0.0,0.0,0.0,0.0,0.0,0.0,0.0,868,Donji Miholjac,Donji Miholjac
876,Muć,Muć,Muć,2026-09-22,4,2026-09-18T00:00:00+00:00,21.7,17.8,19.8,100.0,0.0,0.0,0.0,0.0,below_30,Уобичајена температура,GREEN,100.0,2026-09-22T12:00:00+00:00,11,17,11–17 h,6,GEFS | ICON-EU EPS,31,40,EXPERIMENTAL / NOT CALIBRATED,100.0,100.0,0.0,0.0,0.0,0.0,0.0,0.0,0.0,0.0,876,Muć,Muć
884,Proložac,Proložac,Proložac,2026-09-22,4,2026-09-18T00:00:00+00:00,20.1,18.2,19.2,100.0,0.0,0.0,0.0,0.0,below_30,Уобичајена температура,GREEN,100.0,2026-09-22T12:00:00+00:00,11,17,11–17 h,6,GEFS | ICON-EU EPS,31,40,EXPERIMENTAL / NOT CALIBRATED,100.0,100.0,0.0,0.0,0.0,0.0,0.0,0.0,0.0,0.0,884,Proložac,Proložac
892,Donji Vidovec,Donji Vidovec,Donji Vidovec,2026-09-22,4,2026-09-18T00:00:00+00:00,19.9,19.4,19.7,100.0,0.0,0.0,0.0,0.0,below_30,Уобичајена температура,GREEN,100.0,2026-09-22T12:00:00+00:00,11,17,11–17 h,6,GEFS | ICON-EU EPS,31,40,EXPERIMENTAL / NOT CALIBRATED,100.0,100.0,0.0,0.0,0.0,0.0,0.0,0.0,0.0,0.0,892,Donji Vidovec,Donji Vidovec
906,Draganić,Draganić,Draganić,2026-09-22,4,2026-09-18T00:00:00+00:00,20.7,20.3,20.5,100.0,0.0,0.0,0.0,0.0,below_30,Уобичајена температура,GREEN,100.0,2026-09-22T12:00:00+00:00,11,17,11–17 h,6,GEFS | ICON-EU EPS,31,40,EXPERIMENTAL / NOT CALIBRATED,100.0,100.0,0.0,0.0,0.0,0.0,0.0,0.0,0.0,0.0,906,Draganić,Draganić
914,Draž,Draž,Draž,2026-09-22,4,2026-09-18T00:00:00+00:00,20.5,19.8,20.1,100.0,0.0,0.0,0.0,0.0,below_30,Уобичајена температура,GREEN,100.0,2026-09-22T12:00:00+00:00,11,17,11–17 h,6,GEFS | ICON-EU EPS,31,40,EXPERIMENTAL / NOT CALIBRATED,100.0,100.0,0.0,0.0,0.0,0.0,0.0,0.0,0.0,0.0,914,Draž,Draž
922,Drenovci,Drenovci,Drenovci,2026-09-22,4,2026-09-18T00:00:00+00:00,21.0,19.7,20.3,100.0,0.0,0.0,0.0,0.0,below_30,Уобичајена температура,GREEN,100.0,2026-09-22T12:00:00+00:00,11,17,11–17 h,6,GEFS | ICON-EU EPS,31,40,EXPERIMENTAL / NOT CALIBRATED,100.0,100.0,0.0,0.0,0.0,0.0,0.0,0.0,0.0,0.0,922,Drenovci,Drenovci
949,Drenje,Drenje,Drenje,2026-09-22,4,2026-09-18T00:00:00+00:00,20.6,19.2,19.9,100.0,0.0,0.0,0.0,0.0,below_30,Уобичајена температура,GREEN,100.0,2026-09-22T12:00:00+00:00,11,17,11–17 h,6,GEFS | ICON-EU EPS,31,40,EXPERIMENTAL / NOT CALIBRATED,100.0,100.0,0.0,0.0,0.0,0.0,0.0,0.0,0.0,0.0,949,Drenje,Drenje
957,Drniš,Drniš,Drniš,2026-09-22,4,2026-09-18T00:00:00+00:00,23.3,22.1,22.7,100.0,0.0,0.0,0.0,0.0,below_30,Уобичајена температура,GREEN,100.0,2026-09-22T12:00:00+00:00,11,17,11–17 h,6,GEFS | ICON-EU EPS,31,40,EXPERIMENTAL / NOT CALIBRATED,100.0,100.0,0.0,0.0,0.0,0.0,0.0,0.0,0.0,0.0,957,Drniš,Drniš
965,Drnje,Drnje,Drnje,2026-09-22,4,2026-09-18T00:00:00+00:00,20.0,19.5,19.8,100.0,0.0,0.0,0.0,0.0,below_30,Уобичајена температура,GREEN,100.0,2026-09-22T12:00:00+00:00,11,17,11–17 h,6,GEFS | ICON-EU EPS,31,40,EXPERIMENTAL / NOT CALIBRATED,100.0,100.0,0.0,0.0,0.0,0.0,0.0,0.0,0.0,0.0,965,Drnje,Drnje
973,Dubrava,Dubrava,Dubrava,2026-09-22,4,2026-09-18T00:00:00+00:00,20.4,19.7,20.0,100.0,0.0,0.0,0.0,0.0,below_30,Уобичајена температура,GREEN,100.0,2026-09-22T12:00:00+00:00,11,17,11–17 h,6,GEFS | ICON-EU EPS,31,40,EXPERIMENTAL / NOT CALIBRATED,100.0,100.0,0.0,0.0,0.0,0.0,0.0,0.0,0.0,0.0,973,Dubrava,Dubrava
981,Dubrovnik,Dubrovnik,Dubrovnik,2026-09-22,4,2026-09-18T00:00:00+00:00,23.5,22.5,23.0,100.0,0.0,0.0,0.0,0.0,below_30,Уобичајена температура,GREEN,100.0,2026-09-22T12:00:00+00:00,11,17,11–17 h,6,GEFS | ICON-EU EPS,31,40,EXPERIMENTAL / NOT CALIBRATED,100.0,100.0,0.0,0.0,0.0,0.0,0.0,0.0,0.0,0.0,981,Dubrovnik,Dubrovnik
990,Duga Resa,Duga Resa,Duga Resa,2026-09-22,4,2026-09-18T00:00:00+00:00,20.0,19.8,19.9,100.0,0.0,0.0,0.0,0.0,below_30,Уобичајена температура,GREEN,100.0,2026-09-22T12:00:00+00:00,11,17,11–17 h,6,GEFS | ICON-EU EPS,31,40,EXPERIMENTAL / NOT CALIBRATED,100.0,100.0,0.0,0.0,0.0,0.0,0.0,0.0,0.0,0.0,990,Duga Resa,Duga Resa
1007,Dugi Rat,Dugi Rat,Dugi Rat,2026-09-22,4,2026-09-18T00:00:00+00:00,23.5,21.8,22.6,100.0,0.0,0.0,0.0,0.0,below_30,Уобичајена температура,GREEN,100.0,2026-09-22T12:00:00+00:00,11,17,11–17 h,6,GEFS | ICON-EU EPS,31,40,EXPERIMENTAL / NOT CALIBRATED,100.0,100.0,0.0,0.0,0.0,0.0,0.0,0.0,0.0,0.0,1007,Dugi Rat,Dugi Rat
1015,Dugo Selo,Dugo Selo,Dugo Selo,2026-09-22,4,2026-09-18T00:00:00+00:00,20.8,19.7,20.3,100.0,0.0,0.0,0.0,0.0,below_30,Уобичајена температура,GREEN,100.0,2026-09-22T12:00:00+00:00,11,17,11–17 h,6,GEFS | ICON-EU EPS,31,40,EXPERIMENTAL / NOT CALIBRATED,100.0,100.0,0.0,0.0,0.0,0.0,0.0,0.0,0.0,0.0,1015,Dugo Selo,Dugo Selo
1023,Dvor,Dvor,Dvor,2026-09-22,4,2026-09-18T00:00:00+00:00,20.0,19.1,19.5,100.0,0.0,0.0,0.0,0.0,below_30,Уобичајена температура,GREEN,100.0,2026-09-22T12:00:00+00:00,11,17,11–17 h,6,GEFS | ICON-EU EPS,31,40,EXPERIMENTAL / NOT CALIBRATED,100.0,100.0,0.0,0.0,0.0,0.0,0.0,0.0,0.0,0.0,1023,Dvor,Dvor
1031,Đakovo,Đakovo,Đakovo,2026-09-22,4,2026-09-18T00:00:00+00:00,20.7,19.5,20.1,100.0,0.0,0.0,0.0,0.0,below_30,Уобичајена температура,GREEN,100.0,2026-09-22T12:00:00+00:00,11,17,11–17 h,6,GEFS | ICON-EU EPS,31,40,EXPERIMENTAL / NOT CALIBRATED,100.0,100.0,0.0,0.0,0.0,0.0,0.0,0.0,0.0,0.0,1031,Đakovo,Đakovo
1040,Đelekovec,Đelekovec,Đelekovec,2026-09-22,4,2026-09-18T00:00:00+00:00,19.9,19.1,19.5,100.0,0.0,0.0,0.0,0.0,below_30,Уобичајена температура,GREEN,100.0,2026-09-22T12:00:00+00:00,11,17,11–17 h,6,GEFS | ICON-EU EPS,31,40,EXPERIMENTAL / NOT CALIBRATED,100.0,100.0,0.0,0.0,0.0,0.0,0.0,0.0,0.0,0.0,1040,Đelekovec,Đelekovec
1058,Đulovac,Đulovac,Đulovac,2026-09-22,4,2026-09-18T00:00:00+00:00,19.6,17.3,18.4,100.0,0.0,0.0,0.0,0.0,below_30,Уобичајена температура,GREEN,100.0,2026-09-22T12:00:00+00:00,11,17,11–17 h,6,GEFS | ICON-EU EPS,31,40,EXPERIMENTAL / NOT CALIBRATED,100.0,100.0,0.0,0.0,0.0,0.0,0.0,0.0,0.0,0.0,1058,Đulovac,Đulovac
1066,Đurđenovac,Đurđenovac,Đurđenovac,2026-09-22,4,2026-09-18T00:00:00+00:00,20.1,19.1,19.6,100.0,0.0,0.0,0.0,0.0,below_30,Уобичајена температура,GREEN,100.0,2026-09-22T12:00:00+00:00,11,17,11–17 h,6,GEFS | ICON-EU EPS,31,40,EXPERIMENTAL / NOT CALIBRATED,100.0,100.0,0.0,0.0,0.0,0.0,0.0,0.0,0.0,0.0,1066,Đurđenovac,Đurđenovac
1074,Đurđevac,Đurđevac,Đurđevac,2026-09-22,4,2026-09-18T00:00:00+00:00,19.9,19.1,19.5,100.0,0.0,0.0,0.0,0.0,below_30,Уобичајена температура,GREEN,100.0,2026-09-22T12:00:00+00:00,11,17,11–17 h,6,GEFS | ICON-EU EPS,31,40,EXPERIMENTAL / NOT CALIBRATED,100.0,100.0,0.0,0.0,0.0,0.0,0.0,0.0,0.0,0.0,1074,Đurđevac,Đurđevac
1082,Đurmanec,Đurmanec,Đurmanec,2026-09-22,4,2026-09-18T00:00:00+00:00,20.0,19.3,19.6,100.0,0.0,0.0,0.0,0.0,below_30,Уобичајена температура,GREEN,100.0,2026-09-22T12:00:00+00:00,11,17,11–17 h,6,GEFS | ICON-EU EPS,31,40,EXPERIMENTAL / NOT CALIBRATED,100.0,100.0,0.0,0.0,0.0,0.0,0.0,0.0,0.0,0.0,1082,Đurmanec,Đurmanec
1104,Erdut,Erdut,Erdut,2026-09-22,4,2026-09-18T00:00:00+00:00,20.7,19.7,20.2,100.0,0.0,0.0,0.0,0.0,below_30,Уобичајена температура,GREEN,100.0,2026-09-22T12:00:00+00:00,11,17,11–17 h,6,GEFS | ICON-EU EPS,31,40,EXPERIMENTAL / NOT CALIBRATED,100.0,100.0,0.0,0.0,0.0,0.0,0.0,0.0,0.0,0.0,1104,Erdut,Erdut
1112,Ernestinovo,Ernestinovo,Ernestinovo,2026-09-22,4,2026-09-18T00:00:00+00:00,20.7,19.8,20.3,100.0,0.0,0.0,0.0,0.0,below_30,Уобичајена температура,GREEN,100.0,2026-09-22T12:00:00+00:00,11,17,11–17 h,6,GEFS | ICON-EU EPS,31,40,EXPERIMENTAL / NOT CALIBRATED,100.0,100.0,0.0,0.0,0.0,0.0,0.0,0.0,0.0,0.0,1112,Ernestinovo,Ernestinovo
1139,Ervenik,Ervenik,Ervenik,2026-09-22,4,2026-09-18T00:00:00+00:00,23.1,19.0,21.0,100.0,0.0,0.0,0.0,0.0,below_30,Уобичајена температура,GREEN,100.0,2026-09-22T12:00:00+00:00,11,17,11–17 h,6,GEFS | ICON-EU EPS,31,40,EXPERIMENTAL / NOT CALIBRATED,100.0,100.0,0.0,0.0,0.0,0.0,0.0,0.0,0.0,0.0,1139,Ervenik,Ervenik
1147,Farkaševac,Farkaševac,Farkaševac,2026-09-22,4,2026-09-18T00:00:00+00:00,20.4,19.6,20.0,100.0,0.0,0.0,0.0,0.0,below_30,Уобичајена температура,GREEN,100.0,2026-09-22T12:00:00+00:00,11,17,11–17 h,6,GEFS | ICON-EU EPS,31,40,EXPERIMENTAL / NOT CALIBRATED,100.0,100.0,0.0,0.0,0.0,0.0,0.0,0.0,0.0,0.0,1147,Farkaševac,Farkaševac
1155,Ferdinandovac,Ferdinandovac,Ferdinandovac,2026-09-22,4,2026-09-18T00:00:00+00:00,19.9,19.3,19.6,100.0,0.0,0.0,0.0,0.0,below_30,Уобичајена температура,GREEN,100.0,2026-09-22T12:00:00+00:00,11,17,11–17 h,6,GEFS | ICON-EU EPS,31,40,EXPERIMENTAL / NOT CALIBRATED,100.0,100.0,0.0,0.0,0.0,0.0,0.0,0.0,0.0,0.0,1155,Ferdinandovac,Ferdinandovac
1163,Feričanci,Feričanci,Feričanci,2026-09-22,4,2026-09-18T00:00:00+00:00,20.1,19.1,19.6,100.0,0.0,0.0,0.0,0.0,below_30,Уобичајена температура,GREEN,100.0,2026-09-22T12:00:00+00:00,11,17,11–17 h,6,GEFS | ICON-EU EPS,31,40,EXPERIMENTAL / NOT CALIBRATED,100.0,100.0,0.0,0.0,0.0,0.0,0.0,0.0,0.0,0.0,1163,Feričanci,Feričanci
1171,Fužine,Fužine,Fužine,2026-09-22,4,2026-09-18T00:00:00+00:00,17.7,15.8,16.8,100.0,0.0,0.0,0.0,0.0,below_30,Уобичајена температура,GREEN,100.0,2026-09-22T12:00:00+00:00,11,17,11–17 h,6,GEFS | ICON-EU EPS,31,40,EXPERIMENTAL / NOT CALIBRATED,100.0,100.0,0.0,0.0,0.0,0.0,0.0,0.0,0.0,0.0,1171,Fužine,Fužine
1180,Garčin,Garčin,Garčin,2026-09-22,4,2026-09-18T00:00:00+00:00,20.5,19.8,20.1,100.0,0.0,0.0,0.0,0.0,below_30,Уобичајена температура,GREEN,100.0,2026-09-22T12:00:00+00:00,11,17,11–17 h,6,GEFS | ICON-EU EPS,31,40,EXPERIMENTAL / NOT CALIBRATED,100.0,100.0,0.0,0.0,0.0,0.0,0.0,0.0,0.0,0.0,1180,Garčin,Garčin
1198,Garešnica,Garešnica,Garešnica,2026-09-22,4,2026-09-18T00:00:00+00:00,19.8,19.3,19.6,100.0,0.0,0.0,0.0,0.0,below_30,Уобичајена температура,GREEN,100.0,2026-09-22T12:00:00+00:00,11,17,11–17 h,6,GEFS | ICON-EU EPS,31,40,EXPERIMENTAL / NOT CALIBRATED,100.0,100.0,0.0,0.0,0.0,0.0,0.0,0.0,0.0,0.0,1198,Garešnica,Garešnica
1201,Generalski Stol,Generalski Stol,Generalski Stol,2026-09-22,4,2026-09-18T00:00:00+00:00,19.1,19.8,19.4,100.0,0.0,0.0,0.0,0.0,below_30,Уобичајена температура,GREEN,100.0,2026-09-22T12:00:00+00:00,11,17,11–17 h,6,GEFS | ICON-EU EPS,31,40,EXPERIMENTAL / NOT CALIBRATED,100.0,100.0,0.0,0.0,0.0,0.0,0.0,0.0,0.0,0.0,1201,Generalski Stol,Generalski Stol
1210,Glina,Glina,Glina,2026-09-22,4,2026-09-18T00:00:00+00:00,19.9,19.4,19.7,100.0,0.0,0.0,0.0,0.0,below_30,Уобичајена температура,GREEN,100.0,2026-09-22T12:00:00+00:00,11,17,11–17 h,6,GEFS | ICON-EU EPS,31,40,EXPERIMENTAL / NOT CALIBRATED,100.0,100.0,0.0,0.0,0.0,0.0,0.0,0.0,0.0,0.0,1210,Glina,Glina
1228,Gola,Gola,Gola,2026-09-22,4,2026-09-18T00:00:00+00:00,20.0,19.4,19.7,100.0,0.0,0.0,0.0,0.0,below_30,Уобичајена температура,GREEN,100.0,2026-09-22T12:00:00+00:00,11,17,11–17 h,6,GEFS | ICON-EU EPS,31,40,EXPERIMENTAL / NOT CALIBRATED,100.0,100.0,0.0,0.0,0.0,0.0,0.0,0.0,0.0,0.0,1228,Gola,Gola
1236,Goričan,Goričan,Goričan,2026-09-22,4,2026-09-18T00:00:00+00:00,19.5,19.6,19.5,100.0,0.0,0.0,0.0,0.0,below_30,Уобичајена температура,GREEN,100.0,2026-09-22T12:00:00+00:00,11,17,11–17 h,6,GEFS | ICON-EU EPS,31,40,EXPERIMENTAL / NOT CALIBRATED,100.0,100.0,0.0,0.0,0.0,0.0,0.0,0.0,0.0,0.0,1236,Goričan,Goričan
1244,Gorjani,Gorjani,Gorjani,2026-09-22,4,2026-09-18T00:00:00+00:00,20.7,19.5,20.1,100.0,0.0,0.0,0.0,0.0,below_30,Уобичајена температура,GREEN,100.0,2026-09-22T12:00:00+00:00,11,17,11–17 h,6,GEFS | ICON-EU EPS,31,40,EXPERIMENTAL / NOT CALIBRATED,100.0,100.0,0.0,0.0,0.0,0.0,0.0,0.0,0.0,0.0,1244,Gorjani,Gorjani
1252,Gornja Stubica,Gornja Stubica,Gornja Stubica,2026-09-22,4,2026-09-18T00:00:00+00:00,20.6,18.2,19.4,100.0,0.0,0.0,0.0,0.0,below_30,Уобичајена температура,GREEN,100.0,2026-09-22T12:00:00+00:00,11,17,11–17 h,6,GEFS | ICON-EU EPS,31,40,EXPERIMENTAL / NOT CALIBRATED,100.0,100.0,0.0,0.0,0.0,0.0,0.0,0.0,0.0,0.0,1252,Gornja Stubica,Gornja Stubica
1279,Gornji Bogićevci,Gornji Bogićevci,Gornji Bogićevci,2026-09-22,4,2026-09-18T00:00:00+00:00,20.0,19.0,19.5,100.0,0.0,0.0,0.0,0.0,below_30,Уобичајена температура,GREEN,100.0,2026-09-22T12:00:00+00:00,11,17,11–17 h,6,GEFS | ICON-EU EPS,31,40,EXPERIMENTAL / NOT CALIBRATED,100.0,100.0,0.0,0.0,0.0,0.0,0.0,0.0,0.0,0.0,1279,Gornji Bogićevci,Gornji Bogićevci
1295,Gornji Kneginec,Gornji Kneginec,Gornji Kneginec,2026-09-22,4,2026-09-18T00:00:00+00:00,19.6,18.9,19.3,100.0,0.0,0.0,0.0,0.0,below_30,Уобичајена температура,GREEN,100.0,2026-09-22T12:00:00+00:00,11,17,11–17 h,6,GEFS | ICON-EU EPS,31,40,EXPERIMENTAL / NOT CALIBRATED,100.0,100.0,0.0,0.0,0.0,0.0,0.0,0.0,0.0,0.0,1295,Gornji Kneginec,Gornji Kneginec
1309,Gospić,Gospić,Gospić,2026-09-22,4,2026-09-18T00:00:00+00:00,18.2,17.6,17.9,100.0,0.0,0.0,0.0,0.0,below_30,Уобичајена температура,GREEN,100.0,2026-09-22T12:00:00+00:00,11,17,11–17 h,6,GEFS | ICON-EU EPS,31,40,EXPERIMENTAL / NOT CALIBRATED,100.0,100.0,0.0,0.0,0.0,0.0,0.0,0.0,0.0,0.0,1309,Gospić,Gospić
1317,Gračac,Gračac,Gračac,2026-09-22,4,2026-09-18T00:00:00+00:00,19.2,14.6,16.9,100.0,0.0,0.0,0.0,0.0,below_30,Уобичајена температура,GREEN,100.0,2026-09-22T12:00:00+00:00,11,17,11–17 h,6,GEFS | ICON-EU EPS,31,40,EXPERIMENTAL / NOT CALIBRATED,100.0,100.0,0.0,0.0,0.0,0.0,0.0,0.0,0.0,0.0,1317,Gračac,Gračac
1325,Gračišće,Gračišće,Gračišće,2026-09-22,4,2026-09-18T00:00:00+00:00,22.5,21.4,22.0,100.0,0.0,0.0,0.0,0.0,below_30,Уобичајена температура,GREEN,100.0,2026-09-22T12:00:00+00:00,11,17,11–17 h,6,GEFS | ICON-EU EPS,31,40,EXPERIMENTAL / NOT CALIBRATED,100.0,100.0,0.0,0.0,0.0,0.0,0.0,0.0,0.0,0.0,1325,Gračišće,Gračišće
1333,Grad Zagreb,Grad Zagreb,Grad Zagreb,2026-09-22,4,2026-09-18T00:00:00+00:00,20.7,19.9,20.3,100.0,0.0,0.0,0.0,0.0,below_30,Уобичајена температура,GREEN,100.0,2026-09-22T12:00:00+00:00,11,17,11–17 h,6,GEFS | ICON-EU EPS,31,40,EXPERIMENTAL / NOT CALIBRATED,100.0,100.0,0.0,0.0,0.0,0.0,0.0,0.0,0.0,0.0,1333,Grad Zagreb,Grad Zagreb
1341,Gradac,Gradac,Gradac,2026-09-22,4,2026-09-18T00:00:00+00:00,23.6,22.2,22.9,100.0,0.0,0.0,0.0,0.0,below_30,Уобичајена температура,GREEN,100.0,2026-09-22T12:00:00+00:00,11,17,11–17 h,6,GEFS | ICON-EU EPS,31,40,EXPERIMENTAL / NOT CALIBRATED,100.0,100.0,0.0,0.0,0.0,0.0,0.0,0.0,0.0,0.0,1341,Gradac,Gradac
1350,Gradec,Gradec,Gradec,2026-09-22,4,2026-09-18T00:00:00+00:00,20.2,19.7,20.0,100.0,0.0,0.0,0.0,0.0,below_30,Уобичајена температура,GREEN,100.0,2026-09-22T12:00:00+00:00,11,17,11–17 h,6,GEFS | ICON-EU EPS,31,40,EXPERIMENTAL / NOT CALIBRATED,100.0,100.0,0.0,0.0,0.0,0.0,0.0,0.0,0.0,0.0,1350,Gradec,Gradec
1368,Gradina,Gradina,Gradina,2026-09-22,4,2026-09-18T00:00:00+00:00,20.1,19.5,19.8,100.0,0.0,0.0,0.0,0.0,below_30,Уобичајена температура,GREEN,100.0,2026-09-22T12:00:00+00:00,11,17,11–17 h,6,GEFS | ICON-EU EPS,31,40,EXPERIMENTAL / NOT CALIBRATED,100.0,100.0,0.0,0.0,0.0,0.0,0.0,0.0,0.0,0.0,1368,Gradina,Gradina
1376,Gradište,Gradište,Gradište,2026-09-22,4,2026-09-18T00:00:00+00:00,20.9,19.8,20.3,100.0,0.0,0.0,0.0,0.0,below_30,Уобичајена температура,GREEN,100.0,2026-09-22T12:00:00+00:00,11,17,11–17 h,6,GEFS | ICON-EU EPS,31,40,EXPERIMENTAL / NOT CALIBRATED,100.0,100.0,0.0,0.0,0.0,0.0,0.0,0.0,0.0,0.0,1376,Gradište,Gradište
1384,Grožnjan - Grisignana,Grožnjan - Grisignana,Grožnjan - Grisignana,2026-09-22,4,2026-09-18T00:00:00+00:00,22.6,22.5,22.5,100.0,0.0,0.0,0.0,0.0,below_30,Уобичајена температура,GREEN,100.0,2026-09-22T12:00:00+00:00,11,17,11–17 h,6,GEFS | ICON-EU EPS,31,40,EXPERIMENTAL / NOT CALIBRATED,100.0,100.0,0.0,0.0,0.0,0.0,0.0,0.0,0.0,0.0,1384,Grožnjan - Grisignana,Grožnjan - Grisignana
1392,Grubišno Polje,Grubišno Polje,Grubišno Polje,2026-09-22,4,2026-09-18T00:00:00+00:00,19.6,19.2,19.4,100.0,0.0,0.0,0.0,0.0,below_30,Уобичајена температура,GREEN,100.0,2026-09-22T12:00:00+00:00,11,17,11–17 h,6,GEFS | ICON-EU EPS,31,40,EXPERIMENTAL / NOT CALIBRATED,100.0,100.0,0.0,0.0,0.0,0.0,0.0,0.0,0.0,0.0,1392,Grubišno Polje,Grubišno Polje
1406,Gundinci,Gundinci,Gundinci,2026-09-22,4,2026-09-18T00:00:00+00:00,20.7,19.8,20.3,100.0,0.0,0.0,0.0,0.0,below_30,Уобичајена температура,GREEN,100.0,2026-09-22T12:00:00+00:00,11,17,11–17 h,6,GEFS | ICON-EU EPS,31,40,EXPERIMENTAL / NOT CALIBRATED,100.0,100.0,0.0,0.0,0.0,0.0,0.0,0.0,0.0,0.0,1406,Gundinci,Gundinci
1414,Gunja,Gunja,Gunja,2026-09-22,4,2026-09-18T00:00:00+00:00,20.8,19.6,20.2,100.0,0.0,0.0,0.0,0.0,below_30,Уобичајена температура,GREEN,100.0,2026-09-22T12:00:00+00:00,11,17,11–17 h,6,GEFS | ICON-EU EPS,31,40,EXPERIMENTAL / NOT CALIBRATED,100.0,100.0,0.0,0.0,0.0,0.0,0.0,0.0,0.0,0.0,1414,Gunja,Gunja
1449,Hercegovac,Hercegovac,Hercegovac,2026-09-22,4,2026-09-18T00:00:00+00:00,19.8,19.4,19.6,100.0,0.0,0.0,0.0,0.0,below_30,Уобичајена температура,GREEN,100.0,2026-09-22T12:00:00+00:00,11,17,11–17 h,6,GEFS | ICON-EU EPS,31,40,EXPERIMENTAL / NOT CALIBRATED,100.0,100.0,0.0,0.0,0.0,0.0,0.0,0.0,0.0,0.0,1449,Hercegovac,Hercegovac
1457,Hlebine,Hlebine,Hlebine,2026-09-22,4,2026-09-18T00:00:00+00:00,20.0,19.5,19.8,100.0,0.0,0.0,0.0,0.0,below_30,Уобичајена температура,GREEN,100.0,2026-09-22T12:00:00+00:00,11,17,11–17 h,6,GEFS | ICON-EU EPS,31,40,EXPERIMENTAL / NOT CALIBRATED,100.0,100.0,0.0,0.0,0.0,0.0,0.0,0.0,0.0,0.0,1457,Hlebine,Hlebine
1465,Hrašćina,Hrašćina,Hrašćina,2026-09-22,4,2026-09-18T00:00:00+00:00,20.5,18.8,19.6,100.0,0.0,0.0,0.0,0.0,below_30,Уобичајена температура,GREEN,100.0,2026-09-22T12:00:00+00:00,11,17,11–17 h,6,GEFS | ICON-EU EPS,31,40,EXPERIMENTAL / NOT CALIBRATED,100.0,100.0,0.0,0.0,0.0,0.0,0.0,0.0,0.0,0.0,1465,Hrašćina,Hrašćina
1481,Hrvace,Hrvace,Hrvace,2026-09-22,4,2026-09-18T00:00:00+00:00,21.7,18.9,20.3,100.0,0.0,0.0,0.0,0.0,below_30,Уобичајена температура,GREEN,100.0,2026-09-22T12:00:00+00:00,11,17,11–17 h,6,GEFS | ICON-EU EPS,31,40,EXPERIMENTAL / NOT CALIBRATED,100.0,100.0,0.0,0.0,0.0,0.0,0.0,0.0,0.0,0.0,1481,Hrvace,Hrvace
1490,Hrvatska Dubica,Hrvatska Dubica,Hrvatska Dubica,2026-09-22,4,2026-09-18T00:00:00+00:00,20.1,19.4,19.7,100.0,0.0,0.0,0.0,0.0,below_30,Уобичајена температура,GREEN,100.0,2026-09-22T12:00:00+00:00,11,17,11–17 h,6,GEFS | ICON-EU EPS,31,40,EXPERIMENTAL / NOT CALIBRATED,100.0,100.0,0.0,0.0,0.0,0.0,0.0,0.0,0.0,0.0,1490,Hrvatska Dubica,Hrvatska Dubica
1503,Hrvatska Kostajnica,Hrvatska Kostajnica,Hrvatska Kostajnica,2026-09-22,4,2026-09-18T00:00:00+00:00,19.9,19.4,19.6,100.0,0.0,0.0,0.0,0.0,below_30,Уобичајена температура,GREEN,100.0,2026-09-22T12:00:00+00:00,11,17,11–17 h,6,GEFS | ICON-EU EPS,31,40,EXPERIMENTAL / NOT CALIBRATED,100.0,100.0,0.0,0.0,0.0,0.0,0.0,0.0,0.0,0.0,1503,Hrvatska Kostajnica,Hrvatska Kostajnica
1511,Breznički Hum,Breznički Hum,Breznički Hum,2026-09-22,4,2026-09-18T00:00:00+00:00,20.5,18.8,19.6,100.0,0.0,0.0,0.0,0.0,below_30,Уобичајена температура,GREEN,100.0,2026-09-22T12:00:00+00:00,11,17,11–17 h,6,GEFS | ICON-EU EPS,31,40,EXPERIMENTAL / NOT CALIBRATED,100.0,100.0,0.0,0.0,0.0,0.0,0.0,0.0,0.0,0.0,1511,Breznički Hum,Breznički Hum
1520,Hum na Sutli,Hum na Sutli,Hum na Sutli,2026-09-22,4,2026-09-18T00:00:00+00:00,20.0,19.3,19.6,100.0,0.0,0.0,0.0,0.0,below_30,Уобичајена температура,GREEN,100.0,2026-09-22T12:00:00+00:00,11,17,11–17 h,6,GEFS | ICON-EU EPS,31,40,EXPERIMENTAL / NOT CALIBRATED,100.0,100.0,0.0,0.0,0.0,0.0,0.0,0.0,0.0,0.0,1520,Hum na Sutli,Hum na Sutli
1538,Hvar,Hvar,Hvar,2026-09-22,4,2026-09-18T00:00:00+00:00,23.6,23.0,23.3,100.0,0.0,0.0,0.0,0.0,below_30,Уобичајена температура,GREEN,100.0,2026-09-22T12:00:00+00:00,11,17,11–17 h,6,GEFS | ICON-EU EPS,31,40,EXPERIMENTAL / NOT CALIBRATED,100.0,100.0,0.0,0.0,0.0,0.0,0.0,0.0,0.0,0.0,1538,Hvar,Hvar
1546,Ilok,Ilok,Ilok,2026-09-22,4,2026-09-18T00:00:00+00:00,20.8,19.3,20.1,100.0,0.0,0.0,0.0,0.0,below_30,Уобичајена температура,GREEN,100.0,2026-09-22T12:00:00+00:00,11,17,11–17 h,6,GEFS | ICON-EU EPS,31,40,EXPERIMENTAL / NOT CALIBRATED,100.0,100.0,0.0,0.0,0.0,0.0,0.0,0.0,0.0,0.0,1546,Ilok,Ilok
1554,Imotski,Imotski,Imotski,2026-09-22,4,2026-09-18T00:00:00+00:00,20.1,16.0,18.1,100.0,0.0,0.0,0.0,0.0,below_30,Уобичајена температура,GREEN,100.0,2026-09-22T12:00:00+00:00,11,17,11–17 h,6,GEFS | ICON-EU EPS,31,40,EXPERIMENTAL / NOT CALIBRATED,100.0,100.0,0.0,0.0,0.0,0.0,0.0,0.0,0.0,0.0,1554,Imotski,Imotski
1562,Ivanec,Ivanec,Ivanec,2026-09-22,4,2026-09-18T00:00:00+00:00,19.6,19.3,19.5,100.0,0.0,0.0,0.0,0.0,below_30,Уобичајена температура,GREEN,100.0,2026-09-22T12:00:00+00:00,11,17,11–17 h,6,GEFS | ICON-EU EPS,31,40,EXPERIMENTAL / NOT CALIBRATED,100.0,100.0,0.0,0.0,0.0,0.0,0.0,0.0,0.0,0.0,1562,Ivanec,Ivanec
1589,Ivanić-Grad,Ivanić-Grad,Ivanić-Grad,2026-09-22,4,2026-09-18T00:00:00+00:00,20.4,19.6,20.0,100.0,0.0,0.0,0.0,0.0,below_30,Уобичајена температура,GREEN,100.0,2026-09-22T12:00:00+00:00,11,17,11–17 h,6,GEFS | ICON-EU EPS,31,40,EXPERIMENTAL / NOT CALIBRATED,100.0,100.0,0.0,0.0,0.0,0.0,0.0,0.0,0.0,0.0,1589,Ivanić-Grad,Ivanić-Grad
1597,Ivankovo,Ivankovo,Ivankovo,2026-09-22,4,2026-09-18T00:00:00+00:00,20.9,19.8,20.3,100.0,0.0,0.0,0.0,0.0,below_30,Уобичајена температура,GREEN,100.0,2026-09-22T12:00:00+00:00,11,17,11–17 h,6,GEFS | ICON-EU EPS,31,40,EXPERIMENTAL / NOT CALIBRATED,100.0,100.0,0.0,0.0,0.0,0.0,0.0,0.0,0.0,0.0,1597,Ivankovo,Ivankovo
1619,Ivanska,Ivanska,Ivanska,2026-09-22,4,2026-09-18T00:00:00+00:00,19.9,19.0,19.4,100.0,0.0,0.0,0.0,0.0,below_30,Уобичајена температура,GREEN,100.0,2026-09-22T12:00:00+00:00,11,17,11–17 h,6,GEFS | ICON-EU EPS,31,40,EXPERIMENTAL / NOT CALIBRATED,100.0,100.0,0.0,0.0,0.0,0.0,0.0,0.0,0.0,0.0,1619,Ivanska,Ivanska
1635,Jakovlje,Jakovlje,Jakovlje,2026-09-22,4,2026-09-18T00:00:00+00:00,19.5,18.2,18.8,100.0,0.0,0.0,0.0,0.0,below_30,Уобичајена температура,GREEN,100.0,2026-09-22T12:00:00+00:00,11,17,11–17 h,6,GEFS | ICON-EU EPS,31,40,EXPERIMENTAL / NOT CALIBRATED,100.0,100.0,0.0,0.0,0.0,0.0,0.0,0.0,0.0,0.0,1635,Jakovlje,Jakovlje
1643,Jakšić,Jakšić,Jakšić,2026-09-22,4,2026-09-18T00:00:00+00:00,20.1,18.9,19.5,100.0,0.0,0.0,0.0,0.0,below_30,Уобичајена температура,GREEN,100.0,2026-09-22T12:00:00+00:00,11,17,11–17 h,6,GEFS | ICON-EU EPS,31,40,EXPERIMENTAL / NOT CALIBRATED,100.0,100.0,0.0,0.0,0.0,0.0,0.0,0.0,0.0,0.0,1643,Jakšić,Jakšić
1651,Jalžabet,Jalžabet,Jalžabet,2026-09-22,4,2026-09-18T00:00:00+00:00,19.5,19.0,19.2,100.0,0.0,0.0,0.0,0.0,below_30,Уобичајена температура,GREEN,100.0,2026-09-22T12:00:00+00:00,11,17,11–17 h,6,GEFS | ICON-EU EPS,31,40,EXPERIMENTAL / NOT CALIBRATED,100.0,100.0,0.0,0.0,0.0,0.0,0.0,0.0,0.0,0.0,1651,Jalžabet,Jalžabet
1660,Jarmina,Jarmina,Jarmina,2026-09-22,4,2026-09-18T00:00:00+00:00,20.9,19.8,20.3,100.0,0.0,0.0,0.0,0.0,below_30,Уобичајена температура,GREEN,100.0,2026-09-22T12:00:00+00:00,11,17,11–17 h,6,GEFS | ICON-EU EPS,31,40,EXPERIMENTAL / NOT CALIBRATED,100.0,100.0,0.0,0.0,0.0,0.0,0.0,0.0,0.0,0.0,1660,Jarmina,Jarmina
1678,Jasenice,Jasenice,Jasenice,2026-09-22,4,2026-09-18T00:00:00+00:00,21.7,19.4,20.6,100.0,0.0,0.0,0.0,0.0,below_30,Уобичајена температура,GREEN,100.0,2026-09-22T12:00:00+00:00,11,17,11–17 h,6,GEFS | ICON-EU EPS,31,40,EXPERIMENTAL / NOT CALIBRATED,100.0,100.0,0.0,0.0,0.0,0.0,0.0,0.0,0.0,0.0,1678,Jasenice,Jasenice
1686,Jasenovac,Jasenovac,Jasenovac,2026-09-22,4,2026-09-18T00:00:00+00:00,20.1,19.7,19.9,100.0,0.0,0.0,0.0,0.0,below_30,Уобичајена температура,GREEN,100.0,2026-09-22T12:00:00+00:00,11,17,11–17 h,6,GEFS | ICON-EU EPS,31,40,EXPERIMENTAL / NOT CALIBRATED,100.0,100.0,0.0,0.0,0.0,0.0,0.0,0.0,0.0,0.0,1686,Jasenovac,Jasenovac
1694,Jastrebarsko,Jastrebarsko,Jastrebarsko,2026-09-22,4,2026-09-18T00:00:00+00:00,19.6,19.2,19.4,100.0,0.0,0.0,0.0,0.0,below_30,Уобичајена температура,GREEN,100.0,2026-09-22T12:00:00+00:00,11,17,11–17 h,6,GEFS | ICON-EU EPS,31,40,EXPERIMENTAL / NOT CALIBRATED,100.0,100.0,0.0,0.0,0.0,0.0,0.0,0.0,0.0,0.0,1694,Jastrebarsko,Jastrebarsko
1708,Jelenje,Jelenje,Jelenje,2026-09-22,4,2026-09-18T00:00:00+00:00,17.1,15.4,16.2,100.0,0.0,0.0,0.0,0.0,below_30,Уобичајена температура,GREEN,100.0,2026-09-22T12:00:00+00:00,11,17,11–17 h,6,GEFS | ICON-EU EPS,31,40,EXPERIMENTAL / NOT CALIBRATED,100.0,100.0,0.0,0.0,0.0,0.0,0.0,0.0,0.0,0.0,1708,Jelenje,Jelenje
1716,Jelsa,Jelsa,Jelsa,2026-09-22,4,2026-09-18T00:00:00+00:00,24.0,23.4,23.7,100.0,0.0,0.0,0.0,0.0,below_30,Уобичајена температура,GREEN,100.0,2026-09-22T12:00:00+00:00,11,17,11–17 h,6,GEFS | ICON-EU EPS,31,40,EXPERIMENTAL / NOT CALIBRATED,100.0,100.0,0.0,0.0,0.0,0.0,0.0,0.0,0.0,0.0,1716,Jelsa,Jelsa
1724,Josipdol,Josipdol,Josipdol,2026-09-22,4,2026-09-18T00:00:00+00:00,18.0,18.1,18.0,100.0,0.0,0.0,0.0,0.0,below_30,Уобичајена температура,GREEN,100.0,2026-09-22T12:00:00+00:00,11,17,11–17 h,6,GEFS | ICON-EU EPS,31,40,EXPERIMENTAL / NOT CALIBRATED,100.0,100.0,0.0,0.0,0.0,0.0,0.0,0.0,0.0,0.0,1724,Josipdol,Josipdol
1732,Kali,Kali,Kali,2026-09-22,4,2026-09-18T00:00:00+00:00,23.2,23.3,23.3,100.0,0.0,0.0,0.0,0.0,below_30,Уобичајена температура,GREEN,100.0,2026-09-22T12:00:00+00:00,11,17,11–17 h,6,GEFS | ICON-EU EPS,31,40,EXPERIMENTAL / NOT CALIBRATED,100.0,100.0,0.0,0.0,0.0,0.0,0.0,0.0,0.0,0.0,1732,Kali,Kali
1759,Kanfanar,Kanfanar,Kanfanar,2026-09-22,4,2026-09-18T00:00:00+00:00,22.5,21.5,22.0,100.0,0.0,0.0,0.0,0.0,below_30,Уобичајена температура,GREEN,100.0,2026-09-22T12:00:00+00:00,11,17,11–17 h,6,GEFS | ICON-EU EPS,31,40,EXPERIMENTAL / NOT CALIBRATED,100.0,100.0,0.0,0.0,0.0,0.0,0.0,0.0,0.0,0.0,1759,Kanfanar,Kanfanar
1767,Kapela,Kapela,Kapela,2026-09-22,4,2026-09-18T00:00:00+00:00,20.4,18.8,19.6,100.0,0.0,0.0,0.0,0.0,below_30,Уобичајена температура,GREEN,100.0,2026-09-22T12:00:00+00:00,11,17,11–17 h,6,GEFS | ICON-EU EPS,31,40,EXPERIMENTAL / NOT CALIBRATED,100.0,100.0,0.0,0.0,0.0,0.0,0.0,0.0,0.0,0.0,1767,Kapela,Kapela
1775,Kaptol,Kaptol,Kaptol,2026-09-22,4,2026-09-18T00:00:00+00:00,19.2,17.5,18.4,100.0,0.0,0.0,0.0,0.0,below_30,Уобичајена температура,GREEN,100.0,2026-09-22T12:00:00+00:00,11,17,11–17 h,6,GEFS | ICON-EU EPS,31,40,EXPERIMENTAL / NOT CALIBRATED,100.0,100.0,0.0,0.0,0.0,0.0,0.0,0.0,0.0,0.0,1775,Kaptol,Kaptol
1783,Karlobag,Karlobag,Karlobag,2026-09-22,4,2026-09-18T00:00:00+00:00,19.3,21.8,20.5,100.0,0.0,0.0,0.0,0.0,below_30,Уобичајена температура,GREEN,100.0,2026-09-22T12:00:00+00:00,11,17,11–17 h,6,GEFS | ICON-EU EPS,31,40,EXPERIMENTAL / NOT CALIBRATED,100.0,100.0,0.0,0.0,0.0,0.0,0.0,0.0,0.0,0.0,1783,Karlobag,Karlobag
1791,Karlovac,Karlovac,Karlovac,2026-09-22,4,2026-09-18T00:00:00+00:00,20.7,20.3,20.5,100.0,0.0,0.0,0.0,0.0,below_30,Уобичајена температура,GREEN,100.0,2026-09-22T12:00:00+00:00,11,17,11–17 h,6,GEFS | ICON-EU EPS,31,40,EXPERIMENTAL / NOT CALIBRATED,100.0,100.0,0.0,0.0,0.0,0.0,0.0,0.0,0.0,0.0,1791,Karlovac,Karlovac
1805,Kastav,Kastav,Kastav,2026-09-22,4,2026-09-18T00:00:00+00:00,19.1,20.5,19.8,100.0,0.0,0.0,0.0,0.0,below_30,Уобичајена температура,GREEN,100.0,2026-09-22T12:00:00+00:00,11,17,11–17 h,6,GEFS | ICON-EU EPS,31,40,EXPERIMENTAL / NOT CALIBRATED,100.0,100.0,0.0,0.0,0.0,0.0,0.0,0.0,0.0,0.0,1805,Kastav,Kastav
1813,Kaštela,Kaštela,Kaštela,2026-09-22,4,2026-09-18T00:00:00+00:00,23.9,21.3,22.6,100.0,0.0,0.0,0.0,0.0,below_30,Уобичајена температура,GREEN,100.0,2026-09-22T12:00:00+00:00,11,17,11–17 h,6,GEFS | ICON-EU EPS,31,40,EXPERIMENTAL / NOT CALIBRATED,100.0,100.0,0.0,0.0,0.0,0.0,0.0,0.0,0.0,0.0,1813,Kaštela,Kaštela
1830,Kijevo,Kijevo,Kijevo,2026-09-22,4,2026-09-18T00:00:00+00:00,18.9,16.4,17.6,100.0,0.0,0.0,0.0,0.0,below_30,Уобичајена температура,GREEN,100.0,2026-09-22T12:00:00+00:00,11,17,11–17 h,6,GEFS | ICON-EU EPS,31,40,EXPERIMENTAL / NOT CALIBRATED,100.0,100.0,0.0,0.0,0.0,0.0,0.0,0.0,0.0,0.0,1830,Kijevo,Kijevo
1848,Kistanje,Kistanje,Kistanje,2026-09-22,4,2026-09-18T00:00:00+00:00,23.1,21.7,22.4,100.0,0.0,0.0,0.0,0.0,below_30,Уобичајена температура,GREEN,100.0,2026-09-22T12:00:00+00:00,11,17,11–17 h,6,GEFS | ICON-EU EPS,31,40,EXPERIMENTAL / NOT CALIBRATED,100.0,100.0,0.0,0.0,0.0,0.0,0.0,0.0,0.0,0.0,1848,Kistanje,Kistanje
1856,Klakar,Klakar,Klakar,2026-09-22,4,2026-09-18T00:00:00+00:00,20.5,19.6,20.0,100.0,0.0,0.0,0.0,0.0,below_30,Уобичајена температура,GREEN,100.0,2026-09-22T12:00:00+00:00,11,17,11–17 h,6,GEFS | ICON-EU EPS,31,40,EXPERIMENTAL / NOT CALIBRATED,100.0,100.0,0.0,0.0,0.0,0.0,0.0,0.0,0.0,0.0,1856,Klakar,Klakar
1864,Klana,Klana,Klana,2026-09-22,4,2026-09-18T00:00:00+00:00,17.1,15.4,16.2,100.0,0.0,0.0,0.0,0.0,below_30,Уобичајена температура,GREEN,100.0,2026-09-22T12:00:00+00:00,11,17,11–17 h,6,GEFS | ICON-EU EPS,31,40,EXPERIMENTAL / NOT CALIBRATED,100.0,100.0,0.0,0.0,0.0,0.0,0.0,0.0,0.0,0.0,1864,Klana,Klana
1872,Klanjec,Klanjec,Klanjec,2026-09-22,4,2026-09-18T00:00:00+00:00,19.5,19.6,19.5,100.0,0.0,0.0,0.0,0.0,below_30,Уобичајена температура,GREEN,100.0,2026-09-22T12:00:00+00:00,11,17,11–17 h,6,GEFS | ICON-EU EPS,31,40,EXPERIMENTAL / NOT CALIBRATED,100.0,100.0,0.0,0.0,0.0,0.0,0.0,0.0,0.0,0.0,1872,Klanjec,Klanjec
1899,Klenovnik,Klenovnik,Klenovnik,2026-09-22,4,2026-09-18T00:00:00+00:00,20.1,18.8,19.5,100.0,0.0,0.0,0.0,0.0,below_30,Уобичајена температура,GREEN,100.0,2026-09-22T12:00:00+00:00,11,17,11–17 h,6,GEFS | ICON-EU EPS,31,40,EXPERIMENTAL / NOT CALIBRATED,100.0,100.0,0.0,0.0,0.0,0.0,0.0,0.0,0.0,0.0,1899,Klenovnik,Klenovnik
1902,Klinča Sela,Klinča Sela,Klinča Sela,2026-09-22,4,2026-09-18T00:00:00+00:00,19.6,19.5,19.5,100.0,0.0,0.0,0.0,0.0,below_30,Уобичајена температура,GREEN,100.0,2026-09-22T12:00:00+00:00,11,17,11–17 h,6,GEFS | ICON-EU EPS,31,40,EXPERIMENTAL / NOT CALIBRATED,100.0,100.0,0.0,0.0,0.0,0.0,0.0,0.0,0.0,0.0,1902,Klinča Sela,Klinča Sela
1929,Klis,Klis,Klis,2026-09-22,4,2026-09-18T00:00:00+00:00,24.1,21.3,22.7,100.0,0.0,0.0,0.0,0.0,below_30,Уобичајена температура,GREEN,100.0,2026-09-22T12:00:00+00:00,11,17,11–17 h,6,GEFS | ICON-EU EPS,31,40,EXPERIMENTAL / NOT CALIBRATED,100.0,100.0,0.0,0.0,0.0,0.0,0.0,0.0,0.0,0.0,1929,Klis,Klis
1937,Kloštar Ivanić,Kloštar Ivanić,Kloštar Ivanić,2026-09-22,4,2026-09-18T00:00:00+00:00,20.4,19.6,20.0,100.0,0.0,0.0,0.0,0.0,below_30,Уобичајена температура,GREEN,100.0,2026-09-22T12:00:00+00:00,11,17,11–17 h,6,GEFS | ICON-EU EPS,31,40,EXPERIMENTAL / NOT CALIBRATED,100.0,100.0,0.0,0.0,0.0,0.0,0.0,0.0,0.0,0.0,1937,Kloštar Ivanić,Kloštar Ivanić
1945,Kloštar Podravski,Kloštar Podravski,Kloštar Podravski,2026-09-22,4,2026-09-18T00:00:00+00:00,19.9,19.1,19.5,100.0,0.0,0.0,0.0,0.0,below_30,Уобичајена температура,GREEN,100.0,2026-09-22T12:00:00+00:00,11,17,11–17 h,6,GEFS | ICON-EU EPS,31,40,EXPERIMENTAL / NOT CALIBRATED,100.0,100.0,0.0,0.0,0.0,0.0,0.0,0.0,0.0,0.0,1945,Kloštar Podravski,Kloštar Podravski
1953,Kneževi Vinogradi,Kneževi Vinogradi,Kneževi Vinogradi,2026-09-22,4,2026-09-18T00:00:00+00:00,20.5,19.7,20.1,100.0,0.0,0.0,0.0,0.0,below_30,Уобичајена температура,GREEN,100.0,2026-09-22T12:00:00+00:00,11,17,11–17 h,6,GEFS | ICON-EU EPS,31,40,EXPERIMENTAL / NOT CALIBRATED,100.0,100.0,0.0,0.0,0.0,0.0,0.0,0.0,0.0,0.0,1953,Kneževi Vinogradi,Kneževi Vinogradi
1961,Knin,Knin,Knin,2026-09-22,4,2026-09-18T00:00:00+00:00,21.2,18.2,19.7,100.0,0.0,0.0,0.0,0.0,below_30,Уобичајена температура,GREEN,100.0,2026-09-22T12:00:00+00:00,11,17,11–17 h,6,GEFS | ICON-EU EPS,31,40,EXPERIMENTAL / NOT CALIBRATED,100.0,100.0,0.0,0.0,0.0,0.0,0.0,0.0,0.0,0.0,1961,Knin,Knin
1970,Komiža,Komiža,Komiža,2026-09-22,4,2026-09-18T00:00:00+00:00,24.1,23.5,23.8,100.0,0.0,0.0,0.0,0.0,below_30,Уобичајена температура,GREEN,100.0,2026-09-22T00:00:00+00:00,11,17,11–17 h,6,GEFS | ICON-EU EPS,31,40,EXPERIMENTAL / NOT CALIBRATED,100.0,100.0,0.0,0.0,0.0,0.0,0.0,0.0,0.0,0.0,1970,Komiža,Komiža
1988,Konavle,Konavle,Konavle,2026-09-22,4,2026-09-18T00:00:00+00:00,24.2,22.3,23.2,100.0,0.0,0.0,0.0,0.0,below_30,Уобичајена температура,GREEN,100.0,2026-09-22T12:00:00+00:00,11,17,11–17 h,6,GEFS | ICON-EU EPS,31,40,EXPERIMENTAL / NOT CALIBRATED,100.0,100.0,0.0,0.0,0.0,0.0,0.0,0.0,0.0,0.0,1988,Konavle,Konavle
1996,Končanica,Končanica,Končanica,2026-09-22,4,2026-09-18T00:00:00+00:00,19.6,19.2,19.4,100.0,0.0,0.0,0.0,0.0,below_30,Уобичајена температура,GREEN,100.0,2026-09-22T12:00:00+00:00,11,17,11–17 h,6,GEFS | ICON-EU EPS,31,40,EXPERIMENTAL / NOT CALIBRATED,100.0,100.0,0.0,0.0,0.0,0.0,0.0,0.0,0.0,0.0,1996,Končanica,Končanica
2003,Konjščina,Konjščina,Konjščina,2026-09-22,4,2026-09-18T00:00:00+00:00,20.5,18.8,19.7,100.0,0.0,0.0,0.0,0.0,below_30,Уобичајена температура,GREEN,100.0,2026-09-22T12:00:00+00:00,11,17,11–17 h,6,GEFS | ICON-EU EPS,31,40,EXPERIMENTAL / NOT CALIBRATED,100.0,100.0,0.0,0.0,0.0,0.0,0.0,0.0,0.0,0.0,2003,Konjščina,Konjščina
2011,Koprivnica,Koprivnica,Koprivnica,2026-09-22,4,2026-09-18T00:00:00+00:00,19.9,19.0,19.5,100.0,0.0,0.0,0.0,0.0,below_30,Уобичајена температура,GREEN,100.0,2026-09-22T12:00:00+00:00,11,17,11–17 h,6,GEFS | ICON-EU EPS,31,40,EXPERIMENTAL / NOT CALIBRATED,100.0,100.0,0.0,0.0,0.0,0.0,0.0,0.0,0.0,0.0,2011,Koprivnica,Koprivnica
2020,Koprivnički Bregi,Koprivnički Bregi,Koprivnički Bregi,2026-09-22,4,2026-09-18T00:00:00+00:00,20.0,19.0,19.5,100.0,0.0,0.0,0.0,0.0,below_30,Уобичајена температура,GREEN,100.0,2026-09-22T12:00:00+00:00,11,17,11–17 h,6,GEFS | ICON-EU EPS,31,40,EXPERIMENTAL / NOT CALIBRATED,100.0,100.0,0.0,0.0,0.0,0.0,0.0,0.0,0.0,0.0,2020,Koprivnički Bregi,Koprivnički Bregi
2038,Koprivnički Ivanec,Koprivnički Ivanec,Koprivnički Ivanec,2026-09-22,4,2026-09-18T00:00:00+00:00,19.9,19.1,19.5,100.0,0.0,0.0,0.0,0.0,below_30,Уобичајена температура,GREEN,100.0,2026-09-22T12:00:00+00:00,11,17,11–17 h,6,GEFS | ICON-EU EPS,31,40,EXPERIMENTAL / NOT CALIBRATED,100.0,100.0,0.0,0.0,0.0,0.0,0.0,0.0,0.0,0.0,2038,Koprivnički Ivanec,Koprivnički Ivanec
2046,Korčula,Korčula,Korčula,2026-09-22,4,2026-09-18T00:00:00+00:00,23.8,22.9,23.3,100.0,0.0,0.0,0.0,0.0,below_30,Уобичајена температура,GREEN,100.0,2026-09-22T12:00:00+00:00,11,17,11–17 h,6,GEFS | ICON-EU EPS,31,40,EXPERIMENTAL / NOT CALIBRATED,100.0,100.0,0.0,0.0,0.0,0.0,0.0,0.0,0.0,0.0,2046,Korčula,Korčula
2054,Koška,Koška,Koška,2026-09-22,4,2026-09-18T00:00:00+00:00,20.6,19.5,20.1,100.0,0.0,0.0,0.0,0.0,below_30,Уобичајена температура,GREEN,100.0,2026-09-22T12:00:00+00:00,11,17,11–17 h,6,GEFS | ICON-EU EPS,31,40,EXPERIMENTAL / NOT CALIBRATED,100.0,100.0,0.0,0.0,0.0,0.0,0.0,0.0,0.0,0.0,2054,Koška,Koška
2062,Kotoriba,Kotoriba,Kotoriba,2026-09-22,4,2026-09-18T00:00:00+00:00,19.9,19.4,19.7,100.0,0.0,0.0,0.0,0.0,below_30,Уобичајена температура,GREEN,100.0,2026-09-22T12:00:00+00:00,11,17,11–17 h,6,GEFS | ICON-EU EPS,31,40,EXPERIMENTAL / NOT CALIBRATED,100.0,100.0,0.0,0.0,0.0,0.0,0.0,0.0,0.0,0.0,2062,Kotoriba,Kotoriba
2089,Kraljevec na Sutli,Kraljevec na Sutli,Kraljevec na Sutli,2026-09-22,4,2026-09-18T00:00:00+00:00,19.5,19.6,19.5,100.0,0.0,0.0,0.0,0.0,below_30,Уобичајена температура,GREEN,100.0,2026-09-22T12:00:00+00:00,11,17,11–17 h,6,GEFS | ICON-EU EPS,31,40,EXPERIMENTAL / NOT CALIBRATED,100.0,100.0,0.0,0.0,0.0,0.0,0.0,0.0,0.0,0.0,2089,Kraljevec na Sutli,Kraljevec na Sutli
2097,Kraljevica,Kraljevica,Kraljevica,2026-09-22,4,2026-09-18T00:00:00+00:00,19.0,21.0,20.0,100.0,0.0,0.0,0.0,0.0,below_30,Уобичајена температура,GREEN,100.0,2026-09-22T12:00:00+00:00,11,17,11–17 h,6,GEFS | ICON-EU EPS,31,40,EXPERIMENTAL / NOT CALIBRATED,100.0,100.0,0.0,0.0,0.0,0.0,0.0,0.0,0.0,0.0,2097,Kraljevica,Kraljevica
2119,Krapina,Krapina,Krapina,2026-09-22,4,2026-09-18T00:00:00+00:00,20.1,19.3,19.7,100.0,0.0,0.0,0.0,0.0,below_30,Уобичајена температура,GREEN,100.0,2026-09-22T12:00:00+00:00,11,17,11–17 h,6,GEFS | ICON-EU EPS,31,40,EXPERIMENTAL / NOT CALIBRATED,100.0,100.0,0.0,0.0,0.0,0.0,0.0,0.0,0.0,0.0,2119,Krapina,Krapina
2127,Krapinske Toplice,Krapinske Toplice,Krapinske Toplice,2026-09-22,4,2026-09-18T00:00:00+00:00,19.5,19.3,19.4,100.0,0.0,0.0,0.0,0.0,below_30,Уобичајена температура,GREEN,100.0,2026-09-22T12:00:00+00:00,11,17,11–17 h,6,GEFS | ICON-EU EPS,31,40,EXPERIMENTAL / NOT CALIBRATED,100.0,100.0,0.0,0.0,0.0,0.0,0.0,0.0,0.0,0.0,2127,Krapinske Toplice,Krapinske Toplice
2135,Križ,Križ,Križ,2026-09-22,4,2026-09-18T00:00:00+00:00,20.4,19.7,20.0,100.0,0.0,0.0,0.0,0.0,below_30,Уобичајена температура,GREEN,100.0,2026-09-22T12:00:00+00:00,11,17,11–17 h,6,GEFS | ICON-EU EPS,31,40,EXPERIMENTAL / NOT CALIBRATED,100.0,100.0,0.0,0.0,0.0,0.0,0.0,0.0,0.0,0.0,2135,Križ,Križ
2143,Križevci,Križevci,Križevci,2026-09-22,4,2026-09-18T00:00:00+00:00,20.2,19.0,19.6,100.0,0.0,0.0,0.0,0.0,below_30,Уобичајена температура,GREEN,100.0,2026-09-22T12:00:00+00:00,11,17,11–17 h,6,GEFS | ICON-EU EPS,31,40,EXPERIMENTAL / NOT CALIBRATED,100.0,100.0,0.0,0.0,0.0,0.0,0.0,0.0,0.0,0.0,2143,Križevci,Križevci
2151,Krk,Krk,Krk,2026-09-22,4,2026-09-18T00:00:00+00:00,21.0,22.4,21.7,100.0,0.0,0.0,0.0,0.0,below_30,Уобичајена температура,GREEN,100.0,2026-09-22T12:00:00+00:00,11,17,11–17 h,6,GEFS | ICON-EU EPS,31,40,EXPERIMENTAL / NOT CALIBRATED,100.0,100.0,0.0,0.0,0.0,0.0,0.0,0.0,0.0,0.0,2151,Krk,Krk
2160,Krnjak,Krnjak,Krnjak,2026-09-22,4,2026-09-18T00:00:00+00:00,19.1,19.7,19.4,100.0,0.0,0.0,0.0,0.0,below_30,Уобичајена температура,GREEN,100.0,2026-09-22T12:00:00+00:00,11,17,11–17 h,6,GEFS | ICON-EU EPS,31,40,EXPERIMENTAL / NOT CALIBRATED,100.0,100.0,0.0,0.0,0.0,0.0,0.0,0.0,0.0,0.0,2160,Krnjak,Krnjak
2178,Kršan,Kršan,Kršan,2026-09-22,4,2026-09-18T00:00:00+00:00,20.7,21.6,21.2,100.0,0.0,0.0,0.0,0.0,below_30,Уобичајена температура,GREEN,100.0,2026-09-22T12:00:00+00:00,11,17,11–17 h,6,GEFS | ICON-EU EPS,31,40,EXPERIMENTAL / NOT CALIBRATED,100.0,100.0,0.0,0.0,0.0,0.0,0.0,0.0,0.0,0.0,2178,Kršan,Kršan
2194,Kula Norinska,Kula Norinska,Kula Norinska,2026-09-22,4,2026-09-18T00:00:00+00:00,26.0,23.5,24.7,100.0,0.0,0.0,0.0,0.0,below_30,Уобичајена температура,GREEN,100.0,2026-09-22T12:00:00+00:00,11,17,11–17 h,6,GEFS | ICON-EU EPS,31,40,EXPERIMENTAL / NOT CALIBRATED,100.0,100.0,0.0,0.0,0.0,0.0,0.0,0.0,0.0,0.0,2194,Kula Norinska,Kula Norinska
2208,Kutina,Kutina,Kutina,2026-09-22,4,2026-09-18T00:00:00+00:00,20.4,19.5,19.9,100.0,0.0,0.0,0.0,0.0,below_30,Уобичајена температура,GREEN,100.0,2026-09-22T12:00:00+00:00,11,17,11–17 h,6,GEFS | ICON-EU EPS,31,40,EXPERIMENTAL / NOT CALIBRATED,100.0,100.0,0.0,0.0,0.0,0.0,0.0,0.0,0.0,0.0,2208,Kutina,Kutina
2216,Kutjevo,Kutjevo,Kutjevo,2026-09-22,4,2026-09-18T00:00:00+00:00,19.2,18.9,19.1,100.0,0.0,0.0,0.0,0.0,below_30,Уобичајена температура,GREEN,100.0,2026-09-22T12:00:00+00:00,11,17,11–17 h,6,GEFS | ICON-EU EPS,31,40,EXPERIMENTAL / NOT CALIBRATED,100.0,100.0,0.0,0.0,0.0,0.0,0.0,0.0,0.0,0.0,2216,Kutjevo,Kutjevo
2224,Labin,Labin,Labin,2026-09-22,4,2026-09-18T00:00:00+00:00,21.1,21.3,21.2,100.0,0.0,0.0,0.0,0.0,below_30,Уобичајена температура,GREEN,100.0,2026-09-22T12:00:00+00:00,11,17,11–17 h,6,GEFS | ICON-EU EPS,31,40,EXPERIMENTAL / NOT CALIBRATED,100.0,100.0,0.0,0.0,0.0,0.0,0.0,0.0,0.0,0.0,2224,Labin,Labin
2232,Lanišće,Lanišće,Lanišće,2026-09-22,4,2026-09-18T00:00:00+00:00,21.2,21.3,21.3,100.0,0.0,0.0,0.0,0.0,below_30,Уобичајена температура,GREEN,100.0,2026-09-22T12:00:00+00:00,11,17,11–17 h,6,GEFS | ICON-EU EPS,31,40,EXPERIMENTAL / NOT CALIBRATED,100.0,100.0,0.0,0.0,0.0,0.0,0.0,0.0,0.0,0.0,2232,Lanišće,Lanišće
2259,Lasinja,Lasinja,Lasinja,2026-09-22,4,2026-09-18T00:00:00+00:00,20.7,20.0,20.4,100.0,0.0,0.0,0.0,0.0,below_30,Уобичајена температура,GREEN,100.0,2026-09-22T12:00:00+00:00,11,17,11–17 h,6,GEFS | ICON-EU EPS,31,40,EXPERIMENTAL / NOT CALIBRATED,100.0,100.0,0.0,0.0,0.0,0.0,0.0,0.0,0.0,0.0,2259,Lasinja,Lasinja
2267,Lastovo,Lastovo,Lastovo,2026-09-22,4,2026-09-18T00:00:00+00:00,23.9,23.8,23.9,100.0,0.0,0.0,0.0,0.0,below_30,Уобичајена температура,GREEN,100.0,2026-09-22T00:00:00+00:00,11,17,11–17 h,6,GEFS | ICON-EU EPS,31,40,EXPERIMENTAL / NOT CALIBRATED,100.0,100.0,0.0,0.0,0.0,0.0,0.0,0.0,0.0,0.0,2267,Lastovo,Lastovo
2275,Legrad,Legrad,Legrad,2026-09-22,4,2026-09-18T00:00:00+00:00,19.9,19.4,19.7,100.0,0.0,0.0,0.0,0.0,below_30,Уобичајена температура,GREEN,100.0,2026-09-22T12:00:00+00:00,11,17,11–17 h,6,GEFS | ICON-EU EPS,31,40,EXPERIMENTAL / NOT CALIBRATED,100.0,100.0,0.0,0.0,0.0,0.0,0.0,0.0,0.0,0.0,2275,Legrad,Legrad
2283,Lekenik,Lekenik,Lekenik,2026-09-22,4,2026-09-18T00:00:00+00:00,20.6,19.4,20.0,100.0,0.0,0.0,0.0,0.0,below_30,Уобичајена температура,GREEN,100.0,2026-09-22T12:00:00+00:00,11,17,11–17 h,6,GEFS | ICON-EU EPS,31,40,EXPERIMENTAL / NOT CALIBRATED,100.0,100.0,0.0,0.0,0.0,0.0,0.0,0.0,0.0,0.0,2283,Lekenik,Lekenik
2291,Lepoglava,Lepoglava,Lepoglava,2026-09-22,4,2026-09-18T00:00:00+00:00,20.1,18.8,19.5,100.0,0.0,0.0,0.0,0.0,below_30,Уобичајена температура,GREEN,100.0,2026-09-22T12:00:00+00:00,11,17,11–17 h,6,GEFS | ICON-EU EPS,31,40,EXPERIMENTAL / NOT CALIBRATED,100.0,100.0,0.0,0.0,0.0,0.0,0.0,0.0,0.0,0.0,2291,Lepoglava,Lepoglava
2305,Levanjska Varoš,Levanjska Varoš,Levanjska Varoš,2026-09-22,4,2026-09-18T00:00:00+00:00,20.5,18.9,19.7,100.0,0.0,0.0,0.0,0.0,below_30,Уобичајена температура,GREEN,100.0,2026-09-22T12:00:00+00:00,11,17,11–17 h,6,GEFS | ICON-EU EPS,31,40,EXPERIMENTAL / NOT CALIBRATED,100.0,100.0,0.0,0.0,0.0,0.0,0.0,0.0,0.0,0.0,2305,Levanjska Varoš,Levanjska Varoš
2313,Lipik,Lipik,Lipik,2026-09-22,4,2026-09-18T00:00:00+00:00,19.8,19.1,19.4,100.0,0.0,0.0,0.0,0.0,below_30,Уобичајена температура,GREEN,100.0,2026-09-22T12:00:00+00:00,11,17,11–17 h,6,GEFS | ICON-EU EPS,31,40,EXPERIMENTAL / NOT CALIBRATED,100.0,100.0,0.0,0.0,0.0,0.0,0.0,0.0,0.0,0.0,2313,Lipik,Lipik
2321,Lipovljani,Lipovljani,Lipovljani,2026-09-22,4,2026-09-18T00:00:00+00:00,20.4,19.5,19.9,100.0,0.0,0.0,0.0,0.0,below_30,Уобичајена температура,GREEN,100.0,2026-09-22T12:00:00+00:00,11,17,11–17 h,6,GEFS | ICON-EU EPS,31,40,EXPERIMENTAL / NOT CALIBRATED,100.0,100.0,0.0,0.0,0.0,0.0,0.0,0.0,0.0,0.0,2321,Lipovljani,Lipovljani
2348,Lišane Ostrovičke,Lišane Ostrovičke,Lišane Ostrovičke,2026-09-22,4,2026-09-18T00:00:00+00:00,24.1,21.7,22.9,100.0,0.0,0.0,0.0,0.0,below_30,Уобичајена температура,GREEN,100.0,2026-09-22T12:00:00+00:00,11,17,11–17 h,6,GEFS | ICON-EU EPS,31,40,EXPERIMENTAL / NOT CALIBRATED,100.0,100.0,0.0,0.0,0.0,0.0,0.0,0.0,0.0,0.0,2348,Lišane Ostrovičke,Lišane Ostrovičke
2356,Ližnjan - Lisignano,Ližnjan - Lisignano,Ližnjan - Lisignano,2026-09-22,4,2026-09-18T00:00:00+00:00,21.9,21.9,21.9,100.0,0.0,0.0,0.0,0.0,below_30,Уобичајена температура,GREEN,100.0,2026-09-22T12:00:00+00:00,11,17,11–17 h,6,GEFS | ICON-EU EPS,31,40,EXPERIMENTAL / NOT CALIBRATED,100.0,100.0,0.0,0.0,0.0,0.0,0.0,0.0,0.0,0.0,2356,Ližnjan - Lisignano,Ližnjan - Lisignano
2364,Lobor,Lobor,Lobor,2026-09-22,4,2026-09-18T00:00:00+00:00,20.1,18.0,19.1,100.0,0.0,0.0,0.0,0.0,below_30,Уобичајена температура,GREEN,100.0,2026-09-22T12:00:00+00:00,11,17,11–17 h,6,GEFS | ICON-EU EPS,31,40,EXPERIMENTAL / NOT CALIBRATED,100.0,100.0,0.0,0.0,0.0,0.0,0.0,0.0,0.0,0.0,2364,Lobor,Lobor
2372,Lokve,Lokve,Lokve,2026-09-22,4,2026-09-18T00:00:00+00:00,17.7,15.8,16.8,100.0,0.0,0.0,0.0,0.0,below_30,Уобичајена температура,GREEN,100.0,2026-09-22T12:00:00+00:00,11,17,11–17 h,6,GEFS | ICON-EU EPS,31,40,EXPERIMENTAL / NOT CALIBRATED,100.0,100.0,0.0,0.0,0.0,0.0,0.0,0.0,0.0,0.0,2372,Lokve,Lokve
2399,Lovas,Lovas,Lovas,2026-09-22,4,2026-09-18T00:00:00+00:00,20.8,19.3,20.1,100.0,0.0,0.0,0.0,0.0,below_30,Уобичајена температура,GREEN,100.0,2026-09-22T12:00:00+00:00,11,17,11–17 h,6,GEFS | ICON-EU EPS,31,40,EXPERIMENTAL / NOT CALIBRATED,100.0,100.0,0.0,0.0,0.0,0.0,0.0,0.0,0.0,0.0,2399,Lovas,Lovas
2402,Lovinac,Lovinac,Lovinac,2026-09-22,4,2026-09-18T00:00:00+00:00,20.5,16.4,18.4,100.0,0.0,0.0,0.0,0.0,below_30,Уобичајена температура,GREEN,100.0,2026-09-22T12:00:00+00:00,11,17,11–17 h,6,GEFS | ICON-EU EPS,31,40,EXPERIMENTAL / NOT CALIBRATED,100.0,100.0,0.0,0.0,0.0,0.0,0.0,0.0,0.0,0.0,2402,Lovinac,Lovinac
2429,Lovran,Lovran,Lovran,2026-09-22,4,2026-09-18T00:00:00+00:00,20.7,20.5,20.6,100.0,0.0,0.0,0.0,0.0,below_30,Уобичајена температура,GREEN,100.0,2026-09-22T12:00:00+00:00,11,17,11–17 h,6,GEFS | ICON-EU EPS,31,40,EXPERIMENTAL / NOT CALIBRATED,100.0,100.0,0.0,0.0,0.0,0.0,0.0,0.0,0.0,0.0,2429,Lovran,Lovran
2437,Lovreć,Lovreć,Lovreć,2026-09-22,4,2026-09-18T00:00:00+00:00,21.6,18.2,19.9,100.0,0.0,0.0,0.0,0.0,below_30,Уобичајена температура,GREEN,100.0,2026-09-22T12:00:00+00:00,11,17,11–17 h,6,GEFS | ICON-EU EPS,31,40,EXPERIMENTAL / NOT CALIBRATED,100.0,100.0,0.0,0.0,0.0,0.0,0.0,0.0,0.0,0.0,2437,Lovreć,Lovreć
2445,Ludbreg,Ludbreg,Ludbreg,2026-09-22,4,2026-09-18T00:00:00+00:00,19.5,18.5,19.0,100.0,0.0,0.0,0.0,0.0,below_30,Уобичајена температура,GREEN,100.0,2026-09-22T12:00:00+00:00,11,17,11–17 h,6,GEFS | ICON-EU EPS,31,40,EXPERIMENTAL / NOT CALIBRATED,100.0,100.0,0.0,0.0,0.0,0.0,0.0,0.0,0.0,0.0,2445,Ludbreg,Ludbreg
2453,Lukač,Lukač,Lukač,2026-09-22,4,2026-09-18T00:00:00+00:00,20.1,19.4,19.7,100.0,0.0,0.0,0.0,0.0,below_30,Уобичајена температура,GREEN,100.0,2026-09-22T12:00:00+00:00,11,17,11–17 h,6,GEFS | ICON-EU EPS,31,40,EXPERIMENTAL / NOT CALIBRATED,100.0,100.0,0.0,0.0,0.0,0.0,0.0,0.0,0.0,0.0,2453,Lukač,Lukač
2461,Lupoglav,Lupoglav,Lupoglav,2026-09-22,4,2026-09-18T00:00:00+00:00,20.7,21.3,21.0,100.0,0.0,0.0,0.0,0.0,below_30,Уобичајена температура,GREEN,100.0,2026-09-22T12:00:00+00:00,11,17,11–17 h,6,GEFS | ICON-EU EPS,31,40,EXPERIMENTAL / NOT CALIBRATED,100.0,100.0,0.0,0.0,0.0,0.0,0.0,0.0,0.0,0.0,2461,Lupoglav,Lupoglav
2470,Ljubešćica,Ljubešćica,Ljubešćica,2026-09-22,4,2026-09-18T00:00:00+00:00,19.5,18.8,19.1,100.0,0.0,0.0,0.0,0.0,below_30,Уобичајена температура,GREEN,100.0,2026-09-22T12:00:00+00:00,11,17,11–17 h,6,GEFS | ICON-EU EPS,31,40,EXPERIMENTAL / NOT CALIBRATED,100.0,100.0,0.0,0.0,0.0,0.0,0.0,0.0,0.0,0.0,2470,Ljubešćica,Ljubešćica
2488,Mače,Mače,Mače,2026-09-22,4,2026-09-18T00:00:00+00:00,20.6,18.0,19.3,100.0,0.0,0.0,0.0,0.0,below_30,Уобичајена температура,GREEN,100.0,2026-09-22T12:00:00+00:00,11,17,11–17 h,6,GEFS | ICON-EU EPS,31,40,EXPERIMENTAL / NOT CALIBRATED,100.0,100.0,0.0,0.0,0.0,0.0,0.0,0.0,0.0,0.0,2488,Mače,Mače
2496,Makarska,Makarska,Makarska,2026-09-22,4,2026-09-18T00:00:00+00:00,23.4,21.0,22.2,100.0,0.0,0.0,0.0,0.0,below_30,Уобичајена температура,GREEN,100.0,2026-09-22T12:00:00+00:00,11,17,11–17 h,6,GEFS | ICON-EU EPS,31,40,EXPERIMENTAL / NOT CALIBRATED,100.0,100.0,0.0,0.0,0.0,0.0,0.0,0.0,0.0,0.0,2496,Makarska,Makarska
2500,Mala Subotica,Mala Subotica,Mala Subotica,2026-09-22,4,2026-09-18T00:00:00+00:00,19.5,19.4,19.4,100.0,0.0,0.0,0.0,0.0,below_30,Уобичајена температура,GREEN,100.0,2026-09-22T12:00:00+00:00,11,17,11–17 h,6,GEFS | ICON-EU EPS,31,40,EXPERIMENTAL / NOT CALIBRATED,100.0,100.0,0.0,0.0,0.0,0.0,0.0,0.0,0.0,0.0,2500,Mala Subotica,Mala Subotica
2518,Mali Bukovec,Mali Bukovec,Mali Bukovec,2026-09-22,4,2026-09-18T00:00:00+00:00,19.9,19.1,19.5,100.0,0.0,0.0,0.0,0.0,below_30,Уобичајена температура,GREEN,100.0,2026-09-22T12:00:00+00:00,11,17,11–17 h,6,GEFS | ICON-EU EPS,31,40,EXPERIMENTAL / NOT CALIBRATED,100.0,100.0,0.0,0.0,0.0,0.0,0.0,0.0,0.0,0.0,2518,Mali Bukovec,Mali Bukovec
2526,Mali Lošinj,Mali Lošinj,Mali Lošinj,2026-09-22,4,2026-09-18T00:00:00+00:00,21.8,22.4,22.1,100.0,0.0,0.0,0.0,0.0,below_30,Уобичајена температура,GREEN,100.0,2026-09-22T12:00:00+00:00,11,17,11–17 h,6,GEFS | ICON-EU EPS,31,40,EXPERIMENTAL / NOT CALIBRATED,100.0,100.0,0.0,0.0,0.0,0.0,0.0,0.0,0.0,0.0,2526,Mali Lošinj,Mali Lošinj
2534,Malinska-Dubašnica,Malinska-Dubašnica,Malinska-Dubašnica,2026-09-22,4,2026-09-18T00:00:00+00:00,21.0,22.8,21.9,100.0,0.0,0.0,0.0,0.0,below_30,Уобичајена температура,GREEN,100.0,2026-09-22T12:00:00+00:00,11,17,11–17 h,6,GEFS | ICON-EU EPS,31,40,EXPERIMENTAL / NOT CALIBRATED,100.0,100.0,0.0,0.0,0.0,0.0,0.0,0.0,0.0,0.0,2534,Malinska-Dubašnica,Malinska-Dubašnica
2542,Marčana,Marčana,Marčana,2026-09-22,4,2026-09-18T00:00:00+00:00,22.0,22.1,22.0,100.0,0.0,0.0,0.0,0.0,below_30,Уобичајена температура,GREEN,100.0,2026-09-22T12:00:00+00:00,11,17,11–17 h,6,GEFS | ICON-EU EPS,31,40,EXPERIMENTAL / NOT CALIBRATED,100.0,100.0,0.0,0.0,0.0,0.0,0.0,0.0,0.0,0.0,2542,Marčana,Marčana
2569,Marija Bistrica,Marija Bistrica,Marija Bistrica,2026-09-22,4,2026-09-18T00:00:00+00:00,20.6,18.2,19.4,100.0,0.0,0.0,0.0,0.0,below_30,Уобичајена температура,GREEN,100.0,2026-09-22T12:00:00+00:00,11,17,11–17 h,6,GEFS | ICON-EU EPS,31,40,EXPERIMENTAL / NOT CALIBRATED,100.0,100.0,0.0,0.0,0.0,0.0,0.0,0.0,0.0,0.0,2569,Marija Bistrica,Marija Bistrica
2577,Marijanci,Marijanci,Marijanci,2026-09-22,4,2026-09-18T00:00:00+00:00,20.5,19.5,20.0,100.0,0.0,0.0,0.0,0.0,below_30,Уобичајена температура,GREEN,100.0,2026-09-22T12:00:00+00:00,11,17,11–17 h,6,GEFS | ICON-EU EPS,31,40,EXPERIMENTAL / NOT CALIBRATED,100.0,100.0,0.0,0.0,0.0,0.0,0.0,0.0,0.0,0.0,2577,Marijanci,Marijanci
2585,Marina,Marina,Marina,2026-09-22,4,2026-09-18T00:00:00+00:00,23.6,23.3,23.5,100.0,0.0,0.0,0.0,0.0,below_30,Уобичајена температура,GREEN,100.0,2026-09-22T12:00:00+00:00,11,17,11–17 h,6,GEFS | ICON-EU EPS,31,40,EXPERIMENTAL / NOT CALIBRATED,100.0,100.0,0.0,0.0,0.0,0.0,0.0,0.0,0.0,0.0,2585,Marina,Marina
2593,Martinska Ves,Martinska Ves,Martinska Ves,2026-09-22,4,2026-09-18T00:00:00+00:00,20.6,19.6,20.1,100.0,0.0,0.0,0.0,0.0,below_30,Уобичајена температура,GREEN,100.0,2026-09-22T12:00:00+00:00,11,17,11–17 h,6,GEFS | ICON-EU EPS,31,40,EXPERIMENTAL / NOT CALIBRATED,100.0,100.0,0.0,0.0,0.0,0.0,0.0,0.0,0.0,0.0,2593,Martinska Ves,Martinska Ves
2607,Maruševec,Maruševec,Maruševec,2026-09-22,4,2026-09-18T00:00:00+00:00,19.6,19.3,19.5,100.0,0.0,0.0,0.0,0.0,below_30,Уобичајена температура,GREEN,100.0,2026-09-22T12:00:00+00:00,11,17,11–17 h,6,GEFS | ICON-EU EPS,31,40,EXPERIMENTAL / NOT CALIBRATED,100.0,100.0,0.0,0.0,0.0,0.0,0.0,0.0,0.0,0.0,2607,Maruševec,Maruševec
2615,Matulji,Matulji,Matulji,2026-09-22,4,2026-09-18T00:00:00+00:00,19.1,18.8,18.9,100.0,0.0,0.0,0.0,0.0,below_30,Уобичајена температура,GREEN,100.0,2026-09-22T12:00:00+00:00,11,17,11–17 h,6,GEFS | ICON-EU EPS,31,40,EXPERIMENTAL / NOT CALIBRATED,100.0,100.0,0.0,0.0,0.0,0.0,0.0,0.0,0.0,0.0,2615,Matulji,Matulji
2631,Medulin,Medulin,Medulin,2026-09-22,4,2026-09-18T00:00:00+00:00,21.9,22.3,22.1,100.0,0.0,0.0,0.0,0.0,below_30,Уобичајена температура,GREEN,100.0,2026-09-22T12:00:00+00:00,11,17,11–17 h,6,GEFS | ICON-EU EPS,31,40,EXPERIMENTAL / NOT CALIBRATED,100.0,100.0,0.0,0.0,0.0,0.0,0.0,0.0,0.0,0.0,2631,Medulin,Medulin
2640,Metković,Metković,Metković,2026-09-22,4,2026-09-18T00:00:00+00:00,26.0,22.9,24.4,100.0,0.0,0.0,0.0,0.0,below_30,Уобичајена температура,GREEN,100.0,2026-09-22T12:00:00+00:00,11,17,11–17 h,6,GEFS | ICON-EU EPS,31,40,EXPERIMENTAL / NOT CALIBRATED,100.0,100.0,0.0,0.0,0.0,0.0,0.0,0.0,0.0,0.0,2640,Metković,Metković
2658,Mihovljan,Mihovljan,Mihovljan,2026-09-22,4,2026-09-18T00:00:00+00:00,20.1,18.0,19.1,100.0,0.0,0.0,0.0,0.0,below_30,Уобичајена температура,GREEN,100.0,2026-09-22T12:00:00+00:00,11,17,11–17 h,6,GEFS | ICON-EU EPS,31,40,EXPERIMENTAL / NOT CALIBRATED,100.0,100.0,0.0,0.0,0.0,0.0,0.0,0.0,0.0,0.0,2658,Mihovljan,Mihovljan
2666,Mikleuš,Mikleuš,Mikleuš,2026-09-22,4,2026-09-18T00:00:00+00:00,19.2,18.1,18.7,100.0,0.0,0.0,0.0,0.0,below_30,Уобичајена температура,GREEN,100.0,2026-09-22T12:00:00+00:00,11,17,11–17 h,6,GEFS | ICON-EU EPS,31,40,EXPERIMENTAL / NOT CALIBRATED,100.0,100.0,0.0,0.0,0.0,0.0,0.0,0.0,0.0,0.0,2666,Mikleuš,Mikleuš
2674,Milna,Milna,Milna,2026-09-22,4,2026-09-18T00:00:00+00:00,23.6,23.2,23.4,100.0,0.0,0.0,0.0,0.0,below_30,Уобичајена температура,GREEN,100.0,2026-09-22T12:00:00+00:00,11,17,11–17 h,6,GEFS | ICON-EU EPS,31,40,EXPERIMENTAL / NOT CALIBRATED,100.0,100.0,0.0,0.0,0.0,0.0,0.0,0.0,0.0,0.0,2674,Milna,Milna
2682,Mljet,Mljet,Mljet,2026-09-22,4,2026-09-18T00:00:00+00:00,23.5,23.5,23.5,100.0,0.0,0.0,0.0,0.0,below_30,Уобичајена температура,GREEN,100.0,2026-09-22T12:00:00+00:00,11,17,11–17 h,6,GEFS | ICON-EU EPS,31,40,EXPERIMENTAL / NOT CALIBRATED,100.0,100.0,0.0,0.0,0.0,0.0,0.0,0.0,0.0,0.0,2682,Mljet,Mljet
2704,Molve,Molve,Molve,2026-09-22,4,2026-09-18T00:00:00+00:00,19.9,19.4,19.7,100.0,0.0,0.0,0.0,0.0,below_30,Уобичајена температура,GREEN,100.0,2026-09-22T12:00:00+00:00,11,17,11–17 h,6,GEFS | ICON-EU EPS,31,40,EXPERIMENTAL / NOT CALIBRATED,100.0,100.0,0.0,0.0,0.0,0.0,0.0,0.0,0.0,0.0,2704,Molve,Molve
2712,Podravska Moslavina,Podravska Moslavina,Podravska Moslavina,2026-09-22,4,2026-09-18T00:00:00+00:00,20.4,19.5,19.9,100.0,0.0,0.0,0.0,0.0,below_30,Уобичајена температура,GREEN,100.0,2026-09-22T12:00:00+00:00,11,17,11–17 h,6,GEFS | ICON-EU EPS,31,40,EXPERIMENTAL / NOT CALIBRATED,100.0,100.0,0.0,0.0,0.0,0.0,0.0,0.0,0.0,0.0,2712,Podravska Moslavina,Podravska Moslavina
2739,Mošćenička Draga,Mošćenička Draga,Mošćenička Draga,2026-09-22,4,2026-09-18T00:00:00+00:00,20.7,21.2,21.0,100.0,0.0,0.0,0.0,0.0,below_30,Уобичајена температура,GREEN,100.0,2026-09-22T12:00:00+00:00,11,17,11–17 h,6,GEFS | ICON-EU EPS,31,40,EXPERIMENTAL / NOT CALIBRATED,100.0,100.0,0.0,0.0,0.0,0.0,0.0,0.0,0.0,0.0,2739,Mošćenička Draga,Mošćenička Draga
2747,Motovun - Montona,Motovun - Montona,Motovun - Montona,2026-09-22,4,2026-09-18T00:00:00+00:00,23.4,22.5,22.9,100.0,0.0,0.0,0.0,0.0,below_30,Уобичајена температура,GREEN,100.0,2026-09-22T12:00:00+00:00,11,17,11–17 h,6,GEFS | ICON-EU EPS,31,40,EXPERIMENTAL / NOT CALIBRATED,100.0,100.0,0.0,0.0,0.0,0.0,0.0,0.0,0.0,0.0,2747,Motovun - Montona,Motovun - Montona
2755,Mrkopalj,Mrkopalj,Mrkopalj,2026-09-22,4,2026-09-18T00:00:00+00:00,17.1,13.2,15.1,100.0,0.0,0.0,0.0,0.0,below_30,Уобичајена температура,GREEN,100.0,2026-09-22T12:00:00+00:00,11,17,11–17 h,6,GEFS | ICON-EU EPS,31,40,EXPERIMENTAL / NOT CALIBRATED,100.0,100.0,0.0,0.0,0.0,0.0,0.0,0.0,0.0,0.0,2755,Mrkopalj,Mrkopalj
2763,Mursko Središće,Mursko Središće,Mursko Središće,2026-09-22,4,2026-09-18T00:00:00+00:00,19.5,19.2,19.4,100.0,0.0,0.0,0.0,0.0,below_30,Уобичајена температура,GREEN,100.0,2026-09-22T12:00:00+00:00,11,17,11–17 h,6,GEFS | ICON-EU EPS,31,40,EXPERIMENTAL / NOT CALIBRATED,100.0,100.0,0.0,0.0,0.0,0.0,0.0,0.0,0.0,0.0,2763,Mursko Središće,Mursko Središće
2780,Našice,Našice,Našice,2026-09-22,4,2026-09-18T00:00:00+00:00,20.1,19.1,19.6,100.0,0.0,0.0,0.0,0.0,below_30,Уобичајена температура,GREEN,100.0,2026-09-22T12:00:00+00:00,11,17,11–17 h,6,GEFS | ICON-EU EPS,31,40,EXPERIMENTAL / NOT CALIBRATED,100.0,100.0,0.0,0.0,0.0,0.0,0.0,0.0,0.0,0.0,2780,Našice,Našice
2798,Nedelišće,Nedelišće,Nedelišće,2026-09-22,4,2026-09-18T00:00:00+00:00,19.6,19.0,19.3,100.0,0.0,0.0,0.0,0.0,below_30,Уобичајена температура,GREEN,100.0,2026-09-22T12:00:00+00:00,11,17,11–17 h,6,GEFS | ICON-EU EPS,31,40,EXPERIMENTAL / NOT CALIBRATED,100.0,100.0,0.0,0.0,0.0,0.0,0.0,0.0,0.0,0.0,2798,Nedelišće,Nedelišće
2801,Nerežišća,Nerežišća,Nerežišća,2026-09-22,4,2026-09-18T00:00:00+00:00,23.6,22.4,23.0,100.0,0.0,0.0,0.0,0.0,below_30,Уобичајена температура,GREEN,100.0,2026-09-22T12:00:00+00:00,11,17,11–17 h,6,GEFS | ICON-EU EPS,31,40,EXPERIMENTAL / NOT CALIBRATED,100.0,100.0,0.0,0.0,0.0,0.0,0.0,0.0,0.0,0.0,2801,Nerežišća,Nerežišća
2810,Netretić,Netretić,Netretić,2026-09-22,4,2026-09-18T00:00:00+00:00,20.0,19.8,19.9,100.0,0.0,0.0,0.0,0.0,below_30,Уобичајена температура,GREEN,100.0,2026-09-22T12:00:00+00:00,11,17,11–17 h,6,GEFS | ICON-EU EPS,31,40,EXPERIMENTAL / NOT CALIBRATED,100.0,100.0,0.0,0.0,0.0,0.0,0.0,0.0,0.0,0.0,2810,Netretić,Netretić
2828,Nin,Nin,Nin,2026-09-22,4,2026-09-18T00:00:00+00:00,22.0,23.6,22.8,100.0,0.0,0.0,0.0,0.0,below_30,Уобичајена температура,GREEN,100.0,2026-09-22T12:00:00+00:00,11,17,11–17 h,6,GEFS | ICON-EU EPS,31,40,EXPERIMENTAL / NOT CALIBRATED,100.0,100.0,0.0,0.0,0.0,0.0,0.0,0.0,0.0,0.0,2828,Nin,Nin
2836,Nova Bukovica,Nova Bukovica,Nova Bukovica,2026-09-22,4,2026-09-18T00:00:00+00:00,20.1,19.2,19.6,100.0,0.0,0.0,0.0,0.0,below_30,Уобичајена температура,GREEN,100.0,2026-09-22T12:00:00+00:00,11,17,11–17 h,6,GEFS | ICON-EU EPS,31,40,EXPERIMENTAL / NOT CALIBRATED,100.0,100.0,0.0,0.0,0.0,0.0,0.0,0.0,0.0,0.0,2836,Nova Bukovica,Nova Bukovica
2844,Nova Gradiška,Nova Gradiška,Nova Gradiška,2026-09-22,4,2026-09-18T00:00:00+00:00,20.0,19.0,19.5,100.0,0.0,0.0,0.0,0.0,below_30,Уобичајена температура,GREEN,100.0,2026-09-22T12:00:00+00:00,11,17,11–17 h,6,GEFS | ICON-EU EPS,31,40,EXPERIMENTAL / NOT CALIBRATED,100.0,100.0,0.0,0.0,0.0,0.0,0.0,0.0,0.0,0.0,2844,Nova Gradiška,Nova Gradiška
2852,Nova Kapela,Nova Kapela,Nova Kapela,2026-09-22,4,2026-09-18T00:00:00+00:00,20.1,19.1,19.6,100.0,0.0,0.0,0.0,0.0,below_30,Уобичајена температура,GREEN,100.0,2026-09-22T12:00:00+00:00,11,17,11–17 h,6,GEFS | ICON-EU EPS,31,40,EXPERIMENTAL / NOT CALIBRATED,100.0,100.0,0.0,0.0,0.0,0.0,0.0,0.0,0.0,0.0,2852,Nova Kapela,Nova Kapela
2879,Nova Rača,Nova Rača,Nova Rača,2026-09-22,4,2026-09-18T00:00:00+00:00,19.8,19.3,19.5,100.0,0.0,0.0,0.0,0.0,below_30,Уобичајена температура,GREEN,100.0,2026-09-22T12:00:00+00:00,11,17,11–17 h,6,GEFS | ICON-EU EPS,31,40,EXPERIMENTAL / NOT CALIBRATED,100.0,100.0,0.0,0.0,0.0,0.0,0.0,0.0,0.0,0.0,2879,Nova Rača,Nova Rača
2887,Novalja,Novalja,Novalja,2026-09-22,4,2026-09-18T00:00:00+00:00,20.7,22.5,21.6,100.0,0.0,0.0,0.0,0.0,below_30,Уобичајена температура,GREEN,100.0,2026-09-22T12:00:00+00:00,11,17,11–17 h,6,GEFS | ICON-EU EPS,31,40,EXPERIMENTAL / NOT CALIBRATED,100.0,100.0,0.0,0.0,0.0,0.0,0.0,0.0,0.0,0.0,2887,Novalja,Novalja
2895,Novi Marof,Novi Marof,Novi Marof,2026-09-22,4,2026-09-18T00:00:00+00:00,19.6,18.8,19.2,100.0,0.0,0.0,0.0,0.0,below_30,Уобичајена температура,GREEN,100.0,2026-09-22T12:00:00+00:00,11,17,11–17 h,6,GEFS | ICON-EU EPS,31,40,EXPERIMENTAL / NOT CALIBRATED,100.0,100.0,0.0,0.0,0.0,0.0,0.0,0.0,0.0,0.0,2895,Novi Marof,Novi Marof
2909,Novi Vinodolski,Novi Vinodolski,Novi Vinodolski,2026-09-22,4,2026-09-18T00:00:00+00:00,17.1,18.7,17.9,100.0,0.0,0.0,0.0,0.0,below_30,Уобичајена температура,GREEN,100.0,2026-09-22T12:00:00+00:00,11,17,11–17 h,6,GEFS | ICON-EU EPS,31,40,EXPERIMENTAL / NOT CALIBRATED,100.0,100.0,0.0,0.0,0.0,0.0,0.0,0.0,0.0,0.0,2909,Novi Vinodolski,Novi Vinodolski
2917,Novigrad - Cittanova,Novigrad - Cittanova,Novigrad - Cittanova,2026-09-22,4,2026-09-18T00:00:00+00:00,21.6,23.0,22.3,100.0,0.0,0.0,0.0,0.0,below_30,Уобичајена температура,GREEN,100.0,2026-09-22T12:00:00+00:00,11,17,11–17 h,6,GEFS | ICON-EU EPS,31,40,EXPERIMENTAL / NOT CALIBRATED,100.0,100.0,0.0,0.0,0.0,0.0,0.0,0.0,0.0,0.0,2917,Novigrad - Cittanova,Novigrad - Cittanova
2925,Novigrad Podravski,Novigrad Podravski,Novigrad Podravski,2026-09-22,4,2026-09-18T00:00:00+00:00,19.9,19.0,19.4,100.0,0.0,0.0,0.0,0.0,below_30,Уобичајена температура,GREEN,100.0,2026-09-22T12:00:00+00:00,11,17,11–17 h,6,GEFS | ICON-EU EPS,31,40,EXPERIMENTAL / NOT CALIBRATED,100.0,100.0,0.0,0.0,0.0,0.0,0.0,0.0,0.0,0.0,2925,Novigrad Podravski,Novigrad Podravski
2933,Novska,Novska,Novska,2026-09-22,4,2026-09-18T00:00:00+00:00,20.1,18.9,19.5,100.0,0.0,0.0,0.0,0.0,below_30,Уобичајена температура,GREEN,100.0,2026-09-22T12:00:00+00:00,11,17,11–17 h,6,GEFS | ICON-EU EPS,31,40,EXPERIMENTAL / NOT CALIBRATED,100.0,100.0,0.0,0.0,0.0,0.0,0.0,0.0,0.0,0.0,2933,Novska,Novska
2941,Nuštar,Nuštar,Nuštar,2026-09-22,4,2026-09-18T00:00:00+00:00,20.9,19.8,20.3,100.0,0.0,0.0,0.0,0.0,below_30,Уобичајена температура,GREEN,100.0,2026-09-22T12:00:00+00:00,11,17,11–17 h,6,GEFS | ICON-EU EPS,31,40,EXPERIMENTAL / NOT CALIBRATED,100.0,100.0,0.0,0.0,0.0,0.0,0.0,0.0,0.0,0.0,2941,Nuštar,Nuštar
2950,Nijemci,Nijemci,Nijemci,2026-09-22,4,2026-09-18T00:00:00+00:00,21.0,19.6,20.3,100.0,0.0,0.0,0.0,0.0,below_30,Уобичајена температура,GREEN,100.0,2026-09-22T12:00:00+00:00,11,17,11–17 h,6,GEFS | ICON-EU EPS,31,40,EXPERIMENTAL / NOT CALIBRATED,100.0,100.0,0.0,0.0,0.0,0.0,0.0,0.0,0.0,0.0,2950,Nijemci,Nijemci
2968,Obrovac,Obrovac,Obrovac,2026-09-22,4,2026-09-18T00:00:00+00:00,20.5,20.7,20.6,100.0,0.0,0.0,0.0,0.0,below_30,Уобичајена температура,GREEN,100.0,2026-09-22T12:00:00+00:00,11,17,11–17 h,6,GEFS | ICON-EU EPS,31,40,EXPERIMENTAL / NOT CALIBRATED,100.0,100.0,0.0,0.0,0.0,0.0,0.0,0.0,0.0,0.0,2968,Obrovac,Obrovac
2976,Ogulin,Ogulin,Ogulin,2026-09-22,4,2026-09-18T00:00:00+00:00,18.0,17.1,17.5,100.0,0.0,0.0,0.0,0.0,below_30,Уобичајена температура,GREEN,100.0,2026-09-22T12:00:00+00:00,11,17,11–17 h,6,GEFS | ICON-EU EPS,31,40,EXPERIMENTAL / NOT CALIBRATED,100.0,100.0,0.0,0.0,0.0,0.0,0.0,0.0,0.0,0.0,2976,Ogulin,Ogulin
2984,Promina,Promina,Promina,2026-09-22,4,2026-09-18T00:00:00+00:00,23.1,22.0,22.5,100.0,0.0,0.0,0.0,0.0,below_30,Уобичајена температура,GREEN,100.0,2026-09-22T12:00:00+00:00,11,17,11–17 h,6,GEFS | ICON-EU EPS,31,40,EXPERIMENTAL / NOT CALIBRATED,100.0,100.0,0.0,0.0,0.0,0.0,0.0,0.0,0.0,0.0,2984,Promina,Promina
2992,Okučani,Okučani,Okučani,2026-09-22,4,2026-09-18T00:00:00+00:00,20.0,19.0,19.5,100.0,0.0,0.0,0.0,0.0,below_30,Уобичајена температура,GREEN,100.0,2026-09-22T12:00:00+00:00,11,17,11–17 h,6,GEFS | ICON-EU EPS,31,40,EXPERIMENTAL / NOT CALIBRATED,100.0,100.0,0.0,0.0,0.0,0.0,0.0,0.0,0.0,0.0,2992,Okučani,Okučani
3000,Omiš,Omiš,Omiš,2026-09-22,4,2026-09-18T00:00:00+00:00,23.5,22.1,22.8,100.0,0.0,0.0,0.0,0.0,below_30,Уобичајена температура,GREEN,100.0,2026-09-22T12:00:00+00:00,11,17,11–17 h,6,GEFS | ICON-EU EPS,31,40,EXPERIMENTAL / NOT CALIBRATED,100.0,100.0,0.0,0.0,0.0,0.0,0.0,0.0,0.0,0.0,3000,Omiš,Omiš
3018,Omišalj,Omišalj,Omišalj,2026-09-22,4,2026-09-18T00:00:00+00:00,19.0,22.7,20.8,100.0,0.0,0.0,0.0,0.0,below_30,Уобичајена температура,GREEN,100.0,2026-09-22T12:00:00+00:00,11,17,11–17 h,6,GEFS | ICON-EU EPS,31,40,EXPERIMENTAL / NOT CALIBRATED,100.0,100.0,0.0,0.0,0.0,0.0,0.0,0.0,0.0,0.0,3018,Omišalj,Omišalj
3026,Opatija,Opatija,Opatija,2026-09-22,4,2026-09-18T00:00:00+00:00,20.7,20.5,20.6,100.0,0.0,0.0,0.0,0.0,below_30,Уобичајена температура,GREEN,100.0,2026-09-22T12:00:00+00:00,11,17,11–17 h,6,GEFS | ICON-EU EPS,31,40,EXPERIMENTAL / NOT CALIBRATED,100.0,100.0,0.0,0.0,0.0,0.0,0.0,0.0,0.0,0.0,3026,Opatija,Opatija
3034,Oprisavci,Oprisavci,Oprisavci,2026-09-22,4,2026-09-18T00:00:00+00:00,20.5,19.8,20.1,100.0,0.0,0.0,0.0,0.0,below_30,Уобичајена температура,GREEN,100.0,2026-09-22T12:00:00+00:00,11,17,11–17 h,6,GEFS | ICON-EU EPS,31,40,EXPERIMENTAL / NOT CALIBRATED,100.0,100.0,0.0,0.0,0.0,0.0,0.0,0.0,0.0,0.0,3034,Oprisavci,Oprisavci
3042,Oprtalj - Portole,Oprtalj - Portole,Oprtalj - Portole,2026-09-22,4,2026-09-18T00:00:00+00:00,22.6,22.5,22.5,100.0,0.0,0.0,0.0,0.0,below_30,Уобичајена температура,GREEN,100.0,2026-09-22T12:00:00+00:00,11,17,11–17 h,6,GEFS | ICON-EU EPS,31,40,EXPERIMENTAL / NOT CALIBRATED,100.0,100.0,0.0,0.0,0.0,0.0,0.0,0.0,0.0,0.0,3042,Oprtalj - Portole,Oprtalj - Portole
3069,Opuzen,Opuzen,Opuzen,2026-09-22,4,2026-09-18T00:00:00+00:00,26.0,23.6,24.8,100.0,0.0,0.0,0.0,0.0,below_30,Уобичајена температура,GREEN,100.0,2026-09-22T12:00:00+00:00,11,17,11–17 h,6,GEFS | ICON-EU EPS,31,40,EXPERIMENTAL / NOT CALIBRATED,100.0,100.0,0.0,0.0,0.0,0.0,0.0,0.0,0.0,0.0,3069,Opuzen,Opuzen
3077,Orahovica,Orahovica,Orahovica,2026-09-22,4,2026-09-18T00:00:00+00:00,19.2,17.3,18.3,100.0,0.0,0.0,0.0,0.0,below_30,Уобичајена температура,GREEN,100.0,2026-09-22T12:00:00+00:00,11,17,11–17 h,6,GEFS | ICON-EU EPS,31,40,EXPERIMENTAL / NOT CALIBRATED,100.0,100.0,0.0,0.0,0.0,0.0,0.0,0.0,0.0,0.0,3077,Orahovica,Orahovica
3085,Orebić,Orebić,Orebić,2026-09-22,4,2026-09-18T00:00:00+00:00,24.6,22.9,23.7,100.0,0.0,0.0,0.0,0.0,below_30,Уобичајена температура,GREEN,100.0,2026-09-22T12:00:00+00:00,11,17,11–17 h,6,GEFS | ICON-EU EPS,31,40,EXPERIMENTAL / NOT CALIBRATED,100.0,100.0,0.0,0.0,0.0,0.0,0.0,0.0,0.0,0.0,3085,Orebić,Orebić
3093,Oriovac,Oriovac,Oriovac,2026-09-22,4,2026-09-18T00:00:00+00:00,20.1,19.5,19.8,100.0,0.0,0.0,0.0,0.0,below_30,Уобичајена температура,GREEN,100.0,2026-09-22T12:00:00+00:00,11,17,11–17 h,6,GEFS | ICON-EU EPS,31,40,EXPERIMENTAL / NOT CALIBRATED,100.0,100.0,0.0,0.0,0.0,0.0,0.0,0.0,0.0,0.0,3093,Oriovac,Oriovac
3107,Biskupija,Biskupija,Biskupija,2026-09-22,4,2026-09-18T00:00:00+00:00,21.2,19.2,20.2,100.0,0.0,0.0,0.0,0.0,below_30,Уобичајена температура,GREEN,100.0,2026-09-22T12:00:00+00:00,11,17,11–17 h,6,GEFS | ICON-EU EPS,31,40,EXPERIMENTAL / NOT CALIBRATED,100.0,100.0,0.0,0.0,0.0,0.0,0.0,0.0,0.0,0.0,3107,Biskupija,Biskupija
3115,Oroslavje,Oroslavje,Oroslavje,2026-09-22,4,2026-09-18T00:00:00+00:00,20.6,19.7,20.1,100.0,0.0,0.0,0.0,0.0,below_30,Уобичајена температура,GREEN,100.0,2026-09-22T12:00:00+00:00,11,17,11–17 h,6,GEFS | ICON-EU EPS,31,40,EXPERIMENTAL / NOT CALIBRATED,100.0,100.0,0.0,0.0,0.0,0.0,0.0,0.0,0.0,0.0,3115,Oroslavje,Oroslavje
3123,Osijek,Osijek,Osijek,2026-09-22,4,2026-09-18T00:00:00+00:00,20.7,19.7,20.2,100.0,0.0,0.0,0.0,0.0,below_30,Уобичајена температура,GREEN,100.0,2026-09-22T12:00:00+00:00,11,17,11–17 h,6,GEFS | ICON-EU EPS,31,40,EXPERIMENTAL / NOT CALIBRATED,100.0,100.0,0.0,0.0,0.0,0.0,0.0,0.0,0.0,0.0,3123,Osijek,Osijek
3131,Otočac,Otočac,Otočac,2026-09-22,4,2026-09-18T00:00:00+00:00,17.4,17.7,17.5,100.0,0.0,0.0,0.0,0.0,below_30,Уобичајена температура,GREEN,100.0,2026-09-22T12:00:00+00:00,11,17,11–17 h,6,GEFS | ICON-EU EPS,31,40,EXPERIMENTAL / NOT CALIBRATED,100.0,100.0,0.0,0.0,0.0,0.0,0.0,0.0,0.0,0.0,3131,Otočac,Otočac
3140,Otok,Otok,Otok,2026-09-22,4,2026-09-18T00:00:00+00:00,20.1,15.5,17.8,100.0,0.0,0.0,0.0,0.0,below_30,Уобичајена температура,GREEN,100.0,2026-09-22T12:00:00+00:00,11,17,11–17 h,6,GEFS | ICON-EU EPS,31,40,EXPERIMENTAL / NOT CALIBRATED,100.0,100.0,0.0,0.0,0.0,0.0,0.0,0.0,0.0,0.0,3140,Otok,Otok
3158,Ozalj,Ozalj,Ozalj,2026-09-22,4,2026-09-18T00:00:00+00:00,19.1,17.7,18.4,100.0,0.0,0.0,0.0,0.0,below_30,Уобичајена температура,GREEN,100.0,2026-09-22T12:00:00+00:00,11,17,11–17 h,6,GEFS | ICON-EU EPS,31,40,EXPERIMENTAL / NOT CALIBRATED,100.0,100.0,0.0,0.0,0.0,0.0,0.0,0.0,0.0,0.0,3158,Ozalj,Ozalj
3166,Pag,Pag,Pag,2026-09-22,4,2026-09-18T00:00:00+00:00,20.7,21.8,21.2,100.0,0.0,0.0,0.0,0.0,below_30,Уобичајена температура,GREEN,100.0,2026-09-22T12:00:00+00:00,11,17,11–17 h,6,GEFS | ICON-EU EPS,31,40,EXPERIMENTAL / NOT CALIBRATED,100.0,100.0,0.0,0.0,0.0,0.0,0.0,0.0,0.0,0.0,3166,Pag,Pag
3174,Pakoštane,Pakoštane,Pakoštane,2026-09-22,4,2026-09-18T00:00:00+00:00,24.5,23.6,24.0,100.0,0.0,0.0,0.0,0.0,below_30,Уобичајена температура,GREEN,100.0,2026-09-22T12:00:00+00:00,11,17,11–17 h,6,GEFS | ICON-EU EPS,31,40,EXPERIMENTAL / NOT CALIBRATED,100.0,100.0,0.0,0.0,0.0,0.0,0.0,0.0,0.0,0.0,3174,Pakoštane,Pakoštane
3182,Pakrac,Pakrac,Pakrac,2026-09-22,4,2026-09-18T00:00:00+00:00,19.2,15.9,17.6,100.0,0.0,0.0,0.0,0.0,below_30,Уобичајена температура,GREEN,100.0,2026-09-22T12:00:00+00:00,11,17,11–17 h,6,GEFS | ICON-EU EPS,31,40,EXPERIMENTAL / NOT CALIBRATED,100.0,100.0,0.0,0.0,0.0,0.0,0.0,0.0,0.0,0.0,3182,Pakrac,Pakrac
3204,Pašman,Pašman,Pašman,2026-09-22,4,2026-09-18T00:00:00+00:00,23.2,22.7,23.0,100.0,0.0,0.0,0.0,0.0,below_30,Уобичајена температура,GREEN,100.0,2026-09-22T12:00:00+00:00,11,17,11–17 h,6,GEFS | ICON-EU EPS,31,40,EXPERIMENTAL / NOT CALIBRATED,100.0,100.0,0.0,0.0,0.0,0.0,0.0,0.0,0.0,0.0,3204,Pašman,Pašman
3212,Pazin,Pazin,Pazin,2026-09-22,4,2026-09-18T00:00:00+00:00,22.5,21.2,21.8,100.0,0.0,0.0,0.0,0.0,below_30,Уобичајена температура,GREEN,100.0,2026-09-22T12:00:00+00:00,11,17,11–17 h,6,GEFS | ICON-EU EPS,31,40,EXPERIMENTAL / NOT CALIBRATED,100.0,100.0,0.0,0.0,0.0,0.0,0.0,0.0,0.0,0.0,3212,Pazin,Pazin
3239,Perušić,Perušić,Perušić,2026-09-22,4,2026-09-18T00:00:00+00:00,17.6,16.8,17.2,100.0,0.0,0.0,0.0,0.0,below_30,Уобичајена температура,GREEN,100.0,2026-09-22T12:00:00+00:00,11,17,11–17 h,6,GEFS | ICON-EU EPS,31,40,EXPERIMENTAL / NOT CALIBRATED,100.0,100.0,0.0,0.0,0.0,0.0,0.0,0.0,0.0,0.0,3239,Perušić,Perušić
3247,Peteranec,Peteranec,Peteranec,2026-09-22,4,2026-09-18T00:00:00+00:00,20.0,19.5,19.8,100.0,0.0,0.0,0.0,0.0,below_30,Уобичајена температура,GREEN,100.0,2026-09-22T12:00:00+00:00,11,17,11–17 h,6,GEFS | ICON-EU EPS,31,40,EXPERIMENTAL / NOT CALIBRATED,100.0,100.0,0.0,0.0,0.0,0.0,0.0,0.0,0.0,0.0,3247,Peteranec,Peteranec
3255,Petlovac,Petlovac,Petlovac,2026-09-22,4,2026-09-18T00:00:00+00:00,20.6,19.5,20.0,100.0,0.0,0.0,0.0,0.0,below_30,Уобичајена температура,GREEN,100.0,2026-09-22T12:00:00+00:00,11,17,11–17 h,6,GEFS | ICON-EU EPS,31,40,EXPERIMENTAL / NOT CALIBRATED,100.0,100.0,0.0,0.0,0.0,0.0,0.0,0.0,0.0,0.0,3255,Petlovac,Petlovac
3263,Petrijanec,Petrijanec,Petrijanec,2026-09-22,4,2026-09-18T00:00:00+00:00,19.6,19.3,19.5,100.0,0.0,0.0,0.0,0.0,below_30,Уобичајена температура,GREEN,100.0,2026-09-22T12:00:00+00:00,11,17,11–17 h,6,GEFS | ICON-EU EPS,31,40,EXPERIMENTAL / NOT CALIBRATED,100.0,100.0,0.0,0.0,0.0,0.0,0.0,0.0,0.0,0.0,3263,Petrijanec,Petrijanec
3271,Petrijevci,Petrijevci,Petrijevci,2026-09-22,4,2026-09-18T00:00:00+00:00,20.7,19.5,20.1,100.0,0.0,0.0,0.0,0.0,below_30,Уобичајена температура,GREEN,100.0,2026-09-22T12:00:00+00:00,11,17,11–17 h,6,GEFS | ICON-EU EPS,31,40,EXPERIMENTAL / NOT CALIBRATED,100.0,100.0,0.0,0.0,0.0,0.0,0.0,0.0,0.0,0.0,3271,Petrijevci,Petrijevci
3280,Petrinja,Petrinja,Petrinja,2026-09-22,4,2026-09-18T00:00:00+00:00,20.6,19.6,20.1,100.0,0.0,0.0,0.0,0.0,below_30,Уобичајена температура,GREEN,100.0,2026-09-22T12:00:00+00:00,11,17,11–17 h,6,GEFS | ICON-EU EPS,31,40,EXPERIMENTAL / NOT CALIBRATED,100.0,100.0,0.0,0.0,0.0,0.0,0.0,0.0,0.0,0.0,3280,Petrinja,Petrinja
3298,Petrovsko,Petrovsko,Petrovsko,2026-09-22,4,2026-09-18T00:00:00+00:00,20.0,19.3,19.6,100.0,0.0,0.0,0.0,0.0,below_30,Уобичајена температура,GREEN,100.0,2026-09-22T12:00:00+00:00,11,17,11–17 h,6,GEFS | ICON-EU EPS,31,40,EXPERIMENTAL / NOT CALIBRATED,100.0,100.0,0.0,0.0,0.0,0.0,0.0,0.0,0.0,0.0,3298,Petrovsko,Petrovsko
3301,Pićan,Pićan,Pićan,2026-09-22,4,2026-09-18T00:00:00+00:00,22.5,21.6,22.1,100.0,0.0,0.0,0.0,0.0,below_30,Уобичајена температура,GREEN,100.0,2026-09-22T12:00:00+00:00,11,17,11–17 h,6,GEFS | ICON-EU EPS,31,40,EXPERIMENTAL / NOT CALIBRATED,100.0,100.0,0.0,0.0,0.0,0.0,0.0,0.0,0.0,0.0,3301,Pićan,Pićan
3310,Pisarovina,Pisarovina,Pisarovina,2026-09-22,4,2026-09-18T00:00:00+00:00,20.7,19.7,20.2,100.0,0.0,0.0,0.0,0.0,below_30,Уобичајена температура,GREEN,100.0,2026-09-22T12:00:00+00:00,11,17,11–17 h,6,GEFS | ICON-EU EPS,31,40,EXPERIMENTAL / NOT CALIBRATED,100.0,100.0,0.0,0.0,0.0,0.0,0.0,0.0,0.0,0.0,3310,Pisarovina,Pisarovina
3328,Pitomača,Pitomača,Pitomača,2026-09-22,4,2026-09-18T00:00:00+00:00,19.9,19.1,19.5,100.0,0.0,0.0,0.0,0.0,below_30,Уобичајена температура,GREEN,100.0,2026-09-22T12:00:00+00:00,11,17,11–17 h,6,GEFS | ICON-EU EPS,31,40,EXPERIMENTAL / NOT CALIBRATED,100.0,100.0,0.0,0.0,0.0,0.0,0.0,0.0,0.0,0.0,3328,Pitomača,Pitomača
3336,Plaški,Plaški,Plaški,2026-09-22,4,2026-09-18T00:00:00+00:00,17.4,16.6,17.0,100.0,0.0,0.0,0.0,0.0,below_30,Уобичајена температура,GREEN,100.0,2026-09-22T12:00:00+00:00,11,17,11–17 h,6,GEFS | ICON-EU EPS,31,40,EXPERIMENTAL / NOT CALIBRATED,100.0,100.0,0.0,0.0,0.0,0.0,0.0,0.0,0.0,0.0,3336,Plaški,Plaški
3344,Pleternica,Pleternica,Pleternica,2026-09-22,4,2026-09-18T00:00:00+00:00,20.1,19.0,19.5,100.0,0.0,0.0,0.0,0.0,below_30,Уобичајена температура,GREEN,100.0,2026-09-22T12:00:00+00:00,11,17,11–17 h,6,GEFS | ICON-EU EPS,31,40,EXPERIMENTAL / NOT CALIBRATED,100.0,100.0,0.0,0.0,0.0,0.0,0.0,0.0,0.0,0.0,3344,Pleternica,Pleternica
3352,Ploče,Ploče,Ploče,2026-09-22,4,2026-09-18T00:00:00+00:00,26.0,23.6,24.8,100.0,0.0,0.0,0.0,0.0,below_30,Уобичајена температура,GREEN,100.0,2026-09-22T12:00:00+00:00,11,17,11–17 h,6,GEFS | ICON-EU EPS,31,40,EXPERIMENTAL / NOT CALIBRATED,100.0,100.0,0.0,0.0,0.0,0.0,0.0,0.0,0.0,0.0,3352,Ploče,Ploče
3379,Podbablje,Podbablje,Podbablje,2026-09-22,4,2026-09-18T00:00:00+00:00,20.1,18.7,19.4,100.0,0.0,0.0,0.0,0.0,below_30,Уобичајена температура,GREEN,100.0,2026-09-22T12:00:00+00:00,11,17,11–17 h,6,GEFS | ICON-EU EPS,31,40,EXPERIMENTAL / NOT CALIBRATED,100.0,100.0,0.0,0.0,0.0,0.0,0.0,0.0,0.0,0.0,3379,Podbablje,Podbablje
3387,Podcrkavlje,Podcrkavlje,Podcrkavlje,2026-09-22,4,2026-09-18T00:00:00+00:00,20.2,18.9,19.6,100.0,0.0,0.0,0.0,0.0,below_30,Уобичајена температура,GREEN,100.0,2026-09-22T12:00:00+00:00,11,17,11–17 h,6,GEFS | ICON-EU EPS,31,40,EXPERIMENTAL / NOT CALIBRATED,100.0,100.0,0.0,0.0,0.0,0.0,0.0,0.0,0.0,0.0,3387,Podcrkavlje,Podcrkavlje
3395,Podgora,Podgora,Podgora,2026-09-22,4,2026-09-18T00:00:00+00:00,23.6,20.4,22.0,100.0,0.0,0.0,0.0,0.0,below_30,Уобичајена температура,GREEN,100.0,2026-09-22T12:00:00+00:00,11,17,11–17 h,6,GEFS | ICON-EU EPS,31,40,EXPERIMENTAL / NOT CALIBRATED,100.0,100.0,0.0,0.0,0.0,0.0,0.0,0.0,0.0,0.0,3395,Podgora,Podgora
3409,Podgorač,Podgorač,Podgorač,2026-09-22,4,2026-09-18T00:00:00+00:00,20.6,19.5,20.1,100.0,0.0,0.0,0.0,0.0,below_30,Уобичајена температура,GREEN,100.0,2026-09-22T12:00:00+00:00,11,17,11–17 h,6,GEFS | ICON-EU EPS,31,40,EXPERIMENTAL / NOT CALIBRATED,100.0,100.0,0.0,0.0,0.0,0.0,0.0,0.0,0.0,0.0,3409,Podgorač,Podgorač
3417,Podstrana,Podstrana,Podstrana,2026-09-22,4,2026-09-18T00:00:00+00:00,24.1,21.8,22.9,100.0,0.0,0.0,0.0,0.0,below_30,Уобичајена температура,GREEN,100.0,2026-09-22T12:00:00+00:00,11,17,11–17 h,6,GEFS | ICON-EU EPS,31,40,EXPERIMENTAL / NOT CALIBRATED,100.0,100.0,0.0,0.0,0.0,0.0,0.0,0.0,0.0,0.0,3417,Podstrana,Podstrana
3425,Podturen,Podturen,Podturen,2026-09-22,4,2026-09-18T00:00:00+00:00,19.5,19.0,19.2,100.0,0.0,0.0,0.0,0.0,below_30,Уобичајена температура,GREEN,100.0,2026-09-22T12:00:00+00:00,11,17,11–17 h,6,GEFS | ICON-EU EPS,31,40,EXPERIMENTAL / NOT CALIBRATED,100.0,100.0,0.0,0.0,0.0,0.0,0.0,0.0,0.0,0.0,3425,Podturen,Podturen
3433,Pojezerje,Pojezerje,Pojezerje,2026-09-22,4,2026-09-18T00:00:00+00:00,24.0,23.5,23.7,100.0,0.0,0.0,0.0,0.0,below_30,Уобичајена температура,GREEN,100.0,2026-09-22T12:00:00+00:00,11,17,11–17 h,6,GEFS | ICON-EU EPS,31,40,EXPERIMENTAL / NOT CALIBRATED,100.0,100.0,0.0,0.0,0.0,0.0,0.0,0.0,0.0,0.0,3433,Pojezerje,Pojezerje
3441,Polača,Polača,Polača,2026-09-22,4,2026-09-18T00:00:00+00:00,24.5,22.8,23.6,100.0,0.0,0.0,0.0,0.0,below_30,Уобичајена температура,GREEN,100.0,2026-09-22T12:00:00+00:00,11,17,11–17 h,6,GEFS | ICON-EU EPS,31,40,EXPERIMENTAL / NOT CALIBRATED,100.0,100.0,0.0,0.0,0.0,0.0,0.0,0.0,0.0,0.0,3441,Polača,Polača
3450,Poličnik,Poličnik,Poličnik,2026-09-22,4,2026-09-18T00:00:00+00:00,22.0,22.7,22.3,100.0,0.0,0.0,0.0,0.0,below_30,Уобичајена температура,GREEN,100.0,2026-09-22T12:00:00+00:00,11,17,11–17 h,6,GEFS | ICON-EU EPS,31,40,EXPERIMENTAL / NOT CALIBRATED,100.0,100.0,0.0,0.0,0.0,0.0,0.0,0.0,0.0,0.0,3450,Poličnik,Poličnik
3468,Popovac,Popovac,Popovac,2026-09-22,4,2026-09-18T00:00:00+00:00,20.5,19.4,19.9,100.0,0.0,0.0,0.0,0.0,below_30,Уобичајена температура,GREEN,100.0,2026-09-22T12:00:00+00:00,11,17,11–17 h,6,GEFS | ICON-EU EPS,31,40,EXPERIMENTAL / NOT CALIBRATED,100.0,100.0,0.0,0.0,0.0,0.0,0.0,0.0,0.0,0.0,3468,Popovac,Popovac
3476,Popovača,Popovača,Popovača,2026-09-22,4,2026-09-18T00:00:00+00:00,20.4,19.6,20.0,100.0,0.0,0.0,0.0,0.0,below_30,Уобичајена температура,GREEN,100.0,2026-09-22T12:00:00+00:00,11,17,11–17 h,6,GEFS | ICON-EU EPS,31,40,EXPERIMENTAL / NOT CALIBRATED,100.0,100.0,0.0,0.0,0.0,0.0,0.0,0.0,0.0,0.0,3476,Popovača,Popovača
3484,Poreč - Parenzo,Poreč - Parenzo,Poreč - Parenzo,2026-09-22,4,2026-09-18T00:00:00+00:00,23.4,23.5,23.5,100.0,0.0,0.0,0.0,0.0,below_30,Уобичајена температура,GREEN,100.0,2026-09-22T12:00:00+00:00,11,17,11–17 h,6,GEFS | ICON-EU EPS,31,40,EXPERIMENTAL / NOT CALIBRATED,100.0,100.0,0.0,0.0,0.0,0.0,0.0,0.0,0.0,0.0,3484,Poreč - Parenzo,Poreč - Parenzo
3492,Posedarje,Posedarje,Posedarje,2026-09-22,4,2026-09-18T00:00:00+00:00,21.7,22.7,22.2,100.0,0.0,0.0,0.0,0.0,below_30,Уобичајена температура,GREEN,100.0,2026-09-22T12:00:00+00:00,11,17,11–17 h,6,GEFS | ICON-EU EPS,31,40,EXPERIMENTAL / NOT CALIBRATED,100.0,100.0,0.0,0.0,0.0,0.0,0.0,0.0,0.0,0.0,3492,Posedarje,Posedarje
3506,Postira,Postira,Postira,2026-09-22,4,2026-09-18T00:00:00+00:00,24.0,21.5,22.8,100.0,0.0,0.0,0.0,0.0,below_30,Уобичајена температура,GREEN,100.0,2026-09-22T12:00:00+00:00,11,17,11–17 h,6,GEFS | ICON-EU EPS,31,40,EXPERIMENTAL / NOT CALIBRATED,100.0,100.0,0.0,0.0,0.0,0.0,0.0,0.0,0.0,0.0,3506,Postira,Postira
3514,Požega,Požega,Požega,2026-09-22,4,2026-09-18T00:00:00+00:00,20.1,18.1,19.1,100.0,0.0,0.0,0.0,0.0,below_30,Уобичајена температура,GREEN,100.0,2026-09-22T12:00:00+00:00,11,17,11–17 h,6,GEFS | ICON-EU EPS,31,40,EXPERIMENTAL / NOT CALIBRATED,100.0,100.0,0.0,0.0,0.0,0.0,0.0,0.0,0.0,0.0,3514,Požega,Požega
3522,Pregrada,Pregrada,Pregrada,2026-09-22,4,2026-09-18T00:00:00+00:00,20.0,19.3,19.6,100.0,0.0,0.0,0.0,0.0,below_30,Уобичајена температура,GREEN,100.0,2026-09-22T12:00:00+00:00,11,17,11–17 h,6,GEFS | ICON-EU EPS,31,40,EXPERIMENTAL / NOT CALIBRATED,100.0,100.0,0.0,0.0,0.0,0.0,0.0,0.0,0.0,0.0,3522,Pregrada,Pregrada
3549,Preko,Preko,Preko,2026-09-22,4,2026-09-18T00:00:00+00:00,22.9,22.7,22.8,100.0,0.0,0.0,0.0,0.0,below_30,Уобичајена температура,GREEN,100.0,2026-09-22T12:00:00+00:00,11,17,11–17 h,6,GEFS | ICON-EU EPS,31,40,EXPERIMENTAL / NOT CALIBRATED,100.0,100.0,0.0,0.0,0.0,0.0,0.0,0.0,0.0,0.0,3549,Preko,Preko
3557,Prelog,Prelog,Prelog,2026-09-22,4,2026-09-18T00:00:00+00:00,19.9,19.6,19.8,100.0,0.0,0.0,0.0,0.0,below_30,Уобичајена температура,GREEN,100.0,2026-09-22T12:00:00+00:00,11,17,11–17 h,6,GEFS | ICON-EU EPS,31,40,EXPERIMENTAL / NOT CALIBRATED,100.0,100.0,0.0,0.0,0.0,0.0,0.0,0.0,0.0,0.0,3557,Prelog,Prelog
3565,Preseka,Preseka,Preseka,2026-09-22,4,2026-09-18T00:00:00+00:00,20.2,19.6,19.9,100.0,0.0,0.0,0.0,0.0,below_30,Уобичајена температура,GREEN,100.0,2026-09-22T12:00:00+00:00,11,17,11–17 h,6,GEFS | ICON-EU EPS,31,40,EXPERIMENTAL / NOT CALIBRATED,100.0,100.0,0.0,0.0,0.0,0.0,0.0,0.0,0.0,0.0,3565,Preseka,Preseka
3573,Primošten,Primošten,Primošten,2026-09-22,4,2026-09-18T00:00:00+00:00,23.6,23.2,23.4,100.0,0.0,0.0,0.0,0.0,below_30,Уобичајена температура,GREEN,100.0,2026-09-22T12:00:00+00:00,11,17,11–17 h,6,GEFS | ICON-EU EPS,31,40,EXPERIMENTAL / NOT CALIBRATED,100.0,100.0,0.0,0.0,0.0,0.0,0.0,0.0,0.0,0.0,3573,Primošten,Primošten
3581,Pučišća,Pučišća,Pučišća,2026-09-22,4,2026-09-18T00:00:00+00:00,24.0,21.5,22.8,100.0,0.0,0.0,0.0,0.0,below_30,Уобичајена температура,GREEN,100.0,2026-09-22T12:00:00+00:00,11,17,11–17 h,6,GEFS | ICON-EU EPS,31,40,EXPERIMENTAL / NOT CALIBRATED,100.0,100.0,0.0,0.0,0.0,0.0,0.0,0.0,0.0,0.0,3581,Pučišća,Pučišća
3590,Pula - Pola,Pula - Pola,Pula - Pola,2026-09-22,4,2026-09-18T00:00:00+00:00,22.5,22.4,22.5,100.0,0.0,0.0,0.0,0.0,below_30,Уобичајена температура,GREEN,100.0,2026-09-22T12:00:00+00:00,11,17,11–17 h,6,GEFS | ICON-EU EPS,31,40,EXPERIMENTAL / NOT CALIBRATED,100.0,100.0,0.0,0.0,0.0,0.0,0.0,0.0,0.0,0.0,3590,Pula - Pola,Pula - Pola
3603,Punat,Punat,Punat,2026-09-22,4,2026-09-18T00:00:00+00:00,19.8,21.7,20.8,100.0,0.0,0.0,0.0,0.0,below_30,Уобичајена температура,GREEN,100.0,2026-09-22T12:00:00+00:00,11,17,11–17 h,6,GEFS | ICON-EU EPS,31,40,EXPERIMENTAL / NOT CALIBRATED,100.0,100.0,0.0,0.0,0.0,0.0,0.0,0.0,0.0,0.0,3603,Punat,Punat
3611,Punitovci,Punitovci,Punitovci,2026-09-22,4,2026-09-18T00:00:00+00:00,20.7,19.6,20.2,100.0,0.0,0.0,0.0,0.0,below_30,Уобичајена температура,GREEN,100.0,2026-09-22T12:00:00+00:00,11,17,11–17 h,6,GEFS | ICON-EU EPS,31,40,EXPERIMENTAL / NOT CALIBRATED,100.0,100.0,0.0,0.0,0.0,0.0,0.0,0.0,0.0,0.0,3611,Punitovci,Punitovci
3620,Pušća,Pušća,Pušća,2026-09-22,4,2026-09-18T00:00:00+00:00,19.5,19.6,19.5,100.0,0.0,0.0,0.0,0.0,below_30,Уобичајена температура,GREEN,100.0,2026-09-22T12:00:00+00:00,11,17,11–17 h,6,GEFS | ICON-EU EPS,31,40,EXPERIMENTAL / NOT CALIBRATED,100.0,100.0,0.0,0.0,0.0,0.0,0.0,0.0,0.0,0.0,3620,Pušća,Pušća
3638,Rab,Rab,Rab,2026-09-22,4,2026-09-18T00:00:00+00:00,20.9,22.8,21.8,100.0,0.0,0.0,0.0,0.0,below_30,Уобичајена температура,GREEN,100.0,2026-09-22T12:00:00+00:00,11,17,11–17 h,6,GEFS | ICON-EU EPS,31,40,EXPERIMENTAL / NOT CALIBRATED,100.0,100.0,0.0,0.0,0.0,0.0,0.0,0.0,0.0,0.0,3638,Rab,Rab
3646,Radoboj,Radoboj,Radoboj,2026-09-22,4,2026-09-18T00:00:00+00:00,20.1,19.3,19.7,100.0,0.0,0.0,0.0,0.0,below_30,Уобичајена температура,GREEN,100.0,2026-09-22T12:00:00+00:00,11,17,11–17 h,6,GEFS | ICON-EU EPS,31,40,EXPERIMENTAL / NOT CALIBRATED,100.0,100.0,0.0,0.0,0.0,0.0,0.0,0.0,0.0,0.0,3646,Radoboj,Radoboj
3654,Rakovica,Rakovica,Rakovica,2026-09-22,4,2026-09-18T00:00:00+00:00,18.3,17.8,18.0,100.0,0.0,0.0,0.0,0.0,below_30,Уобичајена температура,GREEN,100.0,2026-09-22T12:00:00+00:00,11,17,11–17 h,6,GEFS | ICON-EU EPS,31,40,EXPERIMENTAL / NOT CALIBRATED,100.0,100.0,0.0,0.0,0.0,0.0,0.0,0.0,0.0,0.0,3654,Rakovica,Rakovica
3662,Rasinja,Rasinja,Rasinja,2026-09-22,4,2026-09-18T00:00:00+00:00,19.9,19.1,19.5,100.0,0.0,0.0,0.0,0.0,below_30,Уобичајена температура,GREEN,100.0,2026-09-22T12:00:00+00:00,11,17,11–17 h,6,GEFS | ICON-EU EPS,31,40,EXPERIMENTAL / NOT CALIBRATED,100.0,100.0,0.0,0.0,0.0,0.0,0.0,0.0,0.0,0.0,3662,Rasinja,Rasinja
3689,Raša,Raša,Raša,2026-09-22,4,2026-09-18T00:00:00+00:00,22.0,21.3,21.6,100.0,0.0,0.0,0.0,0.0,below_30,Уобичајена температура,GREEN,100.0,2026-09-22T12:00:00+00:00,11,17,11–17 h,6,GEFS | ICON-EU EPS,31,40,EXPERIMENTAL / NOT CALIBRATED,100.0,100.0,0.0,0.0,0.0,0.0,0.0,0.0,0.0,0.0,3689,Raša,Raša
3697,Ravna Gora,Ravna Gora,Ravna Gora,2026-09-22,4,2026-09-18T00:00:00+00:00,17.1,13.2,15.1,100.0,0.0,0.0,0.0,0.0,below_30,Уобичајена температура,GREEN,100.0,2026-09-22T12:00:00+00:00,11,17,11–17 h,6,GEFS | ICON-EU EPS,31,40,EXPERIMENTAL / NOT CALIBRATED,100.0,100.0,0.0,0.0,0.0,0.0,0.0,0.0,0.0,0.0,3697,Ravna Gora,Ravna Gora
3719,Ražanac,Ražanac,Ražanac,2026-09-22,4,2026-09-18T00:00:00+00:00,22.0,22.5,22.2,100.0,0.0,0.0,0.0,0.0,below_30,Уобичајена температура,GREEN,100.0,2026-09-22T12:00:00+00:00,11,17,11–17 h,6,GEFS | ICON-EU EPS,31,40,EXPERIMENTAL / NOT CALIBRATED,100.0,100.0,0.0,0.0,0.0,0.0,0.0,0.0,0.0,0.0,3719,Ražanac,Ražanac
3727,Rešetari,Rešetari,Rešetari,2026-09-22,4,2026-09-18T00:00:00+00:00,19.9,19.0,19.5,100.0,0.0,0.0,0.0,0.0,below_30,Уобичајена температура,GREEN,100.0,2026-09-22T12:00:00+00:00,11,17,11–17 h,6,GEFS | ICON-EU EPS,31,40,EXPERIMENTAL / NOT CALIBRATED,100.0,100.0,0.0,0.0,0.0,0.0,0.0,0.0,0.0,0.0,3727,Rešetari,Rešetari
3735,Rijeka,Rijeka,Rijeka,2026-09-22,4,2026-09-18T00:00:00+00:00,19.0,20.7,19.8,100.0,0.0,0.0,0.0,0.0,below_30,Уобичајена температура,GREEN,100.0,2026-09-22T12:00:00+00:00,11,17,11–17 h,6,GEFS | ICON-EU EPS,31,40,EXPERIMENTAL / NOT CALIBRATED,100.0,100.0,0.0,0.0,0.0,0.0,0.0,0.0,0.0,0.0,3735,Rijeka,Rijeka
3743,Rovinj - Rovigno,Rovinj - Rovigno,Rovinj - Rovigno,2026-09-22,4,2026-09-18T00:00:00+00:00,22.5,23.0,22.8,100.0,0.0,0.0,0.0,0.0,below_30,Уобичајена температура,GREEN,100.0,2026-09-22T12:00:00+00:00,11,17,11–17 h,6,GEFS | ICON-EU EPS,31,40,EXPERIMENTAL / NOT CALIBRATED,100.0,100.0,0.0,0.0,0.0,0.0,0.0,0.0,0.0,0.0,3743,Rovinj - Rovigno,Rovinj - Rovigno
3751,Rovišće,Rovišće,Rovišće,2026-09-22,4,2026-09-18T00:00:00+00:00,20.4,19.3,19.8,100.0,0.0,0.0,0.0,0.0,below_30,Уобичајена температура,GREEN,100.0,2026-09-22T12:00:00+00:00,11,17,11–17 h,6,GEFS | ICON-EU EPS,31,40,EXPERIMENTAL / NOT CALIBRATED,100.0,100.0,0.0,0.0,0.0,0.0,0.0,0.0,0.0,0.0,3751,Rovišće,Rovišće
3760,Rugvica,Rugvica,Rugvica,2026-09-22,4,2026-09-18T00:00:00+00:00,20.8,19.7,20.3,100.0,0.0,0.0,0.0,0.0,below_30,Уобичајена температура,GREEN,100.0,2026-09-22T12:00:00+00:00,11,17,11–17 h,6,GEFS | ICON-EU EPS,31,40,EXPERIMENTAL / NOT CALIBRATED,100.0,100.0,0.0,0.0,0.0,0.0,0.0,0.0,0.0,0.0,3760,Rugvica,Rugvica
3778,Ružić,Ružić,Ružić,2026-09-22,4,2026-09-18T00:00:00+00:00,23.3,19.6,21.4,100.0,0.0,0.0,0.0,0.0,below_30,Уобичајена температура,GREEN,100.0,2026-09-22T12:00:00+00:00,11,17,11–17 h,6,GEFS | ICON-EU EPS,31,40,EXPERIMENTAL / NOT CALIBRATED,100.0,100.0,0.0,0.0,0.0,0.0,0.0,0.0,0.0,0.0,3778,Ružić,Ružić
3786,Saborsko,Saborsko,Saborsko,2026-09-22,4,2026-09-18T00:00:00+00:00,17.7,16.6,17.1,100.0,0.0,0.0,0.0,0.0,below_30,Уобичајена температура,GREEN,100.0,2026-09-22T12:00:00+00:00,11,17,11–17 h,6,GEFS | ICON-EU EPS,31,40,EXPERIMENTAL / NOT CALIBRATED,100.0,100.0,0.0,0.0,0.0,0.0,0.0,0.0,0.0,0.0,3786,Saborsko,Saborsko
3794,Sali,Sali,Sali,2026-09-22,4,2026-09-18T00:00:00+00:00,22.9,22.8,22.8,100.0,0.0,0.0,0.0,0.0,below_30,Уобичајена температура,GREEN,100.0,2026-09-22T00:00:00+00:00,11,17,11–17 h,6,GEFS | ICON-EU EPS,31,40,EXPERIMENTAL / NOT CALIBRATED,100.0,100.0,0.0,0.0,0.0,0.0,0.0,0.0,0.0,0.0,3794,Sali,Sali
3808,Samobor,Samobor,Samobor,2026-09-22,4,2026-09-18T00:00:00+00:00,19.6,19.4,19.5,100.0,0.0,0.0,0.0,0.0,below_30,Уобичајена температура,GREEN,100.0,2026-09-22T12:00:00+00:00,11,17,11–17 h,6,GEFS | ICON-EU EPS,31,40,EXPERIMENTAL / NOT CALIBRATED,100.0,100.0,0.0,0.0,0.0,0.0,0.0,0.0,0.0,0.0,3808,Samobor,Samobor
3816,Satnica Đakovačka,Satnica Đakovačka,Satnica Đakovačka,2026-09-22,4,2026-09-18T00:00:00+00:00,20.5,19.2,19.8,100.0,0.0,0.0,0.0,0.0,below_30,Уобичајена температура,GREEN,100.0,2026-09-22T12:00:00+00:00,11,17,11–17 h,6,GEFS | ICON-EU EPS,31,40,EXPERIMENTAL / NOT CALIBRATED,100.0,100.0,0.0,0.0,0.0,0.0,0.0,0.0,0.0,0.0,3816,Satnica Đakovačka,Satnica Đakovačka
3824,Seget,Seget,Seget,2026-09-22,4,2026-09-18T00:00:00+00:00,23.9,23.3,23.6,100.0,0.0,0.0,0.0,0.0,below_30,Уобичајена температура,GREEN,100.0,2026-09-22T12:00:00+00:00,11,17,11–17 h,6,GEFS | ICON-EU EPS,31,40,EXPERIMENTAL / NOT CALIBRATED,100.0,100.0,0.0,0.0,0.0,0.0,0.0,0.0,0.0,0.0,3824,Seget,Seget
3832,Selca,Selca,Selca,2026-09-22,4,2026-09-18T00:00:00+00:00,24.0,24.1,24.1,100.0,0.0,0.0,0.0,0.0,below_30,Уобичајена температура,GREEN,100.0,2026-09-22T12:00:00+00:00,11,17,11–17 h,6,GEFS | ICON-EU EPS,31,40,EXPERIMENTAL / NOT CALIBRATED,100.0,100.0,0.0,0.0,0.0,0.0,0.0,0.0,0.0,0.0,3832,Selca,Selca
3859,Selnica,Selnica,Selnica,2026-09-22,4,2026-09-18T00:00:00+00:00,19.5,19.0,19.2,100.0,0.0,0.0,0.0,0.0,below_30,Уобичајена температура,GREEN,100.0,2026-09-22T12:00:00+00:00,11,17,11–17 h,6,GEFS | ICON-EU EPS,31,40,EXPERIMENTAL / NOT CALIBRATED,100.0,100.0,0.0,0.0,0.0,0.0,0.0,0.0,0.0,0.0,3859,Selnica,Selnica
3867,Semeljci,Semeljci,Semeljci,2026-09-22,4,2026-09-18T00:00:00+00:00,20.7,19.7,20.2,100.0,0.0,0.0,0.0,0.0,below_30,Уобичајена температура,GREEN,100.0,2026-09-22T12:00:00+00:00,11,17,11–17 h,6,GEFS | ICON-EU EPS,31,40,EXPERIMENTAL / NOT CALIBRATED,100.0,100.0,0.0,0.0,0.0,0.0,0.0,0.0,0.0,0.0,3867,Semeljci,Semeljci
3875,Senj,Senj,Senj,2026-09-22,4,2026-09-18T00:00:00+00:00,19.5,18.4,18.9,100.0,0.0,0.0,0.0,0.0,below_30,Уобичајена температура,GREEN,100.0,2026-09-22T12:00:00+00:00,11,17,11–17 h,6,GEFS | ICON-EU EPS,31,40,EXPERIMENTAL / NOT CALIBRATED,100.0,100.0,0.0,0.0,0.0,0.0,0.0,0.0,0.0,0.0,3875,Senj,Senj
3883,Sibinj,Sibinj,Sibinj,2026-09-22,4,2026-09-18T00:00:00+00:00,20.2,19.3,19.8,100.0,0.0,0.0,0.0,0.0,below_30,Уобичајена температура,GREEN,100.0,2026-09-22T12:00:00+00:00,11,17,11–17 h,6,GEFS | ICON-EU EPS,31,40,EXPERIMENTAL / NOT CALIBRATED,100.0,100.0,0.0,0.0,0.0,0.0,0.0,0.0,0.0,0.0,3883,Sibinj,Sibinj
3891,Sinj,Sinj,Sinj,2026-09-22,4,2026-09-18T00:00:00+00:00,20.1,18.9,19.5,100.0,0.0,0.0,0.0,0.0,below_30,Уобичајена температура,GREEN,100.0,2026-09-22T12:00:00+00:00,11,17,11–17 h,6,GEFS | ICON-EU EPS,31,40,EXPERIMENTAL / NOT CALIBRATED,100.0,100.0,0.0,0.0,0.0,0.0,0.0,0.0,0.0,0.0,3891,Sinj,Sinj
3905,Sirač,Sirač,Sirač,2026-09-22,4,2026-09-18T00:00:00+00:00,19.2,18.2,18.7,100.0,0.0,0.0,0.0,0.0,below_30,Уобичајена температура,GREEN,100.0,2026-09-22T12:00:00+00:00,11,17,11–17 h,6,GEFS | ICON-EU EPS,31,40,EXPERIMENTAL / NOT CALIBRATED,100.0,100.0,0.0,0.0,0.0,0.0,0.0,0.0,0.0,0.0,3905,Sirač,Sirač
3913,Sisak,Sisak,Sisak,2026-09-22,4,2026-09-18T00:00:00+00:00,20.2,19.8,20.0,100.0,0.0,0.0,0.0,0.0,below_30,Уобичајена температура,GREEN,100.0,2026-09-22T12:00:00+00:00,11,17,11–17 h,6,GEFS | ICON-EU EPS,31,40,EXPERIMENTAL / NOT CALIBRATED,100.0,100.0,0.0,0.0,0.0,0.0,0.0,0.0,0.0,0.0,3913,Sisak,Sisak
3930,Skrad,Skrad,Skrad,2026-09-22,4,2026-09-18T00:00:00+00:00,17.5,16.3,16.9,100.0,0.0,0.0,0.0,0.0,below_30,Уобичајена температура,GREEN,100.0,2026-09-22T12:00:00+00:00,11,17,11–17 h,6,GEFS | ICON-EU EPS,31,40,EXPERIMENTAL / NOT CALIBRATED,100.0,100.0,0.0,0.0,0.0,0.0,0.0,0.0,0.0,0.0,3930,Skrad,Skrad
3948,Skradin,Skradin,Skradin,2026-09-22,4,2026-09-18T00:00:00+00:00,23.1,23.1,23.1,100.0,0.0,0.0,0.0,0.0,below_30,Уобичајена температура,GREEN,100.0,2026-09-22T12:00:00+00:00,11,17,11–17 h,6,GEFS | ICON-EU EPS,31,40,EXPERIMENTAL / NOT CALIBRATED,100.0,100.0,0.0,0.0,0.0,0.0,0.0,0.0,0.0,0.0,3948,Skradin,Skradin
3956,Slatina,Slatina,Slatina,2026-09-22,4,2026-09-18T00:00:00+00:00,20.1,19.2,19.6,100.0,0.0,0.0,0.0,0.0,below_30,Уобичајена температура,GREEN,100.0,2026-09-22T12:00:00+00:00,11,17,11–17 h,6,GEFS | ICON-EU EPS,31,40,EXPERIMENTAL / NOT CALIBRATED,100.0,100.0,0.0,0.0,0.0,0.0,0.0,0.0,0.0,0.0,3956,Slatina,Slatina
3964,Slavonski Brod,Slavonski Brod,Slavonski Brod,2026-09-22,4,2026-09-18T00:00:00+00:00,20.2,18.9,19.6,100.0,0.0,0.0,0.0,0.0,below_30,Уобичајена температура,GREEN,100.0,2026-09-22T12:00:00+00:00,11,17,11–17 h,6,GEFS | ICON-EU EPS,31,40,EXPERIMENTAL / NOT CALIBRATED,100.0,100.0,0.0,0.0,0.0,0.0,0.0,0.0,0.0,0.0,3964,Slavonski Brod,Slavonski Brod
3972,Slavonski Šamac,Slavonski Šamac,Slavonski Šamac,2026-09-22,4,2026-09-18T00:00:00+00:00,20.5,19.8,20.2,100.0,0.0,0.0,0.0,0.0,below_30,Уобичајена температура,GREEN,100.0,2026-09-22T12:00:00+00:00,11,17,11–17 h,6,GEFS | ICON-EU EPS,31,40,EXPERIMENTAL / NOT CALIBRATED,100.0,100.0,0.0,0.0,0.0,0.0,0.0,0.0,0.0,0.0,3972,Slavonski Šamac,Slavonski Šamac
3999,Slivno,Slivno,Slivno,2026-09-22,4,2026-09-18T00:00:00+00:00,26.0,23.6,24.8,100.0,0.0,0.0,0.0,0.0,below_30,Уобичајена температура,GREEN,100.0,2026-09-22T12:00:00+00:00,11,17,11–17 h,6,GEFS | ICON-EU EPS,31,40,EXPERIMENTAL / NOT CALIBRATED,100.0,100.0,0.0,0.0,0.0,0.0,0.0,0.0,0.0,0.0,3999,Slivno,Slivno
4006,Slunj,Slunj,Slunj,2026-09-22,4,2026-09-18T00:00:00+00:00,19.1,19.2,19.1,100.0,0.0,0.0,0.0,0.0,below_30,Уобичајена температура,GREEN,100.0,2026-09-22T12:00:00+00:00,11,17,11–17 h,6,GEFS | ICON-EU EPS,31,40,EXPERIMENTAL / NOT CALIBRATED,100.0,100.0,0.0,0.0,0.0,0.0,0.0,0.0,0.0,0.0,4006,Slunj,Slunj
4022,Smokvica,Smokvica,Smokvica,2026-09-22,4,2026-09-18T00:00:00+00:00,23.8,23.1,23.4,100.0,0.0,0.0,0.0,0.0,below_30,Уобичајена температура,GREEN,100.0,2026-09-22T12:00:00+00:00,11,17,11–17 h,6,GEFS | ICON-EU EPS,31,40,EXPERIMENTAL / NOT CALIBRATED,100.0,100.0,0.0,0.0,0.0,0.0,0.0,0.0,0.0,0.0,4022,Smokvica,Smokvica
4057,Sokolovac,Sokolovac,Sokolovac,2026-09-22,4,2026-09-18T00:00:00+00:00,20.4,18.8,19.6,100.0,0.0,0.0,0.0,0.0,below_30,Уобичајена температура,GREEN,100.0,2026-09-22T12:00:00+00:00,11,17,11–17 h,6,GEFS | ICON-EU EPS,31,40,EXPERIMENTAL / NOT CALIBRATED,100.0,100.0,0.0,0.0,0.0,0.0,0.0,0.0,0.0,0.0,4057,Sokolovac,Sokolovac
4065,Solin,Solin,Solin,2026-09-22,4,2026-09-18T00:00:00+00:00,24.1,21.3,22.7,100.0,0.0,0.0,0.0,0.0,below_30,Уобичајена температура,GREEN,100.0,2026-09-22T12:00:00+00:00,11,17,11–17 h,6,GEFS | ICON-EU EPS,31,40,EXPERIMENTAL / NOT CALIBRATED,100.0,100.0,0.0,0.0,0.0,0.0,0.0,0.0,0.0,0.0,4065,Solin,Solin
4073,Sopje,Sopje,Sopje,2026-09-22,4,2026-09-18T00:00:00+00:00,20.1,19.1,19.6,100.0,0.0,0.0,0.0,0.0,below_30,Уобичајена температура,GREEN,100.0,2026-09-22T12:00:00+00:00,11,17,11–17 h,6,GEFS | ICON-EU EPS,31,40,EXPERIMENTAL / NOT CALIBRATED,100.0,100.0,0.0,0.0,0.0,0.0,0.0,0.0,0.0,0.0,4073,Sopje,Sopje
4090,Split,Split,Split,2026-09-22,4,2026-09-18T00:00:00+00:00,24.1,23.5,23.8,100.0,0.0,0.0,0.0,0.0,below_30,Уобичајена температура,GREEN,100.0,2026-09-22T12:00:00+00:00,11,17,11–17 h,6,GEFS | ICON-EU EPS,31,40,EXPERIMENTAL / NOT CALIBRATED,100.0,100.0,0.0,0.0,0.0,0.0,0.0,0.0,0.0,0.0,4090,Split,Split
4103,Sračinec,Sračinec,Sračinec,2026-09-22,4,2026-09-18T00:00:00+00:00,19.6,19.3,19.5,100.0,0.0,0.0,0.0,0.0,below_30,Уобичајена температура,GREEN,100.0,2026-09-22T12:00:00+00:00,11,17,11–17 h,6,GEFS | ICON-EU EPS,31,40,EXPERIMENTAL / NOT CALIBRATED,100.0,100.0,0.0,0.0,0.0,0.0,0.0,0.0,0.0,0.0,4103,Sračinec,Sračinec
4111,Stankovci,Stankovci,Stankovci,2026-09-22,4,2026-09-18T00:00:00+00:00,24.1,22.8,23.5,100.0,0.0,0.0,0.0,0.0,below_30,Уобичајена температура,GREEN,100.0,2026-09-22T12:00:00+00:00,11,17,11–17 h,6,GEFS | ICON-EU EPS,31,40,EXPERIMENTAL / NOT CALIBRATED,100.0,100.0,0.0,0.0,0.0,0.0,0.0,0.0,0.0,0.0,4111,Stankovci,Stankovci
4120,Stara Gradiška,Stara Gradiška,Stara Gradiška,2026-09-22,4,2026-09-18T00:00:00+00:00,20.0,19.7,19.8,100.0,0.0,0.0,0.0,0.0,below_30,Уобичајена температура,GREEN,100.0,2026-09-22T12:00:00+00:00,11,17,11–17 h,6,GEFS | ICON-EU EPS,31,40,EXPERIMENTAL / NOT CALIBRATED,100.0,100.0,0.0,0.0,0.0,0.0,0.0,0.0,0.0,0.0,4120,Stara Gradiška,Stara Gradiška
4138,Stari Grad,Stari Grad,Stari Grad,2026-09-22,4,2026-09-18T00:00:00+00:00,23.6,23.0,23.3,100.0,0.0,0.0,0.0,0.0,below_30,Уобичајена температура,GREEN,100.0,2026-09-22T12:00:00+00:00,11,17,11–17 h,6,GEFS | ICON-EU EPS,31,40,EXPERIMENTAL / NOT CALIBRATED,100.0,100.0,0.0,0.0,0.0,0.0,0.0,0.0,0.0,0.0,4138,Stari Grad,Stari Grad
4146,Stari Jankovci,Stari Jankovci,Stari Jankovci,2026-09-22,4,2026-09-18T00:00:00+00:00,20.8,19.5,20.2,100.0,0.0,0.0,0.0,0.0,below_30,Уобичајена температура,GREEN,100.0,2026-09-22T12:00:00+00:00,11,17,11–17 h,6,GEFS | ICON-EU EPS,31,40,EXPERIMENTAL / NOT CALIBRATED,100.0,100.0,0.0,0.0,0.0,0.0,0.0,0.0,0.0,0.0,4146,Stari Jankovci,Stari Jankovci
4154,Stari Mikanovci,Stari Mikanovci,Stari Mikanovci,2026-09-22,4,2026-09-18T00:00:00+00:00,20.7,19.8,20.3,100.0,0.0,0.0,0.0,0.0,below_30,Уобичајена температура,GREEN,100.0,2026-09-22T12:00:00+00:00,11,17,11–17 h,6,GEFS | ICON-EU EPS,31,40,EXPERIMENTAL / NOT CALIBRATED,100.0,100.0,0.0,0.0,0.0,0.0,0.0,0.0,0.0,0.0,4154,Stari Mikanovci,Stari Mikanovci
4162,Starigrad,Starigrad,Starigrad,2026-09-22,4,2026-09-18T00:00:00+00:00,21.7,16.9,19.3,100.0,0.0,0.0,0.0,0.0,below_30,Уобичајена температура,GREEN,100.0,2026-09-22T12:00:00+00:00,11,17,11–17 h,6,GEFS | ICON-EU EPS,31,40,EXPERIMENTAL / NOT CALIBRATED,100.0,100.0,0.0,0.0,0.0,0.0,0.0,0.0,0.0,0.0,4162,Starigrad,Starigrad
4189,Staro Petrovo Selo,Staro Petrovo Selo,Staro Petrovo Selo,2026-09-22,4,2026-09-18T00:00:00+00:00,19.9,18.1,19.0,100.0,0.0,0.0,0.0,0.0,below_30,Уобичајена температура,GREEN,100.0,2026-09-22T12:00:00+00:00,11,17,11–17 h,6,GEFS | ICON-EU EPS,31,40,EXPERIMENTAL / NOT CALIBRATED,100.0,100.0,0.0,0.0,0.0,0.0,0.0,0.0,0.0,0.0,4189,Staro Petrovo Selo,Staro Petrovo Selo
4197,Ston,Ston,Ston,2026-09-22,4,2026-09-18T00:00:00+00:00,23.5,23.2,23.4,100.0,0.0,0.0,0.0,0.0,below_30,Уобичајена температура,GREEN,100.0,2026-09-22T12:00:00+00:00,11,17,11–17 h,6,GEFS | ICON-EU EPS,31,40,EXPERIMENTAL / NOT CALIBRATED,100.0,100.0,0.0,0.0,0.0,0.0,0.0,0.0,0.0,0.0,4197,Ston,Ston
4219,Strizivojna,Strizivojna,Strizivojna,2026-09-22,4,2026-09-18T00:00:00+00:00,20.7,19.8,20.3,100.0,0.0,0.0,0.0,0.0,below_30,Уобичајена температура,GREEN,100.0,2026-09-22T12:00:00+00:00,11,17,11–17 h,6,GEFS | ICON-EU EPS,31,40,EXPERIMENTAL / NOT CALIBRATED,100.0,100.0,0.0,0.0,0.0,0.0,0.0,0.0,0.0,0.0,4219,Strizivojna,Strizivojna
4227,Stubičke Toplice,Stubičke Toplice,Stubičke Toplice,2026-09-22,4,2026-09-18T00:00:00+00:00,20.6,18.2,19.4,100.0,0.0,0.0,0.0,0.0,below_30,Уобичајена температура,GREEN,100.0,2026-09-22T12:00:00+00:00,11,17,11–17 h,6,GEFS | ICON-EU EPS,31,40,EXPERIMENTAL / NOT CALIBRATED,100.0,100.0,0.0,0.0,0.0,0.0,0.0,0.0,0.0,0.0,4227,Stubičke Toplice,Stubičke Toplice
4235,Sućuraj,Sućuraj,Sućuraj,2026-09-22,4,2026-09-18T00:00:00+00:00,23.4,23.6,23.5,100.0,0.0,0.0,0.0,0.0,below_30,Уобичајена температура,GREEN,100.0,2026-09-22T12:00:00+00:00,11,17,11–17 h,6,GEFS | ICON-EU EPS,31,40,EXPERIMENTAL / NOT CALIBRATED,100.0,100.0,0.0,0.0,0.0,0.0,0.0,0.0,0.0,0.0,4235,Sućuraj,Sućuraj
4243,Suhopolje,Suhopolje,Suhopolje,2026-09-22,4,2026-09-18T00:00:00+00:00,19.7,18.8,19.3,100.0,0.0,0.0,0.0,0.0,below_30,Уобичајена температура,GREEN,100.0,2026-09-22T12:00:00+00:00,11,17,11–17 h,6,GEFS | ICON-EU EPS,31,40,EXPERIMENTAL / NOT CALIBRATED,100.0,100.0,0.0,0.0,0.0,0.0,0.0,0.0,0.0,0.0,4243,Suhopolje,Suhopolje
4251,Sukošan,Sukošan,Sukošan,2026-09-22,4,2026-09-18T00:00:00+00:00,23.2,23.3,23.3,100.0,0.0,0.0,0.0,0.0,below_30,Уобичајена температура,GREEN,100.0,2026-09-22T12:00:00+00:00,11,17,11–17 h,6,GEFS | ICON-EU EPS,31,40,EXPERIMENTAL / NOT CALIBRATED,100.0,100.0,0.0,0.0,0.0,0.0,0.0,0.0,0.0,0.0,4251,Sukošan,Sukošan
4260,Sunja,Sunja,Sunja,2026-09-22,4,2026-09-18T00:00:00+00:00,19.9,19.8,19.8,100.0,0.0,0.0,0.0,0.0,below_30,Уобичајена температура,GREEN,100.0,2026-09-22T12:00:00+00:00,11,17,11–17 h,6,GEFS | ICON-EU EPS,31,40,EXPERIMENTAL / NOT CALIBRATED,100.0,100.0,0.0,0.0,0.0,0.0,0.0,0.0,0.0,0.0,4260,Sunja,Sunja
4278,Supetar,Supetar,Supetar,2026-09-22,4,2026-09-18T00:00:00+00:00,23.6,23.2,23.4,100.0,0.0,0.0,0.0,0.0,below_30,Уобичајена температура,GREEN,100.0,2026-09-22T12:00:00+00:00,11,17,11–17 h,6,GEFS | ICON-EU EPS,31,40,EXPERIMENTAL / NOT CALIBRATED,100.0,100.0,0.0,0.0,0.0,0.0,0.0,0.0,0.0,0.0,4278,Supetar,Supetar
4286,Sveti Filip i Jakov,Sveti Filip i Jakov,Sveti Filip i Jakov,2026-09-22,4,2026-09-18T00:00:00+00:00,24.5,23.6,24.0,100.0,0.0,0.0,0.0,0.0,below_30,Уобичајена температура,GREEN,100.0,2026-09-22T12:00:00+00:00,11,17,11–17 h,6,GEFS | ICON-EU EPS,31,40,EXPERIMENTAL / NOT CALIBRATED,100.0,100.0,0.0,0.0,0.0,0.0,0.0,0.0,0.0,0.0,4286,Sveti Filip i Jakov,Sveti Filip i Jakov
4294,Sveti Ivan Zelina,Sveti Ivan Zelina,Sveti Ivan Zelina,2026-09-22,4,2026-09-18T00:00:00+00:00,20.5,19.2,19.8,100.0,0.0,0.0,0.0,0.0,below_30,Уобичајена температура,GREEN,100.0,2026-09-22T12:00:00+00:00,11,17,11–17 h,6,GEFS | ICON-EU EPS,31,40,EXPERIMENTAL / NOT CALIBRATED,100.0,100.0,0.0,0.0,0.0,0.0,0.0,0.0,0.0,0.0,4294,Sveti Ivan Zelina,Sveti Ivan Zelina
4308,Sveti Križ Začretje,Sveti Križ Začretje,Sveti Križ Začretje,2026-09-22,4,2026-09-18T00:00:00+00:00,20.6,19.3,19.9,100.0,0.0,0.0,0.0,0.0,below_30,Уобичајена температура,GREEN,100.0,2026-09-22T12:00:00+00:00,11,17,11–17 h,6,GEFS | ICON-EU EPS,31,40,EXPERIMENTAL / NOT CALIBRATED,100.0,100.0,0.0,0.0,0.0,0.0,0.0,0.0,0.0,0.0,4308,Sveti Križ Začretje,Sveti Križ Začretje
4316,Sveti Lovreč,Sveti Lovreč,Sveti Lovreč,2026-09-22,4,2026-09-18T00:00:00+00:00,23.4,21.5,22.5,100.0,0.0,0.0,0.0,0.0,below_30,Уобичајена температура,GREEN,100.0,2026-09-22T12:00:00+00:00,11,17,11–17 h,6,GEFS | ICON-EU EPS,31,40,EXPERIMENTAL / NOT CALIBRATED,100.0,100.0,0.0,0.0,0.0,0.0,0.0,0.0,0.0,0.0,4316,Sveti Lovreč,Sveti Lovreč
4324,Sveta Nedelja,Sveta Nedelja,Sveta Nedelja,2026-09-22,4,2026-09-18T00:00:00+00:00,22.5,21.3,21.9,100.0,0.0,0.0,0.0,0.0,below_30,Уобичајена температура,GREEN,100.0,2026-09-22T12:00:00+00:00,11,17,11–17 h,6,GEFS | ICON-EU EPS,31,40,EXPERIMENTAL / NOT CALIBRATED,100.0,100.0,0.0,0.0,0.0,0.0,0.0,0.0,0.0,0.0,4324,Sveta Nedelja,Sveta Nedelja
4332,Sveti Petar u Šumi,Sveti Petar u Šumi,Sveti Petar u Šumi,2026-09-22,4,2026-09-18T00:00:00+00:00,23.4,21.2,22.3,100.0,0.0,0.0,0.0,0.0,below_30,Уобичајена температура,GREEN,100.0,2026-09-22T12:00:00+00:00,11,17,11–17 h,6,GEFS | ICON-EU EPS,31,40,EXPERIMENTAL / NOT CALIBRATED,100.0,100.0,0.0,0.0,0.0,0.0,0.0,0.0,0.0,0.0,4332,Sveti Petar u Šumi,Sveti Petar u Šumi
4359,Svetvinčenat,Svetvinčenat,Svetvinčenat,2026-09-22,4,2026-09-18T00:00:00+00:00,22.0,21.1,21.5,100.0,0.0,0.0,0.0,0.0,below_30,Уобичајена температура,GREEN,100.0,2026-09-22T12:00:00+00:00,11,17,11–17 h,6,GEFS | ICON-EU EPS,31,40,EXPERIMENTAL / NOT CALIBRATED,100.0,100.0,0.0,0.0,0.0,0.0,0.0,0.0,0.0,0.0,4359,Svetvinčenat,Svetvinčenat
4367,Sveta Nedelja,Sveta Nedelja,Sveta Nedelja,2026-09-22,4,2026-09-18T00:00:00+00:00,19.6,19.8,19.7,100.0,0.0,0.0,0.0,0.0,below_30,Уобичајена температура,GREEN,100.0,2026-09-22T12:00:00+00:00,11,17,11–17 h,6,GEFS | ICON-EU EPS,31,40,EXPERIMENTAL / NOT CALIBRATED,100.0,100.0,0.0,0.0,0.0,0.0,0.0,0.0,0.0,0.0,4367,Sveta Nedelja,Sveta Nedelja
4375,Sveti Đurđ,Sveti Đurđ,Sveti Đurđ,2026-09-22,4,2026-09-18T00:00:00+00:00,19.5,19.4,19.4,100.0,0.0,0.0,0.0,0.0,below_30,Уобичајена температура,GREEN,100.0,2026-09-22T12:00:00+00:00,11,17,11–17 h,6,GEFS | ICON-EU EPS,31,40,EXPERIMENTAL / NOT CALIBRATED,100.0,100.0,0.0,0.0,0.0,0.0,0.0,0.0,0.0,0.0,4375,Sveti Đurđ,Sveti Đurđ
4383,Sveti Ilija,Sveti Ilija,Sveti Ilija,2026-09-22,4,2026-09-18T00:00:00+00:00,19.6,18.9,19.3,100.0,0.0,0.0,0.0,0.0,below_30,Уобичајена температура,GREEN,100.0,2026-09-22T12:00:00+00:00,11,17,11–17 h,6,GEFS | ICON-EU EPS,31,40,EXPERIMENTAL / NOT CALIBRATED,100.0,100.0,0.0,0.0,0.0,0.0,0.0,0.0,0.0,0.0,4383,Sveti Ilija,Sveti Ilija
4391,Sveti Ivan Žabno,Sveti Ivan Žabno,Sveti Ivan Žabno,2026-09-22,4,2026-09-18T00:00:00+00:00,20.4,19.3,19.8,100.0,0.0,0.0,0.0,0.0,below_30,Уобичајена температура,GREEN,100.0,2026-09-22T12:00:00+00:00,11,17,11–17 h,6,GEFS | ICON-EU EPS,31,40,EXPERIMENTAL / NOT CALIBRATED,100.0,100.0,0.0,0.0,0.0,0.0,0.0,0.0,0.0,0.0,4391,Sveti Ivan Žabno,Sveti Ivan Žabno
4405,Sveti Juraj na Bregu,Sveti Juraj na Bregu,Sveti Juraj na Bregu,2026-09-22,4,2026-09-18T00:00:00+00:00,19.5,19.0,19.2,100.0,0.0,0.0,0.0,0.0,below_30,Уобичајена температура,GREEN,100.0,2026-09-22T12:00:00+00:00,11,17,11–17 h,6,GEFS | ICON-EU EPS,31,40,EXPERIMENTAL / NOT CALIBRATED,100.0,100.0,0.0,0.0,0.0,0.0,0.0,0.0,0.0,0.0,4405,Sveti Juraj na Bregu,Sveti Juraj na Bregu
4413,Sveti Martin na Muri,Sveti Martin na Muri,Sveti Martin na Muri,2026-09-22,4,2026-09-18T00:00:00+00:00,19.1,19.2,19.2,100.0,0.0,0.0,0.0,0.0,below_30,Уобичајена температура,GREEN,100.0,2026-09-22T12:00:00+00:00,11,17,11–17 h,6,GEFS | ICON-EU EPS,31,40,EXPERIMENTAL / NOT CALIBRATED,100.0,100.0,0.0,0.0,0.0,0.0,0.0,0.0,0.0,0.0,4413,Sveti Martin na Muri,Sveti Martin na Muri
4421,Sveti Petar Orehovec,Sveti Petar Orehovec,Sveti Petar Orehovec,2026-09-22,4,2026-09-18T00:00:00+00:00,20.2,19.3,19.8,100.0,0.0,0.0,0.0,0.0,below_30,Уобичајена температура,GREEN,100.0,2026-09-22T12:00:00+00:00,11,17,11–17 h,6,GEFS | ICON-EU EPS,31,40,EXPERIMENTAL / NOT CALIBRATED,100.0,100.0,0.0,0.0,0.0,0.0,0.0,0.0,0.0,0.0,4421,Sveti Petar Orehovec,Sveti Petar Orehovec
4430,Šestanovac,Šestanovac,Šestanovac,2026-09-22,4,2026-09-18T00:00:00+00:00,21.6,21.5,21.5,100.0,0.0,0.0,0.0,0.0,below_30,Уобичајена температура,GREEN,100.0,2026-09-22T12:00:00+00:00,11,17,11–17 h,6,GEFS | ICON-EU EPS,31,40,EXPERIMENTAL / NOT CALIBRATED,100.0,100.0,0.0,0.0,0.0,0.0,0.0,0.0,0.0,0.0,4430,Šestanovac,Šestanovac
4448,Šibenik,Šibenik,Šibenik,2026-09-22,4,2026-09-18T00:00:00+00:00,24.2,23.8,24.0,100.0,0.0,0.0,0.0,0.0,below_30,Уобичајена температура,GREEN,100.0,2026-09-22T12:00:00+00:00,11,17,11–17 h,6,GEFS | ICON-EU EPS,31,40,EXPERIMENTAL / NOT CALIBRATED,100.0,100.0,0.0,0.0,0.0,0.0,0.0,0.0,0.0,0.0,4448,Šibenik,Šibenik
4456,Škabrnja,Škabrnja,Škabrnja,2026-09-22,4,2026-09-18T00:00:00+00:00,24.5,22.7,23.6,100.0,0.0,0.0,0.0,0.0,below_30,Уобичајена температура,GREEN,100.0,2026-09-22T12:00:00+00:00,11,17,11–17 h,6,GEFS | ICON-EU EPS,31,40,EXPERIMENTAL / NOT CALIBRATED,100.0,100.0,0.0,0.0,0.0,0.0,0.0,0.0,0.0,0.0,4456,Škabrnja,Škabrnja
4472,Šolta,Šolta,Šolta,2026-09-22,4,2026-09-18T00:00:00+00:00,23.9,23.9,23.9,100.0,0.0,0.0,0.0,0.0,below_30,Уобичајена температура,GREEN,100.0,2026-09-22T12:00:00+00:00,11,17,11–17 h,6,GEFS | ICON-EU EPS,31,40,EXPERIMENTAL / NOT CALIBRATED,100.0,100.0,0.0,0.0,0.0,0.0,0.0,0.0,0.0,0.0,4472,Šolta,Šolta
4499,Špišić Bukovica,Špišić Bukovica,Špišić Bukovica,2026-09-22,4,2026-09-18T00:00:00+00:00,19.9,18.9,19.4,100.0,0.0,0.0,0.0,0.0,below_30,Уобичајена температура,GREEN,100.0,2026-09-22T12:00:00+00:00,11,17,11–17 h,6,GEFS | ICON-EU EPS,31,40,EXPERIMENTAL / NOT CALIBRATED,100.0,100.0,0.0,0.0,0.0,0.0,0.0,0.0,0.0,0.0,4499,Špišić Bukovica,Špišić Bukovica
4502,Štefanje,Štefanje,Štefanje,2026-09-22,4,2026-09-18T00:00:00+00:00,19.9,19.6,19.7,100.0,0.0,0.0,0.0,0.0,below_30,Уобичајена температура,GREEN,100.0,2026-09-22T12:00:00+00:00,11,17,11–17 h,6,GEFS | ICON-EU EPS,31,40,EXPERIMENTAL / NOT CALIBRATED,100.0,100.0,0.0,0.0,0.0,0.0,0.0,0.0,0.0,0.0,4502,Štefanje,Štefanje
4529,Štrigova,Štrigova,Štrigova,2026-09-22,4,2026-09-18T00:00:00+00:00,19.1,19.3,19.2,100.0,0.0,0.0,0.0,0.0,below_30,Уобичајена температура,GREEN,100.0,2026-09-22T12:00:00+00:00,11,17,11–17 h,6,GEFS | ICON-EU EPS,31,40,EXPERIMENTAL / NOT CALIBRATED,100.0,100.0,0.0,0.0,0.0,0.0,0.0,0.0,0.0,0.0,4529,Štrigova,Štrigova
4537,Tinjan,Tinjan,Tinjan,2026-09-22,4,2026-09-18T00:00:00+00:00,23.4,21.2,22.3,100.0,0.0,0.0,0.0,0.0,below_30,Уобичајена температура,GREEN,100.0,2026-09-22T12:00:00+00:00,11,17,11–17 h,6,GEFS | ICON-EU EPS,31,40,EXPERIMENTAL / NOT CALIBRATED,100.0,100.0,0.0,0.0,0.0,0.0,0.0,0.0,0.0,0.0,4537,Tinjan,Tinjan
4545,Tisno,Tisno,Tisno,2026-09-22,4,2026-09-18T00:00:00+00:00,24.1,23.6,23.9,100.0,0.0,0.0,0.0,0.0,below_30,Уобичајена температура,GREEN,100.0,2026-09-22T12:00:00+00:00,11,17,11–17 h,6,GEFS | ICON-EU EPS,31,40,EXPERIMENTAL / NOT CALIBRATED,100.0,100.0,0.0,0.0,0.0,0.0,0.0,0.0,0.0,0.0,4545,Tisno,Tisno
4553,Plitvička Jezera,Plitvička Jezera,Plitvička Jezera,2026-09-22,4,2026-09-18T00:00:00+00:00,16.8,15.3,16.0,100.0,0.0,0.0,0.0,0.0,below_30,Уобичајена температура,GREEN,100.0,2026-09-22T12:00:00+00:00,11,17,11–17 h,6,GEFS | ICON-EU EPS,31,40,EXPERIMENTAL / NOT CALIBRATED,100.0,100.0,0.0,0.0,0.0,0.0,0.0,0.0,0.0,0.0,4553,Plitvička Jezera,Plitvička Jezera
4561,Tompojevci,Tompojevci,Tompojevci,2026-09-22,4,2026-09-18T00:00:00+00:00,20.8,19.5,20.2,100.0,0.0,0.0,0.0,0.0,below_30,Уобичајена температура,GREEN,100.0,2026-09-22T12:00:00+00:00,11,17,11–17 h,6,GEFS | ICON-EU EPS,31,40,EXPERIMENTAL / NOT CALIBRATED,100.0,100.0,0.0,0.0,0.0,0.0,0.0,0.0,0.0,0.0,4561,Tompojevci,Tompojevci
4570,Topusko,Topusko,Topusko,2026-09-22,4,2026-09-18T00:00:00+00:00,19.9,19.4,19.7,100.0,0.0,0.0,0.0,0.0,below_30,Уобичајена температура,GREEN,100.0,2026-09-22T12:00:00+00:00,11,17,11–17 h,6,GEFS | ICON-EU EPS,31,40,EXPERIMENTAL / NOT CALIBRATED,100.0,100.0,0.0,0.0,0.0,0.0,0.0,0.0,0.0,0.0,4570,Topusko,Topusko
4588,Tordinci,Tordinci,Tordinci,2026-09-22,4,2026-09-18T00:00:00+00:00,20.7,19.9,20.3,100.0,0.0,0.0,0.0,0.0,below_30,Уобичајена температура,GREEN,100.0,2026-09-22T12:00:00+00:00,11,17,11–17 h,6,GEFS | ICON-EU EPS,31,40,EXPERIMENTAL / NOT CALIBRATED,100.0,100.0,0.0,0.0,0.0,0.0,0.0,0.0,0.0,0.0,4588,Tordinci,Tordinci
4596,Tovarnik,Tovarnik,Tovarnik,2026-09-22,4,2026-09-18T00:00:00+00:00,20.8,19.5,20.2,100.0,0.0,0.0,0.0,0.0,below_30,Уобичајена температура,GREEN,100.0,2026-09-22T12:00:00+00:00,11,17,11–17 h,6,GEFS | ICON-EU EPS,31,40,EXPERIMENTAL / NOT CALIBRATED,100.0,100.0,0.0,0.0,0.0,0.0,0.0,0.0,0.0,0.0,4596,Tovarnik,Tovarnik
4600,Trilj,Trilj,Trilj,2026-09-22,4,2026-09-18T00:00:00+00:00,23.5,18.9,21.2,100.0,0.0,0.0,0.0,0.0,below_30,Уобичајена температура,GREEN,100.0,2026-09-22T12:00:00+00:00,11,17,11–17 h,6,GEFS | ICON-EU EPS,31,40,EXPERIMENTAL / NOT CALIBRATED,100.0,100.0,0.0,0.0,0.0,0.0,0.0,0.0,0.0,0.0,4600,Trilj,Trilj
4618,Trnava,Trnava,Trnava,2026-09-22,4,2026-09-18T00:00:00+00:00,20.5,19.5,20.0,100.0,0.0,0.0,0.0,0.0,below_30,Уобичајена температура,GREEN,100.0,2026-09-22T12:00:00+00:00,11,17,11–17 h,6,GEFS | ICON-EU EPS,31,40,EXPERIMENTAL / NOT CALIBRATED,100.0,100.0,0.0,0.0,0.0,0.0,0.0,0.0,0.0,0.0,4618,Trnava,Trnava
4626,Trnovec Bartolovečki,Trnovec Bartolovečki,Trnovec Bartolovečki,2026-09-22,4,2026-09-18T00:00:00+00:00,19.5,19.0,19.2,100.0,0.0,0.0,0.0,0.0,below_30,Уобичајена температура,GREEN,100.0,2026-09-22T12:00:00+00:00,11,17,11–17 h,6,GEFS | ICON-EU EPS,31,40,EXPERIMENTAL / NOT CALIBRATED,100.0,100.0,0.0,0.0,0.0,0.0,0.0,0.0,0.0,0.0,4626,Trnovec Bartolovečki,Trnovec Bartolovečki
4634,Trogir,Trogir,Trogir,2026-09-22,4,2026-09-18T00:00:00+00:00,23.9,23.6,23.8,100.0,0.0,0.0,0.0,0.0,below_30,Уобичајена температура,GREEN,100.0,2026-09-22T12:00:00+00:00,11,17,11–17 h,6,GEFS | ICON-EU EPS,31,40,EXPERIMENTAL / NOT CALIBRATED,100.0,100.0,0.0,0.0,0.0,0.0,0.0,0.0,0.0,0.0,4634,Trogir,Trogir
4642,Trpinja,Trpinja,Trpinja,2026-09-22,4,2026-09-18T00:00:00+00:00,20.7,19.7,20.2,100.0,0.0,0.0,0.0,0.0,below_30,Уобичајена температура,GREEN,100.0,2026-09-22T12:00:00+00:00,11,17,11–17 h,6,GEFS | ICON-EU EPS,31,40,EXPERIMENTAL / NOT CALIBRATED,100.0,100.0,0.0,0.0,0.0,0.0,0.0,0.0,0.0,0.0,4642,Trpinja,Trpinja
4669,Tuhelj,Tuhelj,Tuhelj,2026-09-22,4,2026-09-18T00:00:00+00:00,19.5,19.3,19.4,100.0,0.0,0.0,0.0,0.0,below_30,Уобичајена температура,GREEN,100.0,2026-09-22T12:00:00+00:00,11,17,11–17 h,6,GEFS | ICON-EU EPS,31,40,EXPERIMENTAL / NOT CALIBRATED,100.0,100.0,0.0,0.0,0.0,0.0,0.0,0.0,0.0,0.0,4669,Tuhelj,Tuhelj
4677,Udbina,Udbina,Udbina,2026-09-22,4,2026-09-18T00:00:00+00:00,17.6,15.1,16.4,100.0,0.0,0.0,0.0,0.0,below_30,Уобичајена температура,GREEN,100.0,2026-09-22T12:00:00+00:00,11,17,11–17 h,6,GEFS | ICON-EU EPS,31,40,EXPERIMENTAL / NOT CALIBRATED,100.0,100.0,0.0,0.0,0.0,0.0,0.0,0.0,0.0,0.0,4677,Udbina,Udbina
4685,Umag - Umago,Umag - Umago,Umag - Umago,2026-09-22,4,2026-09-18T00:00:00+00:00,22.7,23.4,23.1,100.0,0.0,0.0,0.0,0.0,below_30,Уобичајена температура,GREEN,100.0,2026-09-22T12:00:00+00:00,11,17,11–17 h,6,GEFS | ICON-EU EPS,31,40,EXPERIMENTAL / NOT CALIBRATED,100.0,100.0,0.0,0.0,0.0,0.0,0.0,0.0,0.0,0.0,4685,Umag - Umago,Umag - Umago
4693,Unešić,Unešić,Unešić,2026-09-22,4,2026-09-18T00:00:00+00:00,23.3,22.2,22.8,100.0,0.0,0.0,0.0,0.0,below_30,Уобичајена температура,GREEN,100.0,2026-09-22T12:00:00+00:00,11,17,11–17 h,6,GEFS | ICON-EU EPS,31,40,EXPERIMENTAL / NOT CALIBRATED,100.0,100.0,0.0,0.0,0.0,0.0,0.0,0.0,0.0,0.0,4693,Unešić,Unešić
4715,Valpovo,Valpovo,Valpovo,2026-09-22,4,2026-09-18T00:00:00+00:00,20.6,19.6,20.1,100.0,0.0,0.0,0.0,0.0,below_30,Уобичајена температура,GREEN,100.0,2026-09-22T12:00:00+00:00,11,17,11–17 h,6,GEFS | ICON-EU EPS,31,40,EXPERIMENTAL / NOT CALIBRATED,100.0,100.0,0.0,0.0,0.0,0.0,0.0,0.0,0.0,0.0,4715,Valpovo,Valpovo
4723,Varaždin,Varaždin,Varaždin,2026-09-22,4,2026-09-18T00:00:00+00:00,19.6,18.9,19.3,100.0,0.0,0.0,0.0,0.0,below_30,Уобичајена температура,GREEN,100.0,2026-09-22T12:00:00+00:00,11,17,11–17 h,6,GEFS | ICON-EU EPS,31,40,EXPERIMENTAL / NOT CALIBRATED,100.0,100.0,0.0,0.0,0.0,0.0,0.0,0.0,0.0,0.0,4723,Varaždin,Varaždin
4731,Varaždinske Toplice,Varaždinske Toplice,Varaždinske Toplice,2026-09-22,4,2026-09-18T00:00:00+00:00,19.5,19.0,19.2,100.0,0.0,0.0,0.0,0.0,below_30,Уобичајена температура,GREEN,100.0,2026-09-22T12:00:00+00:00,11,17,11–17 h,6,GEFS | ICON-EU EPS,31,40,EXPERIMENTAL / NOT CALIBRATED,100.0,100.0,0.0,0.0,0.0,0.0,0.0,0.0,0.0,0.0,4731,Varaždinske Toplice,Varaždinske Toplice
4740,Vela Luka,Vela Luka,Vela Luka,2026-09-22,4,2026-09-18T00:00:00+00:00,23.7,23.6,23.7,100.0,0.0,0.0,0.0,0.0,below_30,Уобичајена температура,GREEN,100.0,2026-09-22T00:00:00+00:00,11,17,11–17 h,6,GEFS | ICON-EU EPS,31,40,EXPERIMENTAL / NOT CALIBRATED,100.0,100.0,0.0,0.0,0.0,0.0,0.0,0.0,0.0,0.0,4740,Vela Luka,Vela Luka
4758,Velika,Velika,Velika,2026-09-22,4,2026-09-18T00:00:00+00:00,18.9,17.9,18.4,100.0,0.0,0.0,0.0,0.0,below_30,Уобичајена температура,GREEN,100.0,2026-09-22T12:00:00+00:00,11,17,11–17 h,6,GEFS | ICON-EU EPS,31,40,EXPERIMENTAL / NOT CALIBRATED,100.0,100.0,0.0,0.0,0.0,0.0,0.0,0.0,0.0,0.0,4758,Velika,Velika
4766,Velika Kopanica,Velika Kopanica,Velika Kopanica,2026-09-22,4,2026-09-18T00:00:00+00:00,20.7,20.0,20.4,100.0,0.0,0.0,0.0,0.0,below_30,Уобичајена температура,GREEN,100.0,2026-09-22T12:00:00+00:00,11,17,11–17 h,6,GEFS | ICON-EU EPS,31,40,EXPERIMENTAL / NOT CALIBRATED,100.0,100.0,0.0,0.0,0.0,0.0,0.0,0.0,0.0,0.0,4766,Velika Kopanica,Velika Kopanica
4774,Velika Ludina,Velika Ludina,Velika Ludina,2026-09-22,4,2026-09-18T00:00:00+00:00,20.2,19.7,20.0,100.0,0.0,0.0,0.0,0.0,below_30,Уобичајена температура,GREEN,100.0,2026-09-22T12:00:00+00:00,11,17,11–17 h,6,GEFS | ICON-EU EPS,31,40,EXPERIMENTAL / NOT CALIBRATED,100.0,100.0,0.0,0.0,0.0,0.0,0.0,0.0,0.0,0.0,4774,Velika Ludina,Velika Ludina
4782,Velika Pisanica,Velika Pisanica,Velika Pisanica,2026-09-22,4,2026-09-18T00:00:00+00:00,19.8,18.8,19.3,100.0,0.0,0.0,0.0,0.0,below_30,Уобичајена температура,GREEN,100.0,2026-09-22T12:00:00+00:00,11,17,11–17 h,6,GEFS | ICON-EU EPS,31,40,EXPERIMENTAL / NOT CALIBRATED,100.0,100.0,0.0,0.0,0.0,0.0,0.0,0.0,0.0,0.0,4782,Velika Pisanica,Velika Pisanica
4804,Veliki Grđevac,Veliki Grđevac,Veliki Grđevac,2026-09-22,4,2026-09-18T00:00:00+00:00,19.8,18.8,19.3,100.0,0.0,0.0,0.0,0.0,below_30,Уобичајена температура,GREEN,100.0,2026-09-22T12:00:00+00:00,11,17,11–17 h,6,GEFS | ICON-EU EPS,31,40,EXPERIMENTAL / NOT CALIBRATED,100.0,100.0,0.0,0.0,0.0,0.0,0.0,0.0,0.0,0.0,4804,Veliki Grđevac,Veliki Grđevac
4812,Veliko Trgovišće,Veliko Trgovišće,Veliko Trgovišće,2026-09-22,4,2026-09-18T00:00:00+00:00,19.5,19.7,19.6,100.0,0.0,0.0,0.0,0.0,below_30,Уобичајена температура,GREEN,100.0,2026-09-22T12:00:00+00:00,11,17,11–17 h,6,GEFS | ICON-EU EPS,31,40,EXPERIMENTAL / NOT CALIBRATED,100.0,100.0,0.0,0.0,0.0,0.0,0.0,0.0,0.0,0.0,4812,Veliko Trgovišće,Veliko Trgovišće
4839,Veliko Trojstvo,Veliko Trojstvo,Veliko Trojstvo,2026-09-22,4,2026-09-18T00:00:00+00:00,19.9,18.8,19.3,100.0,0.0,0.0,0.0,0.0,below_30,Уобичајена температура,GREEN,100.0,2026-09-22T12:00:00+00:00,11,17,11–17 h,6,GEFS | ICON-EU EPS,31,40,EXPERIMENTAL / NOT CALIBRATED,100.0,100.0,0.0,0.0,0.0,0.0,0.0,0.0,0.0,0.0,4839,Veliko Trojstvo,Veliko Trojstvo
4847,Vidovec,Vidovec,Vidovec,2026-09-22,4,2026-09-18T00:00:00+00:00,19.6,19.3,19.5,100.0,0.0,0.0,0.0,0.0,below_30,Уобичајена температура,GREEN,100.0,2026-09-22T12:00:00+00:00,11,17,11–17 h,6,GEFS | ICON-EU EPS,31,40,EXPERIMENTAL / NOT CALIBRATED,100.0,100.0,0.0,0.0,0.0,0.0,0.0,0.0,0.0,0.0,4847,Vidovec,Vidovec
4855,Viljevo,Viljevo,Viljevo,2026-09-22,4,2026-09-18T00:00:00+00:00,20.4,19.6,20.0,100.0,0.0,0.0,0.0,0.0,below_30,Уобичајена температура,GREEN,100.0,2026-09-22T12:00:00+00:00,11,17,11–17 h,6,GEFS | ICON-EU EPS,31,40,EXPERIMENTAL / NOT CALIBRATED,100.0,100.0,0.0,0.0,0.0,0.0,0.0,0.0,0.0,0.0,4855,Viljevo,Viljevo
4863,Vinica,Vinica,Vinica,2026-09-22,4,2026-09-18T00:00:00+00:00,19.6,19.3,19.5,100.0,0.0,0.0,0.0,0.0,below_30,Уобичајена температура,GREEN,100.0,2026-09-22T12:00:00+00:00,11,17,11–17 h,6,GEFS | ICON-EU EPS,31,40,EXPERIMENTAL / NOT CALIBRATED,100.0,100.0,0.0,0.0,0.0,0.0,0.0,0.0,0.0,0.0,4863,Vinica,Vinica
4871,Vinkovci,Vinkovci,Vinkovci,2026-09-22,4,2026-09-18T00:00:00+00:00,20.9,19.8,20.3,100.0,0.0,0.0,0.0,0.0,below_30,Уобичајена температура,GREEN,100.0,2026-09-22T12:00:00+00:00,11,17,11–17 h,6,GEFS | ICON-EU EPS,31,40,EXPERIMENTAL / NOT CALIBRATED,100.0,100.0,0.0,0.0,0.0,0.0,0.0,0.0,0.0,0.0,4871,Vinkovci,Vinkovci
4880,Vinodolska Općina,Vinodolska Općina,Vinodolska Općina,2026-09-22,4,2026-09-18T00:00:00+00:00,17.7,14.6,16.2,100.0,0.0,0.0,0.0,0.0,below_30,Уобичајена температура,GREEN,100.0,2026-09-22T12:00:00+00:00,11,17,11–17 h,6,GEFS | ICON-EU EPS,31,40,EXPERIMENTAL / NOT CALIBRATED,100.0,100.0,0.0,0.0,0.0,0.0,0.0,0.0,0.0,0.0,4880,Vinodolska Općina,Vinodolska Općina
4898,Vir,Vir,Vir,2026-09-22,4,2026-09-18T00:00:00+00:00,22.6,22.4,22.5,100.0,0.0,0.0,0.0,0.0,below_30,Уобичајена температура,GREEN,100.0,2026-09-22T12:00:00+00:00,11,17,11–17 h,6,GEFS | ICON-EU EPS,31,40,EXPERIMENTAL / NOT CALIBRATED,100.0,100.0,0.0,0.0,0.0,0.0,0.0,0.0,0.0,0.0,4898,Vir,Vir
4901,Virje,Virje,Virje,2026-09-22,4,2026-09-18T00:00:00+00:00,19.9,19.1,19.5,100.0,0.0,0.0,0.0,0.0,below_30,Уобичајена температура,GREEN,100.0,2026-09-22T12:00:00+00:00,11,17,11–17 h,6,GEFS | ICON-EU EPS,31,40,EXPERIMENTAL / NOT CALIBRATED,100.0,100.0,0.0,0.0,0.0,0.0,0.0,0.0,0.0,0.0,4901,Virje,Virje
4910,Virovitica,Virovitica,Virovitica,2026-09-22,4,2026-09-18T00:00:00+00:00,19.6,18.9,19.3,100.0,0.0,0.0,0.0,0.0,below_30,Уобичајена температура,GREEN,100.0,2026-09-22T12:00:00+00:00,11,17,11–17 h,6,GEFS | ICON-EU EPS,31,40,EXPERIMENTAL / NOT CALIBRATED,100.0,100.0,0.0,0.0,0.0,0.0,0.0,0.0,0.0,0.0,4910,Virovitica,Virovitica
4928,Vis,Vis,Vis,2026-09-22,4,2026-09-18T00:00:00+00:00,24.0,23.5,23.7,100.0,0.0,0.0,0.0,0.0,below_30,Уобичајена температура,GREEN,100.0,2026-09-22T00:00:00+00:00,11,17,11–17 h,6,GEFS | ICON-EU EPS,31,40,EXPERIMENTAL / NOT CALIBRATED,100.0,100.0,0.0,0.0,0.0,0.0,0.0,0.0,0.0,0.0,4928,Vis,Vis
4936,Visoko,Visoko,Visoko,2026-09-22,4,2026-09-18T00:00:00+00:00,20.5,18.8,19.6,100.0,0.0,0.0,0.0,0.0,below_30,Уобичајена температура,GREEN,100.0,2026-09-22T12:00:00+00:00,11,17,11–17 h,6,GEFS | ICON-EU EPS,31,40,EXPERIMENTAL / NOT CALIBRATED,100.0,100.0,0.0,0.0,0.0,0.0,0.0,0.0,0.0,0.0,4936,Visoko,Visoko
4944,Viškovci,Viškovci,Viškovci,2026-09-22,4,2026-09-18T00:00:00+00:00,20.7,19.7,20.2,100.0,0.0,0.0,0.0,0.0,below_30,Уобичајена температура,GREEN,100.0,2026-09-22T12:00:00+00:00,11,17,11–17 h,6,GEFS | ICON-EU EPS,31,40,EXPERIMENTAL / NOT CALIBRATED,100.0,100.0,0.0,0.0,0.0,0.0,0.0,0.0,0.0,0.0,4944,Viškovci,Viškovci
4952,Viškovo,Viškovo,Viškovo,2026-09-22,4,2026-09-18T00:00:00+00:00,17.1,20.7,18.9,100.0,0.0,0.0,0.0,0.0,below_30,Уобичајена температура,GREEN,100.0,2026-09-22T12:00:00+00:00,11,17,11–17 h,6,GEFS | ICON-EU EPS,31,40,EXPERIMENTAL / NOT CALIBRATED,100.0,100.0,0.0,0.0,0.0,0.0,0.0,0.0,0.0,0.0,4952,Viškovo,Viškovo
4979,Višnjan - Visignano,Višnjan - Visignano,Višnjan - Visignano,2026-09-22,4,2026-09-18T00:00:00+00:00,23.4,21.9,22.6,100.0,0.0,0.0,0.0,0.0,below_30,Уобичајена температура,GREEN,100.0,2026-09-22T12:00:00+00:00,11,17,11–17 h,6,GEFS | ICON-EU EPS,31,40,EXPERIMENTAL / NOT CALIBRATED,100.0,100.0,0.0,0.0,0.0,0.0,0.0,0.0,0.0,0.0,4979,Višnjan - Visignano,Višnjan - Visignano
4987,Vižinada - Visinada,Vižinada - Visinada,Vižinada - Visinada,2026-09-22,4,2026-09-18T00:00:00+00:00,23.4,21.9,22.6,100.0,0.0,0.0,0.0,0.0,below_30,Уобичајена температура,GREEN,100.0,2026-09-22T12:00:00+00:00,11,17,11–17 h,6,GEFS | ICON-EU EPS,31,40,EXPERIMENTAL / NOT CALIBRATED,100.0,100.0,0.0,0.0,0.0,0.0,0.0,0.0,0.0,0.0,4987,Vižinada - Visinada,Vižinada - Visinada
4995,Voćin,Voćin,Voćin,2026-09-22,4,2026-09-18T00:00:00+00:00,18.9,15.8,17.3,100.0,0.0,0.0,0.0,0.0,below_30,Уобичајена температура,GREEN,100.0,2026-09-22T12:00:00+00:00,11,17,11–17 h,6,GEFS | ICON-EU EPS,31,40,EXPERIMENTAL / NOT CALIBRATED,100.0,100.0,0.0,0.0,0.0,0.0,0.0,0.0,0.0,0.0,4995,Voćin,Voćin
5002,Vodice,Vodice,Vodice,2026-09-22,4,2026-09-18T00:00:00+00:00,24.1,23.1,23.6,100.0,0.0,0.0,0.0,0.0,below_30,Уобичајена температура,GREEN,100.0,2026-09-22T12:00:00+00:00,11,17,11–17 h,6,GEFS | ICON-EU EPS,31,40,EXPERIMENTAL / NOT CALIBRATED,100.0,100.0,0.0,0.0,0.0,0.0,0.0,0.0,0.0,0.0,5002,Vodice,Vodice
5029,Vodnjan - Dignano,Vodnjan - Dignano,Vodnjan - Dignano,2026-09-22,4,2026-09-18T00:00:00+00:00,22.5,22.1,22.3,100.0,0.0,0.0,0.0,0.0,below_30,Уобичајена температура,GREEN,100.0,2026-09-22T12:00:00+00:00,11,17,11–17 h,6,GEFS | ICON-EU EPS,31,40,EXPERIMENTAL / NOT CALIBRATED,100.0,100.0,0.0,0.0,0.0,0.0,0.0,0.0,0.0,0.0,5029,Vodnjan - Dignano,Vodnjan - Dignano
5037,Vojnić,Vojnić,Vojnić,2026-09-22,4,2026-09-18T00:00:00+00:00,19.7,19.0,19.4,100.0,0.0,0.0,0.0,0.0,below_30,Уобичајена температура,GREEN,100.0,2026-09-22T12:00:00+00:00,11,17,11–17 h,6,GEFS | ICON-EU EPS,31,40,EXPERIMENTAL / NOT CALIBRATED,100.0,100.0,0.0,0.0,0.0,0.0,0.0,0.0,0.0,0.0,5037,Vojnić,Vojnić
5045,Vratišinec,Vratišinec,Vratišinec,2026-09-22,4,2026-09-18T00:00:00+00:00,19.5,19.0,19.2,100.0,0.0,0.0,0.0,0.0,below_30,Уобичајена температура,GREEN,100.0,2026-09-22T12:00:00+00:00,11,17,11–17 h,6,GEFS | ICON-EU EPS,31,40,EXPERIMENTAL / NOT CALIBRATED,100.0,100.0,0.0,0.0,0.0,0.0,0.0,0.0,0.0,0.0,5045,Vratišinec,Vratišinec
5053,Vrbanja,Vrbanja,Vrbanja,2026-09-22,4,2026-09-18T00:00:00+00:00,21.0,19.7,20.3,100.0,0.0,0.0,0.0,0.0,below_30,Уобичајена температура,GREEN,100.0,2026-09-22T12:00:00+00:00,11,17,11–17 h,6,GEFS | ICON-EU EPS,31,40,EXPERIMENTAL / NOT CALIBRATED,100.0,100.0,0.0,0.0,0.0,0.0,0.0,0.0,0.0,0.0,5053,Vrbanja,Vrbanja
5061,Vrbje,Vrbje,Vrbje,2026-09-22,4,2026-09-18T00:00:00+00:00,19.9,19.9,19.9,100.0,0.0,0.0,0.0,0.0,below_30,Уобичајена температура,GREEN,100.0,2026-09-22T12:00:00+00:00,11,17,11–17 h,6,GEFS | ICON-EU EPS,31,40,EXPERIMENTAL / NOT CALIBRATED,100.0,100.0,0.0,0.0,0.0,0.0,0.0,0.0,0.0,0.0,5061,Vrbje,Vrbje
5070,Vrbnik,Vrbnik,Vrbnik,2026-09-22,4,2026-09-18T00:00:00+00:00,19.8,22.8,21.3,100.0,0.0,0.0,0.0,0.0,below_30,Уобичајена температура,GREEN,100.0,2026-09-22T12:00:00+00:00,11,17,11–17 h,6,GEFS | ICON-EU EPS,31,40,EXPERIMENTAL / NOT CALIBRATED,100.0,100.0,0.0,0.0,0.0,0.0,0.0,0.0,0.0,0.0,5070,Vrbnik,Vrbnik
5088,Vrbovec,Vrbovec,Vrbovec,2026-09-22,4,2026-09-18T00:00:00+00:00,20.2,19.7,20.0,100.0,0.0,0.0,0.0,0.0,below_30,Уобичајена температура,GREEN,100.0,2026-09-22T12:00:00+00:00,11,17,11–17 h,6,GEFS | ICON-EU EPS,31,40,EXPERIMENTAL / NOT CALIBRATED,100.0,100.0,0.0,0.0,0.0,0.0,0.0,0.0,0.0,0.0,5088,Vrbovec,Vrbovec
5096,Vrbovsko,Vrbovsko,Vrbovsko,2026-09-22,4,2026-09-18T00:00:00+00:00,17.5,18.0,17.7,100.0,0.0,0.0,0.0,0.0,below_30,Уобичајена температура,GREEN,100.0,2026-09-22T12:00:00+00:00,11,17,11–17 h,6,GEFS | ICON-EU EPS,31,40,EXPERIMENTAL / NOT CALIBRATED,100.0,100.0,0.0,0.0,0.0,0.0,0.0,0.0,0.0,0.0,5096,Vrbovsko,Vrbovsko
5100,Gvozd,Gvozd,Gvozd,2026-09-22,4,2026-09-18T00:00:00+00:00,21.0,19.4,20.2,100.0,0.0,0.0,0.0,0.0,below_30,Уобичајена температура,GREEN,100.0,2026-09-22T12:00:00+00:00,11,17,11–17 h,6,GEFS | ICON-EU EPS,31,40,EXPERIMENTAL / NOT CALIBRATED,100.0,100.0,0.0,0.0,0.0,0.0,0.0,0.0,0.0,0.0,5100,Gvozd,Gvozd
5118,Vrgorac,Vrgorac,Vrgorac,2026-09-22,4,2026-09-18T00:00:00+00:00,23.6,22.2,22.9,100.0,0.0,0.0,0.0,0.0,below_30,Уобичајена температура,GREEN,100.0,2026-09-22T12:00:00+00:00,11,17,11–17 h,6,GEFS | ICON-EU EPS,31,40,EXPERIMENTAL / NOT CALIBRATED,100.0,100.0,0.0,0.0,0.0,0.0,0.0,0.0,0.0,0.0,5118,Vrgorac,Vrgorac
5126,Vrhovine,Vrhovine,Vrhovine,2026-09-22,4,2026-09-18T00:00:00+00:00,16.8,14.5,15.7,100.0,0.0,0.0,0.0,0.0,below_30,Уобичајена температура,GREEN,100.0,2026-09-22T12:00:00+00:00,11,17,11–17 h,6,GEFS | ICON-EU EPS,31,40,EXPERIMENTAL / NOT CALIBRATED,100.0,100.0,0.0,0.0,0.0,0.0,0.0,0.0,0.0,0.0,5126,Vrhovine,Vrhovine
5134,Vrlika,Vrlika,Vrlika,2026-09-22,4,2026-09-18T00:00:00+00:00,18.9,15.5,17.2,100.0,0.0,0.0,0.0,0.0,below_30,Уобичајена температура,GREEN,100.0,2026-09-22T12:00:00+00:00,11,17,11–17 h,6,GEFS | ICON-EU EPS,31,40,EXPERIMENTAL / NOT CALIBRATED,100.0,100.0,0.0,0.0,0.0,0.0,0.0,0.0,0.0,0.0,5134,Vrlika,Vrlika
5142,Vrpolje,Vrpolje,Vrpolje,2026-09-22,4,2026-09-18T00:00:00+00:00,20.5,19.8,20.1,100.0,0.0,0.0,0.0,0.0,below_30,Уобичајена температура,GREEN,100.0,2026-09-22T12:00:00+00:00,11,17,11–17 h,6,GEFS | ICON-EU EPS,31,40,EXPERIMENTAL / NOT CALIBRATED,100.0,100.0,0.0,0.0,0.0,0.0,0.0,0.0,0.0,0.0,5142,Vrpolje,Vrpolje
5169,Vrsar - Orsera,Vrsar - Orsera,Vrsar - Orsera,2026-09-22,4,2026-09-18T00:00:00+00:00,23.4,23.0,23.2,100.0,0.0,0.0,0.0,0.0,below_30,Уобичајена температура,GREEN,100.0,2026-09-22T12:00:00+00:00,11,17,11–17 h,6,GEFS | ICON-EU EPS,31,40,EXPERIMENTAL / NOT CALIBRATED,100.0,100.0,0.0,0.0,0.0,0.0,0.0,0.0,0.0,0.0,5169,Vrsar - Orsera,Vrsar - Orsera
5177,Vuka,Vuka,Vuka,2026-09-22,4,2026-09-18T00:00:00+00:00,20.7,19.8,20.3,100.0,0.0,0.0,0.0,0.0,below_30,Уобичајена температура,GREEN,100.0,2026-09-22T12:00:00+00:00,11,17,11–17 h,6,GEFS | ICON-EU EPS,31,40,EXPERIMENTAL / NOT CALIBRATED,100.0,100.0,0.0,0.0,0.0,0.0,0.0,0.0,0.0,0.0,5177,Vuka,Vuka
5185,Vukovar,Vukovar,Vukovar,2026-09-22,4,2026-09-18T00:00:00+00:00,20.8,19.6,20.2,100.0,0.0,0.0,0.0,0.0,below_30,Уобичајена температура,GREEN,100.0,2026-09-22T12:00:00+00:00,11,17,11–17 h,6,GEFS | ICON-EU EPS,31,40,EXPERIMENTAL / NOT CALIBRATED,100.0,100.0,0.0,0.0,0.0,0.0,0.0,0.0,0.0,0.0,5185,Vukovar,Vukovar
5193,Zabok,Zabok,Zabok,2026-09-22,4,2026-09-18T00:00:00+00:00,20.6,19.7,20.1,100.0,0.0,0.0,0.0,0.0,below_30,Уобичајена температура,GREEN,100.0,2026-09-22T12:00:00+00:00,11,17,11–17 h,6,GEFS | ICON-EU EPS,31,40,EXPERIMENTAL / NOT CALIBRATED,100.0,100.0,0.0,0.0,0.0,0.0,0.0,0.0,0.0,0.0,5193,Zabok,Zabok
5207,Zadar,Zadar,Zadar,2026-09-22,4,2026-09-18T00:00:00+00:00,22.6,22.6,22.6,100.0,0.0,0.0,0.0,0.0,below_30,Уобичајена температура,GREEN,100.0,2026-09-22T12:00:00+00:00,11,17,11–17 h,6,GEFS | ICON-EU EPS,31,40,EXPERIMENTAL / NOT CALIBRATED,100.0,100.0,0.0,0.0,0.0,0.0,0.0,0.0,0.0,0.0,5207,Zadar,Zadar
5215,Zagorska Sela,Zagorska Sela,Zagorska Sela,2026-09-22,4,2026-09-18T00:00:00+00:00,19.5,19.1,19.3,100.0,0.0,0.0,0.0,0.0,below_30,Уобичајена температура,GREEN,100.0,2026-09-22T12:00:00+00:00,11,17,11–17 h,6,GEFS | ICON-EU EPS,31,40,EXPERIMENTAL / NOT CALIBRATED,100.0,100.0,0.0,0.0,0.0,0.0,0.0,0.0,0.0,0.0,5215,Zagorska Sela,Zagorska Sela
5223,Zagvozd,Zagvozd,Zagvozd,2026-09-22,4,2026-09-18T00:00:00+00:00,23.4,18.7,21.1,100.0,0.0,0.0,0.0,0.0,below_30,Уобичајена температура,GREEN,100.0,2026-09-22T12:00:00+00:00,11,17,11–17 h,6,GEFS | ICON-EU EPS,31,40,EXPERIMENTAL / NOT CALIBRATED,100.0,100.0,0.0,0.0,0.0,0.0,0.0,0.0,0.0,0.0,5223,Zagvozd,Zagvozd
5231,Zažablje,Zažablje,Zažablje,2026-09-22,4,2026-09-18T00:00:00+00:00,25.6,22.9,24.2,100.0,0.0,0.0,0.0,0.0,below_30,Уобичајена температура,GREEN,100.0,2026-09-22T12:00:00+00:00,11,17,11–17 h,6,GEFS | ICON-EU EPS,31,40,EXPERIMENTAL / NOT CALIBRATED,100.0,100.0,0.0,0.0,0.0,0.0,0.0,0.0,0.0,0.0,5231,Zažablje,Zažablje
5240,Zdenci,Zdenci,Zdenci,2026-09-22,4,2026-09-18T00:00:00+00:00,20.1,19.2,19.7,100.0,0.0,0.0,0.0,0.0,below_30,Уобичајена температура,GREEN,100.0,2026-09-22T12:00:00+00:00,11,17,11–17 h,6,GEFS | ICON-EU EPS,31,40,EXPERIMENTAL / NOT CALIBRATED,100.0,100.0,0.0,0.0,0.0,0.0,0.0,0.0,0.0,0.0,5240,Zdenci,Zdenci
5258,Zemunik Donji,Zemunik Donji,Zemunik Donji,2026-09-22,4,2026-09-18T00:00:00+00:00,24.5,22.7,23.6,100.0,0.0,0.0,0.0,0.0,below_30,Уобичајена температура,GREEN,100.0,2026-09-22T12:00:00+00:00,11,17,11–17 h,6,GEFS | ICON-EU EPS,31,40,EXPERIMENTAL / NOT CALIBRATED,100.0,100.0,0.0,0.0,0.0,0.0,0.0,0.0,0.0,0.0,5258,Zemunik Donji,Zemunik Donji
5266,Zlatar,Zlatar,Zlatar,2026-09-22,4,2026-09-18T00:00:00+00:00,20.6,18.8,19.7,100.0,0.0,0.0,0.0,0.0,below_30,Уобичајена температура,GREEN,100.0,2026-09-22T12:00:00+00:00,11,17,11–17 h,6,GEFS | ICON-EU EPS,31,40,EXPERIMENTAL / NOT CALIBRATED,100.0,100.0,0.0,0.0,0.0,0.0,0.0,0.0,0.0,0.0,5266,Zlatar,Zlatar
5274,Zlatar Bistrica,Zlatar Bistrica,Zlatar Bistrica,2026-09-22,4,2026-09-18T00:00:00+00:00,20.6,18.8,19.7,100.0,0.0,0.0,0.0,0.0,below_30,Уобичајена температура,GREEN,100.0,2026-09-22T12:00:00+00:00,11,17,11–17 h,6,GEFS | ICON-EU EPS,31,40,EXPERIMENTAL / NOT CALIBRATED,100.0,100.0,0.0,0.0,0.0,0.0,0.0,0.0,0.0,0.0,5274,Zlatar Bistrica,Zlatar Bistrica
5282,Zmijavci,Zmijavci,Zmijavci,2026-09-22,4,2026-09-18T00:00:00+00:00,20.1,19.2,19.7,100.0,0.0,0.0,0.0,0.0,below_30,Уобичајена температура,GREEN,100.0,2026-09-22T12:00:00+00:00,11,17,11–17 h,6,GEFS | ICON-EU EPS,31,40,EXPERIMENTAL / NOT CALIBRATED,100.0,100.0,0.0,0.0,0.0,0.0,0.0,0.0,0.0,0.0,5282,Zmijavci,Zmijavci
5304,Žakanje,Žakanje,Žakanje,2026-09-22,4,2026-09-18T00:00:00+00:00,18.6,19.8,19.2,100.0,0.0,0.0,0.0,0.0,below_30,Уобичајена температура,GREEN,100.0,2026-09-22T12:00:00+00:00,11,17,11–17 h,6,GEFS | ICON-EU EPS,31,40,EXPERIMENTAL / NOT CALIBRATED,100.0,100.0,0.0,0.0,0.0,0.0,0.0,0.0,0.0,0.0,5304,Žakanje,Žakanje
5312,Žminj,Žminj,Žminj,2026-09-22,4,2026-09-18T00:00:00+00:00,22.5,21.5,22.0,100.0,0.0,0.0,0.0,0.0,below_30,Уобичајена температура,GREEN,100.0,2026-09-22T12:00:00+00:00,11,17,11–17 h,6,GEFS | ICON-EU EPS,31,40,EXPERIMENTAL / NOT CALIBRATED,100.0,100.0,0.0,0.0,0.0,0.0,0.0,0.0,0.0,0.0,5312,Žminj,Žminj
5339,Krašić,Krašić,Krašić,2026-09-22,4,2026-09-18T00:00:00+00:00,19.1,19.2,19.2,100.0,0.0,0.0,0.0,0.0,below_30,Уобичајена температура,GREEN,100.0,2026-09-22T12:00:00+00:00,11,17,11–17 h,6,GEFS | ICON-EU EPS,31,40,EXPERIMENTAL / NOT CALIBRATED,100.0,100.0,0.0,0.0,0.0,0.0,0.0,0.0,0.0,0.0,5339,Krašić,Krašić
5347,Županja,Županja,Županja,2026-09-22,4,2026-09-18T00:00:00+00:00,20.8,19.9,20.4,100.0,0.0,0.0,0.0,0.0,below_30,Уобичајена температура,GREEN,100.0,2026-09-22T12:00:00+00:00,11,17,11–17 h,6,GEFS | ICON-EU EPS,31,40,EXPERIMENTAL / NOT CALIBRATED,100.0,100.0,0.0,0.0,0.0,0.0,0.0,0.0,0.0,0.0,5347,Županja,Županja
5355,Otok,Otok,Otok,2026-09-22,4,2026-09-18T00:00:00+00:00,20.8,19.8,20.3,100.0,0.0,0.0,0.0,0.0,below_30,Уобичајена температура,GREEN,100.0,2026-09-22T12:00:00+00:00,11,17,11–17 h,6,GEFS | ICON-EU EPS,31,40,EXPERIMENTAL / NOT CALIBRATED,100.0,100.0,0.0,0.0,0.0,0.0,0.0,0.0,0.0,0.0,5355,Otok,Otok
5363,Rakovec,Rakovec,Rakovec,2026-09-22,4,2026-09-18T00:00:00+00:00,20.5,19.6,20.0,100.0,0.0,0.0,0.0,0.0,below_30,Уобичајена температура,GREEN,100.0,2026-09-22T12:00:00+00:00,11,17,11–17 h,6,GEFS | ICON-EU EPS,31,40,EXPERIMENTAL / NOT CALIBRATED,100.0,100.0,0.0,0.0,0.0,0.0,0.0,0.0,0.0,0.0,5363,Rakovec,Rakovec
5371,Novigrad,Novigrad,Novigrad,2026-09-22,4,2026-09-18T00:00:00+00:00,21.7,22.7,22.2,100.0,0.0,0.0,0.0,0.0,below_30,Уобичајена температура,GREEN,100.0,2026-09-22T12:00:00+00:00,11,17,11–17 h,6,GEFS | ICON-EU EPS,31,40,EXPERIMENTAL / NOT CALIBRATED,100.0,100.0,0.0,0.0,0.0,0.0,0.0,0.0,0.0,0.0,5371,Novigrad,Novigrad
5380,Kostrena,Kostrena,Kostrena,2026-09-22,4,2026-09-18T00:00:00+00:00,19.0,21.0,20.0,100.0,0.0,0.0,0.0,0.0,below_30,Уобичајена температура,GREEN,100.0,2026-09-22T12:00:00+00:00,11,17,11–17 h,6,GEFS | ICON-EU EPS,31,40,EXPERIMENTAL / NOT CALIBRATED,100.0,100.0,0.0,0.0,0.0,0.0,0.0,0.0,0.0,0.0,5380,Kostrena,Kostrena
5398,Marija Gorica,Marija Gorica,Marija Gorica,2026-09-22,4,2026-09-18T00:00:00+00:00,19.5,19.4,19.5,100.0,0.0,0.0,0.0,0.0,below_30,Уобичајена температура,GREEN,100.0,2026-09-22T12:00:00+00:00,11,17,11–17 h,6,GEFS | ICON-EU EPS,31,40,EXPERIMENTAL / NOT CALIBRATED,100.0,100.0,0.0,0.0,0.0,0.0,0.0,0.0,0.0,0.0,5398,Marija Gorica,Marija Gorica
5401,Žumberak,Žumberak,Žumberak,2026-09-22,4,2026-09-18T00:00:00+00:00,19.1,17.3,18.2,100.0,0.0,0.0,0.0,0.0,below_30,Уобичајена температура,GREEN,100.0,2026-09-22T12:00:00+00:00,11,17,11–17 h,6,GEFS | ICON-EU EPS,31,40,EXPERIMENTAL / NOT CALIBRATED,100.0,100.0,0.0,0.0,0.0,0.0,0.0,0.0,0.0,0.0,5401,Žumberak,Žumberak
5410,Velika Gorica,Velika Gorica,Velika Gorica,2026-09-22,4,2026-09-18T00:00:00+00:00,20.7,19.5,20.1,100.0,0.0,0.0,0.0,0.0,below_30,Уобичајена температура,GREEN,100.0,2026-09-22T12:00:00+00:00,11,17,11–17 h,6,GEFS | ICON-EU EPS,31,40,EXPERIMENTAL / NOT CALIBRATED,100.0,100.0,0.0,0.0,0.0,0.0,0.0,0.0,0.0,0.0,5410,Velika Gorica,Velika Gorica
5428,Orle,Orle,Orle,2026-09-22,4,2026-09-18T00:00:00+00:00,20.8,19.6,20.2,100.0,0.0,0.0,0.0,0.0,below_30,Уобичајена температура,GREEN,100.0,2026-09-22T12:00:00+00:00,11,17,11–17 h,6,GEFS | ICON-EU EPS,31,40,EXPERIMENTAL / NOT CALIBRATED,100.0,100.0,0.0,0.0,0.0,0.0,0.0,0.0,0.0,0.0,5428,Orle,Orle
5436,Zaprešić,Zaprešić,Zaprešić,2026-09-22,4,2026-09-18T00:00:00+00:00,19.5,19.8,19.6,100.0,0.0,0.0,0.0,0.0,below_30,Уобичајена температура,GREEN,100.0,2026-09-22T12:00:00+00:00,11,17,11–17 h,6,GEFS | ICON-EU EPS,31,40,EXPERIMENTAL / NOT CALIBRATED,100.0,100.0,0.0,0.0,0.0,0.0,0.0,0.0,0.0,0.0,5436,Zaprešić,Zaprešić
5444,Pokupsko,Pokupsko,Pokupsko,2026-09-22,4,2026-09-18T00:00:00+00:00,21.0,19.4,20.2,100.0,0.0,0.0,0.0,0.0,below_30,Уобичајена температура,GREEN,100.0,2026-09-22T12:00:00+00:00,11,17,11–17 h,6,GEFS | ICON-EU EPS,31,40,EXPERIMENTAL / NOT CALIBRATED,100.0,100.0,0.0,0.0,0.0,0.0,0.0,0.0,0.0,0.0,5444,Pokupsko,Pokupsko
5452,Kravarsko,Kravarsko,Kravarsko,2026-09-22,4,2026-09-18T00:00:00+00:00,21.0,19.4,20.2,100.0,0.0,0.0,0.0,0.0,below_30,Уобичајена температура,GREEN,100.0,2026-09-22T12:00:00+00:00,11,17,11–17 h,6,GEFS | ICON-EU EPS,31,40,EXPERIMENTAL / NOT CALIBRATED,100.0,100.0,0.0,0.0,0.0,0.0,0.0,0.0,0.0,0.0,5452,Kravarsko,Kravarsko
5479,Bistra,Bistra,Bistra,2026-09-22,4,2026-09-18T00:00:00+00:00,20.6,18.2,19.4,100.0,0.0,0.0,0.0,0.0,below_30,Уобичајена температура,GREEN,100.0,2026-09-22T12:00:00+00:00,11,17,11–17 h,6,GEFS | ICON-EU EPS,31,40,EXPERIMENTAL / NOT CALIBRATED,100.0,100.0,0.0,0.0,0.0,0.0,0.0,0.0,0.0,0.0,5479,Bistra,Bistra
5487,Luka,Luka,Luka,2026-09-22,4,2026-09-18T00:00:00+00:00,19.5,19.7,19.6,100.0,0.0,0.0,0.0,0.0,below_30,Уобичајена температура,GREEN,100.0,2026-09-22T12:00:00+00:00,11,17,11–17 h,6,GEFS | ICON-EU EPS,31,40,EXPERIMENTAL / NOT CALIBRATED,100.0,100.0,0.0,0.0,0.0,0.0,0.0,0.0,0.0,0.0,5487,Luka,Luka
5495,Dubravica,Dubravica,Dubravica,2026-09-22,4,2026-09-18T00:00:00+00:00,19.5,19.6,19.5,100.0,0.0,0.0,0.0,0.0,below_30,Уобичајена температура,GREEN,100.0,2026-09-22T12:00:00+00:00,11,17,11–17 h,6,GEFS | ICON-EU EPS,31,40,EXPERIMENTAL / NOT CALIBRATED,100.0,100.0,0.0,0.0,0.0,0.0,0.0,0.0,0.0,0.0,5495,Dubravica,Dubravica
5509,Bedenica,Bedenica,Bedenica,2026-09-22,4,2026-09-18T00:00:00+00:00,20.5,18.8,19.6,100.0,0.0,0.0,0.0,0.0,below_30,Уобичајена температура,GREEN,100.0,2026-09-22T12:00:00+00:00,11,17,11–17 h,6,GEFS | ICON-EU EPS,31,40,EXPERIMENTAL / NOT CALIBRATED,100.0,100.0,0.0,0.0,0.0,0.0,0.0,0.0,0.0,0.0,5509,Bedenica,Bedenica
5517,Stupnik,Stupnik,Stupnik,2026-09-22,4,2026-09-18T00:00:00+00:00,19.6,19.8,19.7,100.0,0.0,0.0,0.0,0.0,below_30,Уобичајена температура,GREEN,100.0,2026-09-22T12:00:00+00:00,11,17,11–17 h,6,GEFS | ICON-EU EPS,31,40,EXPERIMENTAL / NOT CALIBRATED,100.0,100.0,0.0,0.0,0.0,0.0,0.0,0.0,0.0,0.0,5517,Stupnik,Stupnik
5525,Jesenje,Jesenje,Jesenje,2026-09-22,4,2026-09-18T00:00:00+00:00,20.1,19.3,19.7,100.0,0.0,0.0,0.0,0.0,below_30,Уобичајена температура,GREEN,100.0,2026-09-22T12:00:00+00:00,11,17,11–17 h,6,GEFS | ICON-EU EPS,31,40,EXPERIMENTAL / NOT CALIBRATED,100.0,100.0,0.0,0.0,0.0,0.0,0.0,0.0,0.0,0.0,5525,Jesenje,Jesenje
5533,Kumrovec,Kumrovec,Kumrovec,2026-09-22,4,2026-09-18T00:00:00+00:00,19.5,18.4,18.9,100.0,0.0,0.0,0.0,0.0,below_30,Уобичајена температура,GREEN,100.0,2026-09-22T12:00:00+00:00,11,17,11–17 h,6,GEFS | ICON-EU EPS,31,40,EXPERIMENTAL / NOT CALIBRATED,100.0,100.0,0.0,0.0,0.0,0.0,0.0,0.0,0.0,0.0,5533,Kumrovec,Kumrovec
5541,Novi Golubovec,Novi Golubovec,Novi Golubovec,2026-09-22,4,2026-09-18T00:00:00+00:00,20.1,18.0,19.1,100.0,0.0,0.0,0.0,0.0,below_30,Уобичајена температура,GREEN,100.0,2026-09-22T12:00:00+00:00,11,17,11–17 h,6,GEFS | ICON-EU EPS,31,40,EXPERIMENTAL / NOT CALIBRATED,100.0,100.0,0.0,0.0,0.0,0.0,0.0,0.0,0.0,0.0,5541,Novi Golubovec,Novi Golubovec
5550,Majur,Majur,Majur,2026-09-22,4,2026-09-18T00:00:00+00:00,19.9,18.7,19.3,100.0,0.0,0.0,0.0,0.0,below_30,Уобичајена температура,GREEN,100.0,2026-09-22T12:00:00+00:00,11,17,11–17 h,6,GEFS | ICON-EU EPS,31,40,EXPERIMENTAL / NOT CALIBRATED,100.0,100.0,0.0,0.0,0.0,0.0,0.0,0.0,0.0,0.0,5550,Majur,Majur
5568,Ribnik,Ribnik,Ribnik,2026-09-22,4,2026-09-18T00:00:00+00:00,18.6,19.8,19.2,100.0,0.0,0.0,0.0,0.0,below_30,Уобичајена температура,GREEN,100.0,2026-09-22T12:00:00+00:00,11,17,11–17 h,6,GEFS | ICON-EU EPS,31,40,EXPERIMENTAL / NOT CALIBRATED,100.0,100.0,0.0,0.0,0.0,0.0,0.0,0.0,0.0,0.0,5568,Ribnik,Ribnik
5576,Tounj,Tounj,Tounj,2026-09-22,4,2026-09-18T00:00:00+00:00,18.0,18.1,18.0,100.0,0.0,0.0,0.0,0.0,below_30,Уобичајена температура,GREEN,100.0,2026-09-22T12:00:00+00:00,11,17,11–17 h,6,GEFS | ICON-EU EPS,31,40,EXPERIMENTAL / NOT CALIBRATED,100.0,100.0,0.0,0.0,0.0,0.0,0.0,0.0,0.0,0.0,5576,Tounj,Tounj
5584,Veliki Bukovec,Veliki Bukovec,Veliki Bukovec,2026-09-22,4,2026-09-18T00:00:00+00:00,19.9,19.4,19.7,100.0,0.0,0.0,0.0,0.0,below_30,Уобичајена температура,GREEN,100.0,2026-09-22T12:00:00+00:00,11,17,11–17 h,6,GEFS | ICON-EU EPS,31,40,EXPERIMENTAL / NOT CALIBRATED,100.0,100.0,0.0,0.0,0.0,0.0,0.0,0.0,0.0,0.0,5584,Veliki Bukovec,Veliki Bukovec
5592,Kalinovac,Kalinovac,Kalinovac,2026-09-22,4,2026-09-18T00:00:00+00:00,19.9,19.1,19.5,100.0,0.0,0.0,0.0,0.0,below_30,Уобичајена температура,GREEN,100.0,2026-09-22T12:00:00+00:00,11,17,11–17 h,6,GEFS | ICON-EU EPS,31,40,EXPERIMENTAL / NOT CALIBRATED,100.0,100.0,0.0,0.0,0.0,0.0,0.0,0.0,0.0,0.0,5592,Kalinovac,Kalinovac
5606,Kalnik,Kalnik,Kalnik,2026-09-22,4,2026-09-18T00:00:00+00:00,20.2,19.0,19.6,100.0,0.0,0.0,0.0,0.0,below_30,Уобичајена температура,GREEN,100.0,2026-09-22T12:00:00+00:00,11,17,11–17 h,6,GEFS | ICON-EU EPS,31,40,EXPERIMENTAL / NOT CALIBRATED,100.0,100.0,0.0,0.0,0.0,0.0,0.0,0.0,0.0,0.0,5606,Kalnik,Kalnik
5614,Novo Virje,Novo Virje,Novo Virje,2026-09-22,4,2026-09-18T00:00:00+00:00,19.9,19.4,19.6,100.0,0.0,0.0,0.0,0.0,below_30,Уобичајена температура,GREEN,100.0,2026-09-22T12:00:00+00:00,11,17,11–17 h,6,GEFS | ICON-EU EPS,31,40,EXPERIMENTAL / NOT CALIBRATED,100.0,100.0,0.0,0.0,0.0,0.0,0.0,0.0,0.0,0.0,5614,Novo Virje,Novo Virje
5622,Severin,Severin,Severin,2026-09-22,4,2026-09-18T00:00:00+00:00,19.8,19.3,19.5,100.0,0.0,0.0,0.0,0.0,below_30,Уобичајена температура,GREEN,100.0,2026-09-22T12:00:00+00:00,11,17,11–17 h,6,GEFS | ICON-EU EPS,31,40,EXPERIMENTAL / NOT CALIBRATED,100.0,100.0,0.0,0.0,0.0,0.0,0.0,0.0,0.0,0.0,5622,Severin,Severin
5649,Šandrovac,Šandrovac,Šandrovac,2026-09-22,4,2026-09-18T00:00:00+00:00,19.9,18.8,19.4,100.0,0.0,0.0,0.0,0.0,below_30,Уобичајена температура,GREEN,100.0,2026-09-22T12:00:00+00:00,11,17,11–17 h,6,GEFS | ICON-EU EPS,31,40,EXPERIMENTAL / NOT CALIBRATED,100.0,100.0,0.0,0.0,0.0,0.0,0.0,0.0,0.0,0.0,5649,Šandrovac,Šandrovac
5657,Velika Trnovitica,Velika Trnovitica,Velika Trnovitica,2026-09-22,4,2026-09-18T00:00:00+00:00,19.8,19.4,19.6,100.0,0.0,0.0,0.0,0.0,below_30,Уобичајена температура,GREEN,100.0,2026-09-22T12:00:00+00:00,11,17,11–17 h,6,GEFS | ICON-EU EPS,31,40,EXPERIMENTAL / NOT CALIBRATED,100.0,100.0,0.0,0.0,0.0,0.0,0.0,0.0,0.0,0.0,5657,Velika Trnovitica,Velika Trnovitica
5665,Zrinski Topolovac,Zrinski Topolovac,Zrinski Topolovac,2026-09-22,4,2026-09-18T00:00:00+00:00,20.4,18.8,19.6,100.0,0.0,0.0,0.0,0.0,below_30,Уобичајена температура,GREEN,100.0,2026-09-22T12:00:00+00:00,11,17,11–17 h,6,GEFS | ICON-EU EPS,31,40,EXPERIMENTAL / NOT CALIBRATED,100.0,100.0,0.0,0.0,0.0,0.0,0.0,0.0,0.0,0.0,5665,Zrinski Topolovac,Zrinski Topolovac
5673,Bukovlje,Bukovlje,Bukovlje,2026-09-22,4,2026-09-18T00:00:00+00:00,20.2,18.9,19.6,100.0,0.0,0.0,0.0,0.0,below_30,Уобичајена температура,GREEN,100.0,2026-09-22T12:00:00+00:00,11,17,11–17 h,6,GEFS | ICON-EU EPS,31,40,EXPERIMENTAL / NOT CALIBRATED,100.0,100.0,0.0,0.0,0.0,0.0,0.0,0.0,0.0,0.0,5673,Bukovlje,Bukovlje
5681,Dragalić,Dragalić,Dragalić,2026-09-22,4,2026-09-18T00:00:00+00:00,20.0,19.0,19.5,100.0,0.0,0.0,0.0,0.0,below_30,Уобичајена температура,GREEN,100.0,2026-09-22T12:00:00+00:00,11,17,11–17 h,6,GEFS | ICON-EU EPS,31,40,EXPERIMENTAL / NOT CALIBRATED,100.0,100.0,0.0,0.0,0.0,0.0,0.0,0.0,0.0,0.0,5681,Dragalić,Dragalić
5690,Gornja Vrba,Gornja Vrba,Gornja Vrba,2026-09-22,4,2026-09-18T00:00:00+00:00,20.2,19.8,20.0,100.0,0.0,0.0,0.0,0.0,below_30,Уобичајена температура,GREEN,100.0,2026-09-22T12:00:00+00:00,11,17,11–17 h,6,GEFS | ICON-EU EPS,31,40,EXPERIMENTAL / NOT CALIBRATED,100.0,100.0,0.0,0.0,0.0,0.0,0.0,0.0,0.0,0.0,5690,Gornja Vrba,Gornja Vrba
5703,Sikirevci,Sikirevci,Sikirevci,2026-09-22,4,2026-09-18T00:00:00+00:00,20.5,20.0,20.3,100.0,0.0,0.0,0.0,0.0,below_30,Уобичајена температура,GREEN,100.0,2026-09-22T12:00:00+00:00,11,17,11–17 h,6,GEFS | ICON-EU EPS,31,40,EXPERIMENTAL / NOT CALIBRATED,100.0,100.0,0.0,0.0,0.0,0.0,0.0,0.0,0.0,0.0,5703,Sikirevci,Sikirevci
5711,Galovac,Galovac,Galovac,2026-09-22,4,2026-09-18T00:00:00+00:00,24.5,22.7,23.6,100.0,0.0,0.0,0.0,0.0,below_30,Уобичајена температура,GREEN,100.0,2026-09-22T12:00:00+00:00,11,17,11–17 h,6,GEFS | ICON-EU EPS,31,40,EXPERIMENTAL / NOT CALIBRATED,100.0,100.0,0.0,0.0,0.0,0.0,0.0,0.0,0.0,0.0,5711,Galovac,Galovac
5720,Kukljica,Kukljica,Kukljica,2026-09-22,4,2026-09-18T00:00:00+00:00,23.2,23.3,23.3,100.0,0.0,0.0,0.0,0.0,below_30,Уобичајена температура,GREEN,100.0,2026-09-22T12:00:00+00:00,11,17,11–17 h,6,GEFS | ICON-EU EPS,31,40,EXPERIMENTAL / NOT CALIBRATED,100.0,100.0,0.0,0.0,0.0,0.0,0.0,0.0,0.0,0.0,5720,Kukljica,Kukljica
5738,Povljana,Povljana,Povljana,2026-09-22,4,2026-09-18T00:00:00+00:00,22.0,22.4,22.2,100.0,0.0,0.0,0.0,0.0,below_30,Уобичајена температура,GREEN,100.0,2026-09-22T12:00:00+00:00,11,17,11–17 h,6,GEFS | ICON-EU EPS,31,40,EXPERIMENTAL / NOT CALIBRATED,100.0,100.0,0.0,0.0,0.0,0.0,0.0,0.0,0.0,0.0,5738,Povljana,Povljana
5746,Privlaka,Privlaka,Privlaka,2026-09-22,4,2026-09-18T00:00:00+00:00,22.0,22.4,22.2,100.0,0.0,0.0,0.0,0.0,below_30,Уобичајена температура,GREEN,100.0,2026-09-22T12:00:00+00:00,11,17,11–17 h,6,GEFS | ICON-EU EPS,31,40,EXPERIMENTAL / NOT CALIBRATED,100.0,100.0,0.0,0.0,0.0,0.0,0.0,0.0,0.0,0.0,5746,Privlaka,Privlaka
5754,Tkon,Tkon,Tkon,2026-09-22,4,2026-09-18T00:00:00+00:00,24.5,23.0,23.7,100.0,0.0,0.0,0.0,0.0,below_30,Уобичајена температура,GREEN,100.0,2026-09-22T12:00:00+00:00,11,17,11–17 h,6,GEFS | ICON-EU EPS,31,40,EXPERIMENTAL / NOT CALIBRATED,100.0,100.0,0.0,0.0,0.0,0.0,0.0,0.0,0.0,0.0,5754,Tkon,Tkon
5762,Donja Motičina,Donja Motičina,Donja Motičina,2026-09-22,4,2026-09-18T00:00:00+00:00,20.1,19.1,19.6,100.0,0.0,0.0,0.0,0.0,below_30,Уобичајена температура,GREEN,100.0,2026-09-22T12:00:00+00:00,11,17,11–17 h,6,GEFS | ICON-EU EPS,31,40,EXPERIMENTAL / NOT CALIBRATED,100.0,100.0,0.0,0.0,0.0,0.0,0.0,0.0,0.0,0.0,5762,Donja Motičina,Donja Motičina
5789,Magadenovac,Magadenovac,Magadenovac,2026-09-22,4,2026-09-18T00:00:00+00:00,20.5,19.5,20.0,100.0,0.0,0.0,0.0,0.0,below_30,Уобичајена температура,GREEN,100.0,2026-09-22T12:00:00+00:00,11,17,11–17 h,6,GEFS | ICON-EU EPS,31,40,EXPERIMENTAL / NOT CALIBRATED,100.0,100.0,0.0,0.0,0.0,0.0,0.0,0.0,0.0,0.0,5789,Magadenovac,Magadenovac
5797,Vladislavci,Vladislavci,Vladislavci,2026-09-22,4,2026-09-18T00:00:00+00:00,20.7,19.8,20.3,100.0,0.0,0.0,0.0,0.0,below_30,Уобичајена температура,GREEN,100.0,2026-09-22T12:00:00+00:00,11,17,11–17 h,6,GEFS | ICON-EU EPS,31,40,EXPERIMENTAL / NOT CALIBRATED,100.0,100.0,0.0,0.0,0.0,0.0,0.0,0.0,0.0,0.0,5797,Vladislavci,Vladislavci
5819,Pirovac,Pirovac,Pirovac,2026-09-22,4,2026-09-18T00:00:00+00:00,24.1,23.6,23.9,100.0,0.0,0.0,0.0,0.0,below_30,Уобичајена температура,GREEN,100.0,2026-09-22T12:00:00+00:00,11,17,11–17 h,6,GEFS | ICON-EU EPS,31,40,EXPERIMENTAL / NOT CALIBRATED,100.0,100.0,0.0,0.0,0.0,0.0,0.0,0.0,0.0,0.0,5819,Pirovac,Pirovac
5827,Rogoznica,Rogoznica,Rogoznica,2026-09-22,4,2026-09-18T00:00:00+00:00,23.6,23.8,23.7,100.0,0.0,0.0,0.0,0.0,below_30,Уобичајена температура,GREEN,100.0,2026-09-22T12:00:00+00:00,11,17,11–17 h,6,GEFS | ICON-EU EPS,31,40,EXPERIMENTAL / NOT CALIBRATED,100.0,100.0,0.0,0.0,0.0,0.0,0.0,0.0,0.0,0.0,5827,Rogoznica,Rogoznica
5835,Privlaka,Privlaka,Privlaka,2026-09-22,4,2026-09-18T00:00:00+00:00,20.9,19.7,20.3,100.0,0.0,0.0,0.0,0.0,below_30,Уобичајена температура,GREEN,100.0,2026-09-22T12:00:00+00:00,11,17,11–17 h,6,GEFS | ICON-EU EPS,31,40,EXPERIMENTAL / NOT CALIBRATED,100.0,100.0,0.0,0.0,0.0,0.0,0.0,0.0,0.0,0.0,5835,Privlaka,Privlaka
5843,Vođinci,Vođinci,Vođinci,2026-09-22,4,2026-09-18T00:00:00+00:00,20.7,19.8,20.3,100.0,0.0,0.0,0.0,0.0,below_30,Уобичајена температура,GREEN,100.0,2026-09-22T12:00:00+00:00,11,17,11–17 h,6,GEFS | ICON-EU EPS,31,40,EXPERIMENTAL / NOT CALIBRATED,100.0,100.0,0.0,0.0,0.0,0.0,0.0,0.0,0.0,0.0,5843,Vođinci,Vođinci
5851,Dugopolje,Dugopolje,Dugopolje,2026-09-22,4,2026-09-18T00:00:00+00:00,24.1,19.7,21.9,100.0,0.0,0.0,0.0,0.0,below_30,Уобичајена температура,GREEN,100.0,2026-09-22T12:00:00+00:00,11,17,11–17 h,6,GEFS | ICON-EU EPS,31,40,EXPERIMENTAL / NOT CALIBRATED,100.0,100.0,0.0,0.0,0.0,0.0,0.0,0.0,0.0,0.0,5851,Dugopolje,Dugopolje
5860,Lećevica,Lećevica,Lećevica,2026-09-22,4,2026-09-18T00:00:00+00:00,23.3,21.6,22.5,100.0,0.0,0.0,0.0,0.0,below_30,Уобичајена температура,GREEN,100.0,2026-09-22T12:00:00+00:00,11,17,11–17 h,6,GEFS | ICON-EU EPS,31,40,EXPERIMENTAL / NOT CALIBRATED,100.0,100.0,0.0,0.0,0.0,0.0,0.0,0.0,0.0,0.0,5860,Lećevica,Lećevica
5878,Lokvičići,Lokvičići,Lokvičići,2026-09-22,4,2026-09-18T00:00:00+00:00,21.6,18.2,19.9,100.0,0.0,0.0,0.0,0.0,below_30,Уобичајена температура,GREEN,100.0,2026-09-22T12:00:00+00:00,11,17,11–17 h,6,GEFS | ICON-EU EPS,31,40,EXPERIMENTAL / NOT CALIBRATED,100.0,100.0,0.0,0.0,0.0,0.0,0.0,0.0,0.0,0.0,5878,Lokvičići,Lokvičići
5886,Okrug,Okrug,Okrug,2026-09-22,4,2026-09-18T00:00:00+00:00,23.9,23.6,23.8,100.0,0.0,0.0,0.0,0.0,below_30,Уобичајена температура,GREEN,100.0,2026-09-22T12:00:00+00:00,11,17,11–17 h,6,GEFS | ICON-EU EPS,31,40,EXPERIMENTAL / NOT CALIBRATED,100.0,100.0,0.0,0.0,0.0,0.0,0.0,0.0,0.0,0.0,5886,Okrug,Okrug
5894,Prgomet,Prgomet,Prgomet,2026-09-22,4,2026-09-18T00:00:00+00:00,23.3,22.2,22.8,100.0,0.0,0.0,0.0,0.0,below_30,Уобичајена температура,GREEN,100.0,2026-09-22T12:00:00+00:00,11,17,11–17 h,6,GEFS | ICON-EU EPS,31,40,EXPERIMENTAL / NOT CALIBRATED,100.0,100.0,0.0,0.0,0.0,0.0,0.0,0.0,0.0,0.0,5894,Prgomet,Prgomet
5908,Primorski Dolac,Primorski Dolac,Primorski Dolac,2026-09-22,4,2026-09-18T00:00:00+00:00,23.3,22.2,22.8,100.0,0.0,0.0,0.0,0.0,below_30,Уобичајена температура,GREEN,100.0,2026-09-22T12:00:00+00:00,11,17,11–17 h,6,GEFS | ICON-EU EPS,31,40,EXPERIMENTAL / NOT CALIBRATED,100.0,100.0,0.0,0.0,0.0,0.0,0.0,0.0,0.0,0.0,5908,Primorski Dolac,Primorski Dolac
5916,Runovići,Runovići,Runovići,2026-09-22,4,2026-09-18T00:00:00+00:00,23.6,19.2,21.4,100.0,0.0,0.0,0.0,0.0,below_30,Уобичајена температура,GREEN,100.0,2026-09-22T12:00:00+00:00,11,17,11–17 h,6,GEFS | ICON-EU EPS,31,40,EXPERIMENTAL / NOT CALIBRATED,100.0,100.0,0.0,0.0,0.0,0.0,0.0,0.0,0.0,0.0,5916,Runovići,Runovići
5924,Sutivan,Sutivan,Sutivan,2026-09-22,4,2026-09-18T00:00:00+00:00,23.6,23.2,23.4,100.0,0.0,0.0,0.0,0.0,below_30,Уобичајена температура,GREEN,100.0,2026-09-22T12:00:00+00:00,11,17,11–17 h,6,GEFS | ICON-EU EPS,31,40,EXPERIMENTAL / NOT CALIBRATED,100.0,100.0,0.0,0.0,0.0,0.0,0.0,0.0,0.0,0.0,5924,Sutivan,Sutivan
5932,Tučepi,Tučepi,Tučepi,2026-09-22,4,2026-09-18T00:00:00+00:00,23.4,20.4,21.9,100.0,0.0,0.0,0.0,0.0,below_30,Уобичајена температура,GREEN,100.0,2026-09-22T12:00:00+00:00,11,17,11–17 h,6,GEFS | ICON-EU EPS,31,40,EXPERIMENTAL / NOT CALIBRATED,100.0,100.0,0.0,0.0,0.0,0.0,0.0,0.0,0.0,0.0,5932,Tučepi,Tučepi
5959,Zadvarje,Zadvarje,Zadvarje,2026-09-22,4,2026-09-18T00:00:00+00:00,21.6,21.5,21.5,100.0,0.0,0.0,0.0,0.0,below_30,Уобичајена температура,GREEN,100.0,2026-09-22T12:00:00+00:00,11,17,11–17 h,6,GEFS | ICON-EU EPS,31,40,EXPERIMENTAL / NOT CALIBRATED,100.0,100.0,0.0,0.0,0.0,0.0,0.0,0.0,0.0,0.0,5959,Zadvarje,Zadvarje
5967,Karojba,Karojba,Karojba,2026-09-22,4,2026-09-18T00:00:00+00:00,23.4,21.9,22.6,100.0,0.0,0.0,0.0,0.0,below_30,Уобичајена температура,GREEN,100.0,2026-09-22T12:00:00+00:00,11,17,11–17 h,6,GEFS | ICON-EU EPS,31,40,EXPERIMENTAL / NOT CALIBRATED,100.0,100.0,0.0,0.0,0.0,0.0,0.0,0.0,0.0,0.0,5967,Karojba,Karojba
5975,Kaštelir-Labinci - Castelliere-S. Domenica,Kaštelir-Labinci - Castelliere-S. Domenica,Kaštelir-Labinci - Castelliere-S. Domenica,2026-09-22,4,2026-09-18T00:00:00+00:00,23.4,21.9,22.6,100.0,0.0,0.0,0.0,0.0,below_30,Уобичајена температура,GREEN,100.0,2026-09-22T12:00:00+00:00,11,17,11–17 h,6,GEFS | ICON-EU EPS,31,40,EXPERIMENTAL / NOT CALIBRATED,100.0,100.0,0.0,0.0,0.0,0.0,0.0,0.0,0.0,0.0,5975,Kaštelir-Labinci - Castelliere-S. Domenica,Kaštelir-Labinci - Castelliere-S. Domenica
5983,Dubrovačko Primorje,Dubrovačko Primorje,Dubrovačko Primorje,2026-09-22,4,2026-09-18T00:00:00+00:00,23.3,23.3,23.3,100.0,0.0,0.0,0.0,0.0,below_30,Уобичајена температура,GREEN,100.0,2026-09-22T12:00:00+00:00,11,17,11–17 h,6,GEFS | ICON-EU EPS,31,40,EXPERIMENTAL / NOT CALIBRATED,100.0,100.0,0.0,0.0,0.0,0.0,0.0,0.0,0.0,0.0,5983,Dubrovačko Primorje,Dubrovačko Primorje
5991,Janjina,Janjina,Janjina,2026-09-22,4,2026-09-18T00:00:00+00:00,26.0,23.6,24.8,100.0,0.0,0.0,0.0,0.0,below_30,Уобичајена температура,GREEN,100.0,2026-09-22T12:00:00+00:00,11,17,11–17 h,6,GEFS | ICON-EU EPS,31,40,EXPERIMENTAL / NOT CALIBRATED,100.0,100.0,0.0,0.0,0.0,0.0,0.0,0.0,0.0,0.0,5991,Janjina,Janjina
6009,Lumbarda,Lumbarda,Lumbarda,2026-09-22,4,2026-09-18T00:00:00+00:00,24.6,23.8,24.2,100.0,0.0,0.0,0.0,0.0,below_30,Уобичајена температура,GREEN,100.0,2026-09-22T12:00:00+00:00,11,17,11–17 h,6,GEFS | ICON-EU EPS,31,40,EXPERIMENTAL / NOT CALIBRATED,100.0,100.0,0.0,0.0,0.0,0.0,0.0,0.0,0.0,0.0,6009,Lumbarda,Lumbarda
6017,Trpanj,Trpanj,Trpanj,2026-09-22,4,2026-09-18T00:00:00+00:00,24.6,23.4,24.0,100.0,0.0,0.0,0.0,0.0,below_30,Уобичајена температура,GREEN,100.0,2026-09-22T12:00:00+00:00,11,17,11–17 h,6,GEFS | ICON-EU EPS,31,40,EXPERIMENTAL / NOT CALIBRATED,100.0,100.0,0.0,0.0,0.0,0.0,0.0,0.0,0.0,0.0,6017,Trpanj,Trpanj
6025,Župa Dubrovačka,Župa Dubrovačka,Župa Dubrovačka,2026-09-22,4,2026-09-18T00:00:00+00:00,23.8,24.4,24.1,100.0,0.0,0.0,0.0,0.0,below_30,Уобичајена температура,GREEN,100.0,2026-09-22T12:00:00+00:00,11,17,11–17 h,6,GEFS | ICON-EU EPS,31,40,EXPERIMENTAL / NOT CALIBRATED,100.0,100.0,0.0,0.0,0.0,0.0,0.0,0.0,0.0,0.0,6025,Župa Dubrovačka,Župa Dubrovačka
6033,Dekanovec,Dekanovec,Dekanovec,2026-09-22,4,2026-09-18T00:00:00+00:00,19.5,19.6,19.5,100.0,0.0,0.0,0.0,0.0,below_30,Уобичајена температура,GREEN,100.0,2026-09-22T12:00:00+00:00,11,17,11–17 h,6,GEFS | ICON-EU EPS,31,40,EXPERIMENTAL / NOT CALIBRATED,100.0,100.0,0.0,0.0,0.0,0.0,0.0,0.0,0.0,0.0,6033,Dekanovec,Dekanovec
6041,Gornji Mihaljevec,Gornji Mihaljevec,Gornji Mihaljevec,2026-09-22,4,2026-09-18T00:00:00+00:00,19.1,19.3,19.2,100.0,0.0,0.0,0.0,0.0,below_30,Уобичајена температура,GREEN,100.0,2026-09-22T12:00:00+00:00,11,17,11–17 h,6,GEFS | ICON-EU EPS,31,40,EXPERIMENTAL / NOT CALIBRATED,100.0,100.0,0.0,0.0,0.0,0.0,0.0,0.0,0.0,0.0,6041,Gornji Mihaljevec,Gornji Mihaljevec
6050,Orehovica,Orehovica,Orehovica,2026-09-22,4,2026-09-18T00:00:00+00:00,19.5,19.4,19.4,100.0,0.0,0.0,0.0,0.0,below_30,Уобичајена температура,GREEN,100.0,2026-09-22T12:00:00+00:00,11,17,11–17 h,6,GEFS | ICON-EU EPS,31,40,EXPERIMENTAL / NOT CALIBRATED,100.0,100.0,0.0,0.0,0.0,0.0,0.0,0.0,0.0,0.0,6050,Orehovica,Orehovica
6068,Strahoninec,Strahoninec,Strahoninec,2026-09-22,4,2026-09-18T00:00:00+00:00,19.5,19.4,19.4,100.0,0.0,0.0,0.0,0.0,below_30,Уобичајена температура,GREEN,100.0,2026-09-22T12:00:00+00:00,11,17,11–17 h,6,GEFS | ICON-EU EPS,31,40,EXPERIMENTAL / NOT CALIBRATED,100.0,100.0,0.0,0.0,0.0,0.0,0.0,0.0,0.0,0.0,6068,Strahoninec,Strahoninec
6076,Sveta Marija,Sveta Marija,Sveta Marija,2026-09-22,4,2026-09-18T00:00:00+00:00,19.9,19.4,19.7,100.0,0.0,0.0,0.0,0.0,below_30,Уобичајена температура,GREEN,100.0,2026-09-22T12:00:00+00:00,11,17,11–17 h,6,GEFS | ICON-EU EPS,31,40,EXPERIMENTAL / NOT CALIBRATED,100.0,100.0,0.0,0.0,0.0,0.0,0.0,0.0,0.0,0.0,6076,Sveta Marija,Sveta Marija
6084,Šenkovec,Šenkovec,Šenkovec,2026-09-22,4,2026-09-18T00:00:00+00:00,19.5,19.0,19.2,100.0,0.0,0.0,0.0,0.0,below_30,Уобичајена температура,GREEN,100.0,2026-09-22T12:00:00+00:00,11,17,11–17 h,6,GEFS | ICON-EU EPS,31,40,EXPERIMENTAL / NOT CALIBRATED,100.0,100.0,0.0,0.0,0.0,0.0,0.0,0.0,0.0,0.0,6084,Šenkovec,Šenkovec
6092,Jagodnjak,Jagodnjak,Jagodnjak,2026-09-22,4,2026-09-18T00:00:00+00:00,20.6,19.6,20.1,100.0,0.0,0.0,0.0,0.0,below_30,Уобичајена температура,GREEN,100.0,2026-09-22T12:00:00+00:00,11,17,11–17 h,6,GEFS | ICON-EU EPS,31,40,EXPERIMENTAL / NOT CALIBRATED,100.0,100.0,0.0,0.0,0.0,0.0,0.0,0.0,0.0,0.0,6092,Jagodnjak,Jagodnjak
6106,Markušica,Markušica,Markušica,2026-09-22,4,2026-09-18T00:00:00+00:00,20.9,19.9,20.4,100.0,0.0,0.0,0.0,0.0,below_30,Уобичајена температура,GREEN,100.0,2026-09-22T12:00:00+00:00,11,17,11–17 h,6,GEFS | ICON-EU EPS,31,40,EXPERIMENTAL / NOT CALIBRATED,100.0,100.0,0.0,0.0,0.0,0.0,0.0,0.0,0.0,0.0,6106,Markušica,Markušica
6122,Negoslavci,Negoslavci,Negoslavci,2026-09-22,4,2026-09-18T00:00:00+00:00,20.8,19.5,20.2,100.0,0.0,0.0,0.0,0.0,below_30,Уобичајена температура,GREEN,100.0,2026-09-22T12:00:00+00:00,11,17,11–17 h,6,GEFS | ICON-EU EPS,31,40,EXPERIMENTAL / NOT CALIBRATED,100.0,100.0,0.0,0.0,0.0,0.0,0.0,0.0,0.0,0.0,6122,Negoslavci,Negoslavci
6149,Šodolovci,Šodolovci,Šodolovci,2026-09-22,4,2026-09-18T00:00:00+00:00,20.7,19.8,20.3,100.0,0.0,0.0,0.0,0.0,below_30,Уобичајена температура,GREEN,100.0,2026-09-22T12:00:00+00:00,11,17,11–17 h,6,GEFS | ICON-EU EPS,31,40,EXPERIMENTAL / NOT CALIBRATED,100.0,100.0,0.0,0.0,0.0,0.0,0.0,0.0,0.0,0.0,6149,Šodolovci,Šodolovci
6165,Podravske Sesvete,Podravske Sesvete,Podravske Sesvete,2026-09-22,4,2026-09-18T00:00:00+00:00,19.9,19.3,19.6,100.0,0.0,0.0,0.0,0.0,below_30,Уобичајена температура,GREEN,100.0,2026-09-22T12:00:00+00:00,11,17,11–17 h,6,GEFS | ICON-EU EPS,31,40,EXPERIMENTAL / NOT CALIBRATED,100.0,100.0,0.0,0.0,0.0,0.0,0.0,0.0,0.0,0.0,6165,Podravske Sesvete,Podravske Sesvete
6173,Murter - Kornati,Murter - Kornati,Murter - Kornati,2026-09-22,4,2026-09-18T00:00:00+00:00,23.6,22.9,23.3,100.0,0.0,0.0,0.0,0.0,below_30,Уобичајена температура,GREEN,100.0,2026-09-22T12:00:00+00:00,11,17,11–17 h,6,GEFS | ICON-EU EPS,31,40,EXPERIMENTAL / NOT CALIBRATED,100.0,100.0,0.0,0.0,0.0,0.0,0.0,0.0,0.0,0.0,6173,Murter - Kornati,Murter - Kornati
6181,Gornja Rijeka,Gornja Rijeka,Gornja Rijeka,2026-09-22,4,2026-09-18T00:00:00+00:00,20.2,19.3,19.8,100.0,0.0,0.0,0.0,0.0,below_30,Уобичајена температура,GREEN,100.0,2026-09-22T12:00:00+00:00,11,17,11–17 h,6,GEFS | ICON-EU EPS,31,40,EXPERIMENTAL / NOT CALIBRATED,100.0,100.0,0.0,0.0,0.0,0.0,0.0,0.0,0.0,0.0,6181,Gornja Rijeka,Gornja Rijeka
6190,Fažana - Fasana,Fažana - Fasana,Fažana - Fasana,2026-09-22,4,2026-09-18T00:00:00+00:00,22.5,22.4,22.5,100.0,0.0,0.0,0.0,0.0,below_30,Уобичајена температура,GREEN,100.0,2026-09-22T12:00:00+00:00,11,17,11–17 h,6,GEFS | ICON-EU EPS,31,40,EXPERIMENTAL / NOT CALIBRATED,100.0,100.0,0.0,0.0,0.0,0.0,0.0,0.0,0.0,0.0,6190,Fažana - Fasana,Fažana - Fasana
6203,Pribislavec,Pribislavec,Pribislavec,2026-09-22,4,2026-09-18T00:00:00+00:00,19.5,19.4,19.4,100.0,0.0,0.0,0.0,0.0,below_30,Уобичајена температура,GREEN,100.0,2026-09-22T12:00:00+00:00,11,17,11–17 h,6,GEFS | ICON-EU EPS,31,40,EXPERIMENTAL / NOT CALIBRATED,100.0,100.0,0.0,0.0,0.0,0.0,0.0,0.0,0.0,0.0,6203,Pribislavec,Pribislavec
6211,Bilice,Bilice,Bilice,2026-09-22,4,2026-09-18T00:00:00+00:00,24.2,23.6,23.9,100.0,0.0,0.0,0.0,0.0,below_30,Уобичајена температура,GREEN,100.0,2026-09-22T12:00:00+00:00,11,17,11–17 h,6,GEFS | ICON-EU EPS,31,40,EXPERIMENTAL / NOT CALIBRATED,100.0,100.0,0.0,0.0,0.0,0.0,0.0,0.0,0.0,0.0,6211,Bilice,Bilice
6220,Kolan,Kolan,Kolan,2026-09-22,4,2026-09-18T00:00:00+00:00,20.7,22.5,21.6,100.0,0.0,0.0,0.0,0.0,below_30,Уобичајена температура,GREEN,100.0,2026-09-22T12:00:00+00:00,11,17,11–17 h,6,GEFS | ICON-EU EPS,31,40,EXPERIMENTAL / NOT CALIBRATED,100.0,100.0,0.0,0.0,0.0,0.0,0.0,0.0,0.0,0.0,6220,Kolan,Kolan
6238,Kamanje,Kamanje,Kamanje,2026-09-22,4,2026-09-18T00:00:00+00:00,19.1,19.8,19.5,100.0,0.0,0.0,0.0,0.0,below_30,Уобичајена температура,GREEN,100.0,2026-09-22T12:00:00+00:00,11,17,11–17 h,6,GEFS | ICON-EU EPS,31,40,EXPERIMENTAL / NOT CALIBRATED,100.0,100.0,0.0,0.0,0.0,0.0,0.0,0.0,0.0,0.0,6238,Kamanje,Kamanje
6246,Lopar,Lopar,Lopar,2026-09-22,4,2026-09-18T00:00:00+00:00,20.9,22.6,21.7,100.0,0.0,0.0,0.0,0.0,below_30,Уобичајена температура,GREEN,100.0,2026-09-22T12:00:00+00:00,11,17,11–17 h,6,GEFS | ICON-EU EPS,31,40,EXPERIMENTAL / NOT CALIBRATED,100.0,100.0,0.0,0.0,0.0,0.0,0.0,0.0,0.0,0.0,6246,Lopar,Lopar
6254,Vrsi,Vrsi,Vrsi,2026-09-22,4,2026-09-18T00:00:00+00:00,22.0,23.6,22.8,100.0,0.0,0.0,0.0,0.0,below_30,Уобичајена температура,GREEN,100.0,2026-09-22T12:00:00+00:00,11,17,11–17 h,6,GEFS | ICON-EU EPS,31,40,EXPERIMENTAL / NOT CALIBRATED,100.0,100.0,0.0,0.0,0.0,0.0,0.0,0.0,0.0,0.0,6254,Vrsi,Vrsi
6262,Tribunj,Tribunj,Tribunj,2026-09-22,4,2026-09-18T00:00:00+00:00,24.1,23.6,23.9,100.0,0.0,0.0,0.0,0.0,below_30,Уобичајена температура,GREEN,100.0,2026-09-22T12:00:00+00:00,11,17,11–17 h,6,GEFS | ICON-EU EPS,31,40,EXPERIMENTAL / NOT CALIBRATED,100.0,100.0,0.0,0.0,0.0,0.0,0.0,0.0,0.0,0.0,6262,Tribunj,Tribunj
6289,Štitar,Štitar,Štitar,2026-09-22,4,2026-09-18T00:00:00+00:00,20.8,19.9,20.4,100.0,0.0,0.0,0.0,0.0,below_30,Уобичајена температура,GREEN,100.0,2026-09-22T12:00:00+00:00,11,17,11–17 h,6,GEFS | ICON-EU EPS,31,40,EXPERIMENTAL / NOT CALIBRATED,100.0,100.0,0.0,0.0,0.0,0.0,0.0,0.0,0.0,0.0,6289,Štitar,Štitar
6297,Funtana - Fontane,Funtana - Fontane,Funtana - Fontane,2026-09-22,4,2026-09-18T00:00:00+00:00,21.6,23.0,22.3,100.0,0.0,0.0,0.0,0.0,below_30,Уобичајена температура,GREEN,100.0,2026-09-22T12:00:00+00:00,11,17,11–17 h,6,GEFS | ICON-EU EPS,31,40,EXPERIMENTAL / NOT CALIBRATED,100.0,100.0,0.0,0.0,0.0,0.0,0.0,0.0,0.0,0.0,6297,Funtana - Fontane,Funtana - Fontane
6319,Tar-Vabriga - Torre-Abrega,Tar-Vabriga - Torre-Abrega,Tar-Vabriga - Torre-Abrega,2026-09-22,4,2026-09-18T00:00:00+00:00,21.6,23.5,22.6,100.0,0.0,0.0,0.0,0.0,below_30,Уобичајена температура,GREEN,100.0,2026-09-22T12:00:00+00:00,11,17,11–17 h,6,GEFS | ICON-EU EPS,31,40,EXPERIMENTAL / NOT CALIBRATED,100.0,100.0,0.0,0.0,0.0,0.0,0.0,0.0,0.0,0.0,6319,Tar-Vabriga - Torre-Abrega,Tar-Vabriga - Torre-Abrega
